<svg width="1280" height="1249" viewBox="0 0 1280 1249" fill="none" xmlns="http://www.w3.org/2000/svg">
<rect width="1280" height="1249" fill="#F8F8F8"/>
<rect width="1280" height="78" fill="white" fill-opacity="0.1"/>
<rect x="0.5" y="0.5" width="1279" height="77" stroke="#8E8E8E" stroke-opacity="0.18"/>
<path d="M1139 49.0465H1160V37.7016C1160 31.3805 1155.3 26.2558 1149.5 26.2558C1143.7 26.2558 1139 31.3805 1139 37.7016V49.0465ZM1149.5 23C1156.95 23 1163 29.5816 1163 37.7016V52.3023H1136V37.7016C1136 29.5816 1142.05 23 1149.5 23ZM1145.75 53.9302H1153.25C1153.25 55.0096 1152.85 56.0448 1152.15 56.808C1151.45 57.5712 1150.49 58 1149.5 58C1148.51 58 1147.55 57.5712 1146.85 56.808C1146.15 56.0448 1145.75 55.0096 1145.75 53.9302Z" fill="black"/>
<rect x="1151" y="22" width="12" height="12" rx="6" fill="#BA1A1A" stroke="white" stroke-width="2"/>
<mask id="path-5-inside-1_3768_757" fill="white">
<path fill-rule="evenodd" clip-rule="evenodd" d="M1220.5 33.3477C1218.89 33.3477 1217.34 33.9881 1216.2 35.1282C1215.06 36.2682 1214.42 37.8144 1214.42 39.4267C1214.42 41.0389 1215.06 42.5851 1216.2 43.7252C1217.34 44.8652 1218.89 45.5057 1220.5 45.5057C1222.11 45.5057 1223.66 44.8652 1224.8 43.7252C1225.94 42.5851 1226.58 41.0389 1226.58 39.4267C1226.58 37.8144 1225.94 36.2682 1224.8 35.1282C1223.66 33.9881 1222.11 33.3477 1220.5 33.3477ZM1216.85 39.4267C1216.85 38.4593 1217.24 37.5316 1217.92 36.8476C1218.6 36.1635 1219.53 35.7793 1220.5 35.7793C1221.47 35.7793 1222.39 36.1635 1223.08 36.8476C1223.76 37.5316 1224.15 38.4593 1224.15 39.4267C1224.15 40.394 1223.76 41.3217 1223.08 42.0058C1222.39 42.6898 1221.47 43.0741 1220.5 43.0741C1219.53 43.0741 1218.6 42.6898 1217.92 42.0058C1217.24 41.3217 1216.85 40.394 1216.85 39.4267Z"/>
</mask>
<path fill-rule="evenodd" clip-rule="evenodd" d="M1220.5 33.3477C1218.89 33.3477 1217.34 33.9881 1216.2 35.1282C1215.06 36.2682 1214.42 37.8144 1214.42 39.4267C1214.42 41.0389 1215.06 42.5851 1216.2 43.7252C1217.34 44.8652 1218.89 45.5057 1220.5 45.5057C1222.11 45.5057 1223.66 44.8652 1224.8 43.7252C1225.94 42.5851 1226.58 41.0389 1226.58 39.4267C1226.58 37.8144 1225.94 36.2682 1224.8 35.1282C1223.66 33.9881 1222.11 33.3477 1220.5 33.3477ZM1216.85 39.4267C1216.85 38.4593 1217.24 37.5316 1217.92 36.8476C1218.6 36.1635 1219.53 35.7793 1220.5 35.7793C1221.47 35.7793 1222.39 36.1635 1223.08 36.8476C1223.76 37.5316 1224.15 38.4593 1224.15 39.4267C1224.15 40.394 1223.76 41.3217 1223.08 42.0058C1222.39 42.6898 1221.47 43.0741 1220.5 43.0741C1219.53 43.0741 1218.6 42.6898 1217.92 42.0058C1217.24 41.3217 1216.85 40.394 1216.85 39.4267Z" fill="black"/>
<path d="M1220.5 45.5057V53.5057V45.5057ZM1220.5 33.3477V25.3477C1216.77 25.3477 1213.18 26.831 1210.54 29.4713L1216.2 35.1282L1221.86 40.785C1221.5 41.1453 1221.01 41.3477 1220.5 41.3477V33.3477ZM1216.2 35.1282L1210.54 29.4713C1207.9 32.1116 1206.42 35.6927 1206.42 39.4267H1214.42H1222.42C1222.42 39.9361 1222.22 40.4248 1221.86 40.785L1216.2 35.1282ZM1214.42 39.4267H1206.42C1206.42 43.1606 1207.9 46.7417 1210.54 49.382L1216.2 43.7252L1221.86 38.0683C1222.22 38.4286 1222.42 38.9172 1222.42 39.4267H1214.42ZM1216.2 43.7252L1210.54 49.382C1213.18 52.0223 1216.77 53.5057 1220.5 53.5057V45.5057V37.5057C1221.01 37.5057 1221.5 37.708 1221.86 38.0683L1216.2 43.7252ZM1220.5 45.5057V53.5057C1224.23 53.5057 1227.81 52.0223 1230.46 49.382L1224.8 43.7252L1219.14 38.0683C1219.5 37.708 1219.99 37.5057 1220.5 37.5057V45.5057ZM1224.8 43.7252L1230.46 49.382C1233.1 46.7417 1234.58 43.1606 1234.58 39.4267H1226.58H1218.58C1218.58 38.9172 1218.78 38.4286 1219.14 38.0683L1224.8 43.7252ZM1226.58 39.4267H1234.58C1234.58 35.6927 1233.1 32.1116 1230.46 29.4713L1224.8 35.1282L1219.14 40.785C1218.78 40.4248 1218.58 39.9361 1218.58 39.4267H1226.58ZM1224.8 35.1282L1230.46 29.4713C1227.81 26.831 1224.23 25.3477 1220.5 25.3477V33.3477V41.3477C1219.99 41.3477 1219.5 41.1453 1219.14 40.785L1224.8 35.1282ZM1216.85 39.4267H1224.85C1224.85 40.581 1224.39 41.6881 1223.58 42.5044L1217.92 36.8476L1212.26 31.1907C1210.08 33.375 1208.85 36.3376 1208.85 39.4267H1216.85ZM1217.92 36.8476L1223.58 42.5044C1222.76 43.3207 1221.65 43.7793 1220.5 43.7793V35.7793V27.7793C1217.41 27.7793 1214.45 29.0064 1212.26 31.1907L1217.92 36.8476ZM1220.5 35.7793V43.7793C1219.35 43.7793 1218.24 43.3207 1217.42 42.5044L1223.08 36.8476L1228.74 31.1907C1226.55 29.0064 1223.59 27.7793 1220.5 27.7793V35.7793ZM1223.08 36.8476L1217.42 42.5044C1216.61 41.6881 1216.15 40.581 1216.15 39.4267H1224.15H1232.15C1232.15 36.3376 1230.92 33.375 1228.74 31.1907L1223.08 36.8476ZM1224.15 39.4267H1216.15C1216.15 38.2723 1216.61 37.1652 1217.42 36.3489L1223.08 42.0058L1228.74 47.6626C1230.92 45.4783 1232.15 42.5157 1232.15 39.4267H1224.15ZM1223.08 42.0058L1217.42 36.3489C1218.24 35.5326 1219.35 35.0741 1220.5 35.0741V43.0741V51.0741C1223.59 51.0741 1226.55 49.8469 1228.74 47.6626L1223.08 42.0058ZM1220.5 43.0741V35.0741C1221.65 35.0741 1222.76 35.5326 1223.58 36.3489L1217.92 42.0058L1212.26 47.6626C1214.45 49.8469 1217.41 51.0741 1220.5 51.0741V43.0741ZM1217.92 42.0058L1223.58 36.3489C1224.39 37.1652 1224.85 38.2723 1224.85 39.4267H1216.85H1208.85C1208.85 42.5157 1210.08 45.4783 1212.26 47.6626L1217.92 42.0058Z" fill="black" mask="url(#path-5-inside-1_3768_757)"/>
<mask id="path-7-inside-2_3768_757" fill="white">
<path fill-rule="evenodd" clip-rule="evenodd" d="M1220.46 22C1219.74 22 1219.14 22 1218.64 22.0324C1218.14 22.0527 1217.64 22.1568 1217.17 22.3404C1216.63 22.5643 1216.14 22.8925 1215.73 23.3064C1215.31 23.7203 1214.98 24.2117 1214.76 24.7526C1214.52 25.3199 1214.46 25.9197 1214.44 26.5714C1214.43 26.8097 1214.37 27.0433 1214.25 27.2505C1214.13 27.4578 1213.97 27.6318 1213.76 27.7564C1213.55 27.8704 1213.32 27.9295 1213.08 27.928C1212.84 27.9266 1212.61 27.8648 1212.4 27.7483C1211.82 27.4435 1211.27 27.1988 1210.66 27.1177C1210.08 27.0414 1209.49 27.0801 1208.93 27.2317C1208.36 27.3833 1207.83 27.6447 1207.37 28.0012C1206.97 28.3164 1206.63 28.695 1206.37 29.1213C1206.09 29.5331 1205.79 30.0535 1205.43 30.6776L1205.39 30.7489C1205.03 31.373 1204.73 31.8934 1204.51 32.3375C1204.28 32.8012 1204.1 33.2583 1204.04 33.7641C1203.89 34.9361 1204.2 36.1215 1204.92 37.0597C1205.3 37.5476 1205.78 37.9027 1206.34 38.2496C1206.54 38.3713 1206.71 38.5431 1206.83 38.7489C1206.95 38.9548 1207.02 39.1879 1207.03 39.4265C1207.02 39.665 1206.95 39.8982 1206.83 40.104C1206.71 40.3098 1206.54 40.4816 1206.34 40.6034C1205.78 40.9503 1205.3 41.3053 1204.92 41.7932C1204.57 42.2576 1204.3 42.7877 1204.15 43.3532C1204 43.9186 1203.96 44.5084 1204.04 45.0888C1204.1 45.5946 1204.28 46.0518 1204.51 46.5154C1204.73 46.9596 1205.03 47.4799 1205.39 48.104L1205.43 48.1754C1205.79 48.7995 1206.09 49.3198 1206.37 49.7316C1206.65 50.1579 1206.96 50.5421 1207.37 50.8501C1207.83 51.2068 1208.36 51.4686 1208.93 51.6205C1209.49 51.7724 1210.08 51.8113 1210.66 51.7352C1211.27 51.6542 1211.82 51.411 1212.4 51.1046C1212.61 50.9884 1212.84 50.9268 1213.08 50.9253C1213.32 50.9239 1213.55 50.9828 1213.76 51.0965C1213.97 51.2196 1214.14 51.3932 1214.25 51.6007C1214.37 51.8082 1214.44 52.0426 1214.44 52.2815C1214.46 52.9332 1214.52 53.533 1214.76 54.1004C1214.99 54.6414 1215.31 55.133 1215.73 55.5472C1216.14 55.9613 1216.63 56.2899 1217.17 56.5141C1217.64 56.7086 1218.13 56.7848 1218.64 56.8189C1219.14 56.8529 1219.74 56.8529 1220.46 56.8529H1220.54C1221.26 56.8529 1221.86 56.8529 1222.36 56.8205C1222.87 56.7848 1223.36 56.7086 1223.83 56.5125C1224.37 56.2887 1224.86 55.9604 1225.27 55.5465C1225.69 55.1326 1226.02 54.6412 1226.24 54.1004C1226.48 53.533 1226.54 52.9332 1226.56 52.2815C1226.57 52.043 1226.63 51.809 1226.75 51.6015C1226.87 51.3939 1227.03 51.2196 1227.24 51.0949C1227.45 50.9811 1227.68 50.9224 1227.92 50.9241C1228.16 50.9258 1228.39 50.9879 1228.6 51.1046C1229.18 51.4094 1229.73 51.6542 1230.34 51.7336C1231.51 51.8882 1232.7 51.571 1233.63 50.8517C1234.04 50.5405 1234.35 50.1579 1234.63 49.7316C1234.91 49.3198 1235.21 48.7995 1235.57 48.1754L1235.61 48.104C1235.97 47.4799 1236.27 46.9596 1236.49 46.5154C1236.72 46.0518 1236.9 45.593 1236.96 45.0888C1237.11 43.9168 1236.8 42.7314 1236.08 41.7932C1235.7 41.3053 1235.22 40.9503 1234.66 40.6034C1234.46 40.4816 1234.29 40.3098 1234.17 40.104C1234.05 39.8982 1233.98 39.665 1233.97 39.4265C1233.97 38.9758 1234.22 38.5284 1234.66 38.2496C1235.22 37.9027 1235.7 37.5476 1236.08 37.0597C1236.43 36.5953 1236.7 36.0652 1236.85 35.4998C1237 34.9343 1237.04 34.3445 1236.96 33.7641C1236.89 33.2658 1236.73 32.7836 1236.49 32.3375C1236.21 31.799 1235.92 31.2692 1235.61 30.7489L1235.57 30.6776C1235.27 30.1492 1234.96 29.6302 1234.63 29.1213C1234.37 28.6956 1234.03 28.3176 1233.63 28.0028C1233.17 27.6461 1232.64 27.3843 1232.07 27.2324C1231.51 27.0806 1230.92 27.0416 1230.34 27.1177C1229.73 27.1988 1229.18 27.4419 1228.6 27.7483C1228.39 27.8645 1228.16 27.9262 1227.92 27.9276C1227.68 27.929 1227.45 27.8701 1227.24 27.7564C1227.04 27.6322 1226.87 27.4583 1226.75 27.2511C1226.63 27.0438 1226.57 26.81 1226.56 26.5714C1226.54 25.9197 1226.48 25.3199 1226.24 24.7526C1226.01 24.2115 1225.69 23.7199 1225.27 23.3057C1224.86 22.8916 1224.37 22.563 1223.83 22.3388C1223.36 22.1443 1222.87 22.0681 1222.36 22.034C1221.86 22 1221.26 22 1220.54 22H1220.46ZM1218.1 24.5856C1218.23 24.5337 1218.42 24.4867 1218.81 24.4592C1219.21 24.4316 1219.73 24.4316 1220.5 24.4316C1221.27 24.4316 1221.79 24.4316 1222.19 24.4592C1222.58 24.4867 1222.77 24.5337 1222.9 24.5856C1223.39 24.7915 1223.79 25.1854 1223.99 25.6831C1224.06 25.8387 1224.11 26.0835 1224.13 26.6622C1224.18 27.9461 1224.84 29.1829 1226.02 29.8622C1227.2 30.5414 1228.6 30.4976 1229.74 29.8978C1230.25 29.6271 1230.49 29.5509 1230.66 29.5299C1231.19 29.4595 1231.73 29.6035 1232.15 29.9303C1232.26 30.0129 1232.4 30.154 1232.62 30.4782C1232.84 30.8121 1233.1 31.2612 1233.49 31.929C1233.87 32.5969 1234.13 33.0476 1234.31 33.4074C1234.48 33.7592 1234.53 33.9473 1234.55 34.0818C1234.62 34.6144 1234.48 35.1532 1234.15 35.5797C1234.05 35.7142 1233.86 35.8828 1233.37 36.1908C1232.28 36.8749 1231.54 38.068 1231.54 39.4265C1231.54 40.7849 1232.28 41.978 1233.37 42.6621C1233.86 42.9701 1234.05 43.1387 1234.15 43.2733C1234.48 43.6996 1234.62 44.2378 1234.55 44.7711C1234.53 44.9057 1234.48 45.0953 1234.31 45.4455C1234.13 45.807 1233.87 46.256 1233.49 46.9239C1233.1 47.5918 1232.84 48.0408 1232.62 48.3747C1232.4 48.699 1232.26 48.84 1232.15 48.9227C1231.73 49.2494 1231.19 49.3934 1230.66 49.3231C1230.49 49.302 1230.25 49.2258 1229.74 48.9551C1228.6 48.3553 1227.2 48.3099 1226.02 48.9891C1224.84 49.6684 1224.18 50.9069 1224.13 52.1907C1224.11 52.7695 1224.06 53.0142 1223.99 53.1699C1223.89 53.4159 1223.74 53.6395 1223.55 53.8278C1223.37 54.0161 1223.14 54.1655 1222.9 54.2673C1222.77 54.3192 1222.58 54.3662 1222.19 54.3938C1221.79 54.4213 1221.27 54.4213 1220.5 54.4213C1219.73 54.4213 1219.21 54.4213 1218.81 54.3938C1218.42 54.3662 1218.23 54.3192 1218.1 54.2673C1217.86 54.1655 1217.63 54.0161 1217.45 53.8278C1217.26 53.6395 1217.11 53.4159 1217.01 53.1699C1216.94 53.0142 1216.89 52.7695 1216.87 52.1907C1216.82 50.9069 1216.16 49.67 1214.98 48.9908C1213.8 48.3115 1212.4 48.3553 1211.26 48.9551C1210.75 49.2258 1210.51 49.302 1210.34 49.3231C1209.81 49.3934 1209.27 49.2494 1208.85 48.9227C1208.74 48.84 1208.6 48.699 1208.38 48.3747C1208.08 47.9002 1207.79 47.4163 1207.51 46.9239C1207.13 46.256 1206.87 45.8054 1206.69 45.4455C1206.52 45.0937 1206.47 44.9057 1206.45 44.7711C1206.38 44.2385 1206.52 43.6997 1206.85 43.2733C1206.95 43.1387 1207.14 42.9701 1207.63 42.6621C1208.72 41.978 1209.46 40.7849 1209.46 39.4265C1209.46 38.068 1208.72 36.8749 1207.63 36.1908C1207.14 35.8828 1206.95 35.7142 1206.85 35.5797C1206.52 35.1532 1206.38 34.6144 1206.45 34.0818C1206.47 33.9473 1206.52 33.7576 1206.69 33.4074C1206.87 33.0459 1207.13 32.5969 1207.51 31.929C1207.9 31.2612 1208.16 30.8121 1208.38 30.4782C1208.6 30.154 1208.74 30.0129 1208.85 29.9303C1209.27 29.6035 1209.81 29.4595 1210.34 29.5299C1210.51 29.5509 1210.75 29.6271 1211.26 29.8978C1212.4 30.4976 1213.8 30.543 1214.98 29.8622C1216.16 29.1829 1216.82 27.9461 1216.87 26.6622C1216.89 26.0835 1216.94 25.8387 1217.01 25.6831C1217.21 25.1854 1217.61 24.7915 1218.1 24.5856Z"/>
</mask>
<path fill-rule="evenodd" clip-rule="evenodd" d="M1220.46 22C1219.74 22 1219.14 22 1218.64 22.0324C1218.14 22.0527 1217.64 22.1568 1217.17 22.3404C1216.63 22.5643 1216.14 22.8925 1215.73 23.3064C1215.31 23.7203 1214.98 24.2117 1214.76 24.7526C1214.52 25.3199 1214.46 25.9197 1214.44 26.5714C1214.43 26.8097 1214.37 27.0433 1214.25 27.2505C1214.13 27.4578 1213.97 27.6318 1213.76 27.7564C1213.55 27.8704 1213.32 27.9295 1213.08 27.928C1212.84 27.9266 1212.61 27.8648 1212.4 27.7483C1211.82 27.4435 1211.27 27.1988 1210.66 27.1177C1210.08 27.0414 1209.49 27.0801 1208.93 27.2317C1208.36 27.3833 1207.83 27.6447 1207.37 28.0012C1206.97 28.3164 1206.63 28.695 1206.37 29.1213C1206.09 29.5331 1205.79 30.0535 1205.43 30.6776L1205.39 30.7489C1205.03 31.373 1204.73 31.8934 1204.51 32.3375C1204.28 32.8012 1204.1 33.2583 1204.04 33.7641C1203.89 34.9361 1204.2 36.1215 1204.92 37.0597C1205.3 37.5476 1205.78 37.9027 1206.34 38.2496C1206.54 38.3713 1206.71 38.5431 1206.83 38.7489C1206.95 38.9548 1207.02 39.1879 1207.03 39.4265C1207.02 39.665 1206.95 39.8982 1206.83 40.104C1206.71 40.3098 1206.54 40.4816 1206.34 40.6034C1205.78 40.9503 1205.3 41.3053 1204.92 41.7932C1204.57 42.2576 1204.3 42.7877 1204.15 43.3532C1204 43.9186 1203.96 44.5084 1204.04 45.0888C1204.1 45.5946 1204.28 46.0518 1204.51 46.5154C1204.73 46.9596 1205.03 47.4799 1205.39 48.104L1205.43 48.1754C1205.79 48.7995 1206.09 49.3198 1206.37 49.7316C1206.65 50.1579 1206.96 50.5421 1207.37 50.8501C1207.83 51.2068 1208.36 51.4686 1208.93 51.6205C1209.49 51.7724 1210.08 51.8113 1210.66 51.7352C1211.27 51.6542 1211.82 51.411 1212.4 51.1046C1212.61 50.9884 1212.84 50.9268 1213.08 50.9253C1213.32 50.9239 1213.55 50.9828 1213.76 51.0965C1213.97 51.2196 1214.14 51.3932 1214.25 51.6007C1214.37 51.8082 1214.44 52.0426 1214.44 52.2815C1214.46 52.9332 1214.52 53.533 1214.76 54.1004C1214.99 54.6414 1215.31 55.133 1215.73 55.5472C1216.14 55.9613 1216.63 56.2899 1217.17 56.5141C1217.64 56.7086 1218.13 56.7848 1218.64 56.8189C1219.14 56.8529 1219.74 56.8529 1220.46 56.8529H1220.54C1221.26 56.8529 1221.86 56.8529 1222.36 56.8205C1222.87 56.7848 1223.36 56.7086 1223.83 56.5125C1224.37 56.2887 1224.86 55.9604 1225.27 55.5465C1225.69 55.1326 1226.02 54.6412 1226.24 54.1004C1226.48 53.533 1226.54 52.9332 1226.56 52.2815C1226.57 52.043 1226.63 51.809 1226.75 51.6015C1226.87 51.3939 1227.03 51.2196 1227.24 51.0949C1227.45 50.9811 1227.68 50.9224 1227.92 50.9241C1228.16 50.9258 1228.39 50.9879 1228.6 51.1046C1229.18 51.4094 1229.73 51.6542 1230.34 51.7336C1231.51 51.8882 1232.7 51.571 1233.63 50.8517C1234.04 50.5405 1234.35 50.1579 1234.63 49.7316C1234.91 49.3198 1235.21 48.7995 1235.57 48.1754L1235.61 48.104C1235.97 47.4799 1236.27 46.9596 1236.49 46.5154C1236.72 46.0518 1236.9 45.593 1236.96 45.0888C1237.11 43.9168 1236.8 42.7314 1236.08 41.7932C1235.7 41.3053 1235.22 40.9503 1234.66 40.6034C1234.46 40.4816 1234.29 40.3098 1234.17 40.104C1234.05 39.8982 1233.98 39.665 1233.97 39.4265C1233.97 38.9758 1234.22 38.5284 1234.66 38.2496C1235.22 37.9027 1235.7 37.5476 1236.08 37.0597C1236.43 36.5953 1236.7 36.0652 1236.85 35.4998C1237 34.9343 1237.04 34.3445 1236.96 33.7641C1236.89 33.2658 1236.73 32.7836 1236.49 32.3375C1236.21 31.799 1235.92 31.2692 1235.61 30.7489L1235.57 30.6776C1235.27 30.1492 1234.96 29.6302 1234.63 29.1213C1234.37 28.6956 1234.03 28.3176 1233.63 28.0028C1233.17 27.6461 1232.64 27.3843 1232.07 27.2324C1231.51 27.0806 1230.92 27.0416 1230.34 27.1177C1229.73 27.1988 1229.18 27.4419 1228.6 27.7483C1228.39 27.8645 1228.16 27.9262 1227.92 27.9276C1227.68 27.929 1227.45 27.8701 1227.24 27.7564C1227.04 27.6322 1226.87 27.4583 1226.75 27.2511C1226.63 27.0438 1226.57 26.81 1226.56 26.5714C1226.54 25.9197 1226.48 25.3199 1226.24 24.7526C1226.01 24.2115 1225.69 23.7199 1225.27 23.3057C1224.86 22.8916 1224.37 22.563 1223.83 22.3388C1223.36 22.1443 1222.87 22.0681 1222.36 22.034C1221.86 22 1221.26 22 1220.54 22H1220.46ZM1218.1 24.5856C1218.23 24.5337 1218.42 24.4867 1218.81 24.4592C1219.21 24.4316 1219.73 24.4316 1220.5 24.4316C1221.27 24.4316 1221.79 24.4316 1222.19 24.4592C1222.58 24.4867 1222.77 24.5337 1222.9 24.5856C1223.39 24.7915 1223.79 25.1854 1223.99 25.6831C1224.06 25.8387 1224.11 26.0835 1224.13 26.6622C1224.18 27.9461 1224.84 29.1829 1226.02 29.8622C1227.2 30.5414 1228.6 30.4976 1229.74 29.8978C1230.25 29.6271 1230.49 29.5509 1230.66 29.5299C1231.19 29.4595 1231.73 29.6035 1232.15 29.9303C1232.26 30.0129 1232.4 30.154 1232.62 30.4782C1232.84 30.8121 1233.1 31.2612 1233.49 31.929C1233.87 32.5969 1234.13 33.0476 1234.31 33.4074C1234.48 33.7592 1234.53 33.9473 1234.55 34.0818C1234.62 34.6144 1234.48 35.1532 1234.15 35.5797C1234.05 35.7142 1233.86 35.8828 1233.37 36.1908C1232.28 36.8749 1231.54 38.068 1231.54 39.4265C1231.54 40.7849 1232.28 41.978 1233.37 42.6621C1233.86 42.9701 1234.05 43.1387 1234.15 43.2733C1234.48 43.6996 1234.62 44.2378 1234.55 44.7711C1234.53 44.9057 1234.48 45.0953 1234.31 45.4455C1234.13 45.807 1233.87 46.256 1233.49 46.9239C1233.1 47.5918 1232.84 48.0408 1232.62 48.3747C1232.4 48.699 1232.26 48.84 1232.15 48.9227C1231.73 49.2494 1231.19 49.3934 1230.66 49.3231C1230.49 49.302 1230.25 49.2258 1229.74 48.9551C1228.6 48.3553 1227.2 48.3099 1226.02 48.9891C1224.84 49.6684 1224.18 50.9069 1224.13 52.1907C1224.11 52.7695 1224.06 53.0142 1223.99 53.1699C1223.89 53.4159 1223.74 53.6395 1223.55 53.8278C1223.37 54.0161 1223.14 54.1655 1222.9 54.2673C1222.77 54.3192 1222.58 54.3662 1222.19 54.3938C1221.79 54.4213 1221.27 54.4213 1220.5 54.4213C1219.73 54.4213 1219.21 54.4213 1218.81 54.3938C1218.42 54.3662 1218.23 54.3192 1218.1 54.2673C1217.86 54.1655 1217.63 54.0161 1217.45 53.8278C1217.26 53.6395 1217.11 53.4159 1217.01 53.1699C1216.94 53.0142 1216.89 52.7695 1216.87 52.1907C1216.82 50.9069 1216.16 49.67 1214.98 48.9908C1213.8 48.3115 1212.4 48.3553 1211.26 48.9551C1210.75 49.2258 1210.51 49.302 1210.34 49.3231C1209.81 49.3934 1209.27 49.2494 1208.85 48.9227C1208.74 48.84 1208.6 48.699 1208.38 48.3747C1208.08 47.9002 1207.79 47.4163 1207.51 46.9239C1207.13 46.256 1206.87 45.8054 1206.69 45.4455C1206.52 45.0937 1206.47 44.9057 1206.45 44.7711C1206.38 44.2385 1206.52 43.6997 1206.85 43.2733C1206.95 43.1387 1207.14 42.9701 1207.63 42.6621C1208.72 41.978 1209.46 40.7849 1209.46 39.4265C1209.46 38.068 1208.72 36.8749 1207.63 36.1908C1207.14 35.8828 1206.95 35.7142 1206.85 35.5797C1206.52 35.1532 1206.38 34.6144 1206.45 34.0818C1206.47 33.9473 1206.52 33.7576 1206.69 33.4074C1206.87 33.0459 1207.13 32.5969 1207.51 31.929C1207.9 31.2612 1208.16 30.8121 1208.38 30.4782C1208.6 30.154 1208.74 30.0129 1208.85 29.9303C1209.27 29.6035 1209.81 29.4595 1210.34 29.5299C1210.51 29.5509 1210.75 29.6271 1211.26 29.8978C1212.4 30.4976 1213.8 30.543 1214.98 29.8622C1216.16 29.1829 1216.82 27.9461 1216.87 26.6622C1216.89 26.0835 1216.94 25.8387 1217.01 25.6831C1217.21 25.1854 1217.61 24.7915 1218.1 24.5856Z" fill="black" stroke="black" stroke-width="16" mask="url(#path-7-inside-2_3768_757)"/>
<path d="M31.825 40L37.425 45.6L36 47L28 39L36 31L37.425 32.4L31.825 38H44V40H31.825Z" fill="#1C1B1B"/>
<path d="M219.98 164V141.65H228.53C230.07 141.65 231.435 141.92 232.625 142.46C233.815 143 234.75 143.8 235.43 144.86C236.11 145.92 236.45 147.23 236.45 148.79C236.45 150.31 236.1 151.605 235.4 152.675C234.7 153.745 233.76 154.55 232.58 155.09L237.68 164H232.46L226.94 154.13L229.94 155.9H224.63V164H219.98ZM224.63 151.85H228.56C229.22 151.85 229.79 151.72 230.27 151.46C230.75 151.2 231.125 150.84 231.395 150.38C231.665 149.92 231.8 149.39 231.8 148.79C231.8 148.17 231.665 147.63 231.395 147.17C231.125 146.71 230.75 146.35 230.27 146.09C229.79 145.83 229.22 145.7 228.56 145.7H224.63V151.85ZM245.9 164.36C244.16 164.36 242.65 163.975 241.37 163.205C240.09 162.435 239.1 161.4 238.4 160.1C237.7 158.8 237.35 157.36 237.35 155.78C237.35 154.14 237.715 152.68 238.445 151.4C239.175 150.12 240.16 149.11 241.4 148.37C242.64 147.63 244.04 147.26 245.6 147.26C246.9 147.26 248.05 147.465 249.05 147.875C250.05 148.285 250.895 148.86 251.585 149.6C252.275 150.34 252.8 151.195 253.16 152.165C253.52 153.135 253.7 154.19 253.7 155.33C253.7 155.65 253.685 155.965 253.655 156.275C253.625 156.585 253.57 156.85 253.49 157.07H241.22V153.77H250.94L248.81 155.33C249.01 154.47 249 153.705 248.78 153.035C248.56 152.365 248.175 151.835 247.625 151.445C247.075 151.055 246.4 150.86 245.6 150.86C244.82 150.86 244.15 151.05 243.59 151.43C243.03 151.81 242.61 152.37 242.33 153.11C242.05 153.85 241.94 154.75 242 155.81C241.92 156.73 242.03 157.54 242.33 158.24C242.63 158.94 243.09 159.485 243.71 159.875C244.33 160.265 245.08 160.46 245.96 160.46C246.76 160.46 247.445 160.3 248.015 159.98C248.585 159.66 249.03 159.22 249.35 158.66L252.95 160.37C252.63 161.17 252.125 161.87 251.435 162.47C250.745 163.07 249.93 163.535 248.99 163.865C248.05 164.195 247.02 164.36 245.9 164.36ZM263.63 164.36C261.99 164.36 260.515 163.985 259.205 163.235C257.895 162.485 256.855 161.46 256.085 160.16C255.315 158.86 254.93 157.4 254.93 155.78C254.93 154.16 255.31 152.705 256.07 151.415C256.83 150.125 257.87 149.11 259.19 148.37C260.51 147.63 261.99 147.26 263.63 147.26C264.85 147.26 265.98 147.47 267.02 147.89C268.06 148.31 268.95 148.895 269.69 149.645C270.43 150.395 270.96 151.28 271.28 152.3L267.38 153.98C267.1 153.16 266.625 152.51 265.955 152.03C265.285 151.55 264.51 151.31 263.63 151.31C262.85 151.31 262.155 151.5 261.545 151.88C260.935 152.26 260.455 152.79 260.105 153.47C259.755 154.15 259.58 154.93 259.58 155.81C259.58 156.69 259.755 157.47 260.105 158.15C260.455 158.83 260.935 159.36 261.545 159.74C262.155 160.12 262.85 160.31 263.63 160.31C264.53 160.31 265.31 160.07 265.97 159.59C266.63 159.11 267.1 158.46 267.38 157.64L271.28 159.35C270.98 160.31 270.46 161.17 269.72 161.93C268.98 162.69 268.09 163.285 267.05 163.715C266.01 164.145 264.87 164.36 263.63 164.36ZM279.05 164.36C277.73 164.36 276.605 164.075 275.675 163.505C274.745 162.935 274.04 162.14 273.56 161.12C273.08 160.1 272.84 158.91 272.84 157.55V147.62H277.34V157.19C277.34 157.81 277.465 158.355 277.715 158.825C277.965 159.295 278.32 159.66 278.78 159.92C279.24 160.18 279.76 160.31 280.34 160.31C280.94 160.31 281.465 160.18 281.915 159.92C282.365 159.66 282.715 159.295 282.965 158.825C283.215 158.355 283.34 157.81 283.34 157.19V147.62H287.84V164H283.64V160.76L283.88 161.48C283.5 162.46 282.885 163.185 282.035 163.655C281.185 164.125 280.19 164.36 279.05 164.36ZM290.39 164V147.62H294.59V151.55L294.29 150.98C294.65 149.6 295.245 148.665 296.075 148.175C296.905 147.685 297.89 147.44 299.03 147.44H299.99V151.34H298.58C297.48 151.34 296.59 151.675 295.91 152.345C295.23 153.015 294.89 153.96 294.89 155.18V164H290.39ZM301.22 164V147.62H305.42V151.55L305.12 150.98C305.48 149.6 306.075 148.665 306.905 148.175C307.735 147.685 308.72 147.44 309.86 147.44H310.82V151.34H309.41C308.31 151.34 307.42 151.675 306.74 152.345C306.06 153.015 305.72 153.96 305.72 155.18V164H301.22ZM312.05 164V147.62H316.55V164H312.05ZM312.05 146.15V141.65H316.55V146.15H312.05ZM319.1 164V147.62H323.3V150.86L323.06 150.14C323.44 149.16 324.055 148.435 324.905 147.965C325.755 147.495 326.75 147.26 327.89 147.26C329.13 147.26 330.215 147.52 331.145 148.04C332.075 148.56 332.8 149.285 333.32 150.215C333.84 151.145 334.1 152.233 334.1 153.479V164H329.6V154.43C329.6 153.79 329.475 153.24 329.225 152.78C328.975 152.32 328.624 151.96 328.172 151.7C327.72 151.44 327.2 151.31 326.612 151.31C326.024 151.31 325.5 151.44 325.04 151.7C324.58 151.96 324.225 152.32 323.975 152.78C323.725 153.24 323.6 153.79 323.6 154.43V164H319.1ZM344.36 170.6C343.1 170.6 341.93 170.39 340.85 169.97C339.77 169.55 338.845 168.965 338.075 168.215C337.305 167.465 336.75 166.58 336.41 165.56L340.58 164.09C340.8 164.85 341.25 165.45 341.93 165.89C342.61 166.33 343.42 166.55 344.36 166.55C345.1 166.55 345.74 166.415 346.28 166.145C346.82 165.875 347.235 165.48 347.525 164.96C347.815 164.44 347.96 163.83 347.96 163.13V159.38L348.83 160.46C348.27 161.38 347.55 162.065 346.67 162.515C345.79 162.965 344.76 163.19 343.58 163.19C342.06 163.19 340.7 162.845 339.5 162.155C338.3 161.465 337.36 160.515 336.68 159.305C336 158.095 335.66 156.72 335.66 155.18C335.66 153.64 336 152.275 336.68 151.085C337.36 149.895 338.29 148.96 339.47 148.28C340.65 147.6 341.99 147.26 343.49 147.26C344.67 147.26 345.7 147.495 346.58 147.965C347.46 148.435 348.21 149.15 348.83 150.11L348.26 151.19V147.62H352.46V163.13C352.46 164.57 352.11 165.855 351.41 166.985C350.71 168.115 349.755 169 348.545 169.64C347.335 170.28 345.94 170.6 344.36 170.6ZM344.21 159.11C344.97 159.11 345.63 158.95 346.19 158.63C346.75 158.31 347.185 157.86 347.495 157.28C347.805 156.7 347.96 156.02 347.96 155.24C347.96 154.46 347.8 153.775 347.48 153.185C347.16 152.595 346.72 152.135 346.16 151.805C345.6 151.475 344.95 151.31 344.21 151.31C343.45 151.31 342.775 151.475 342.185 151.805C341.595 152.135 341.135 152.595 340.805 153.185C340.475 153.775 340.31 154.46 340.31 155.24C340.31 156 340.475 156.67 340.805 157.25C341.135 157.83 341.595 158.285 342.185 158.615C342.775 158.945 343.45 159.11 344.21 159.11ZM359.99 164V141.65H368.57C370.11 141.65 371.475 141.92 372.665 142.46C373.855 143 374.79 143.8 375.47 144.86C376.15 145.92 376.49 147.23 376.49 148.79C376.49 150.31 376.145 151.6 375.455 152.66C374.765 153.72 373.825 154.525 372.635 155.075C371.445 155.625 370.09 155.9 368.57 155.9H364.64V164H359.99ZM364.64 151.85H368.6C369.26 151.85 369.83 151.72 370.31 151.46C370.79 151.2 371.165 150.84 371.435 150.38C371.705 149.92 371.84 149.39 371.84 148.79C371.84 148.17 371.705 147.63 371.435 147.17C371.165 146.71 370.79 146.35 370.31 146.09C369.83 145.83 369.26 145.7 368.6 145.7H364.64V151.85ZM382.55 164.36C381.37 164.36 380.35 164.17 379.49 163.79C378.63 163.41 377.97 162.865 377.51 162.155C377.05 161.445 376.82 160.6 376.82 159.62C376.82 158.7 377.03 157.885 377.45 157.175C377.87 156.465 378.515 155.87 379.385 155.39C380.255 154.91 381.34 154.57 382.64 154.37L387.65 153.56V156.86L383.45 157.61C382.81 157.73 382.32 157.935 381.98 158.225C381.64 158.515 381.47 158.93 381.47 159.47C381.47 159.97 381.66 160.36 382.04 160.64C382.42 160.92 382.89 161.06 383.45 161.06C384.19 161.06 384.84 160.9 385.4 160.58C385.96 160.26 386.395 159.825 386.705 159.275C387.015 158.725 387.17 158.12 387.17 157.46V153.2C387.17 152.58 386.925 152.06 386.435 151.64C385.945 151.22 385.28 151.01 384.44 151.01C383.64 151.01 382.935 151.23 382.325 151.67C381.715 152.11 381.27 152.69 380.99 153.41L377.39 151.7C377.71 150.78 378.22 149.99 378.92 149.33C379.62 148.67 380.46 148.16 381.44 147.8C382.42 147.44 383.49 147.26 384.65 147.26C386.03 147.26 387.25 147.51 388.31 148.01C389.37 148.51 390.195 149.205 390.785 150.095C391.375 150.985 391.67 152.02 391.67 153.2V164H387.47V161.36L388.49 161.18C388.01 161.9 387.48 162.495 386.9 162.965C386.32 163.435 385.67 163.785 384.95 164.015C384.23 164.245 383.43 164.36 382.55 164.36ZM396.77 170.6C396.29 170.6 395.825 170.56 395.375 170.48C394.925 170.4 394.53 170.27 394.19 170.09V166.4C394.47 166.48 394.8 166.55 395.18 166.61C395.56 166.67 395.91 166.7 396.23 166.7C397.11 166.7 397.74 166.495 398.12 166.085C398.5 165.675 398.81 165.21 399.05 164.69L400.16 162.14L400.1 165.89L392.9 147.62H397.73L402.5 160.61H400.7L405.47 147.62H410.3L403.28 165.53C402.84 166.65 402.3 167.59 401.66 168.35C401.02 169.11 400.295 169.675 399.485 170.045C398.675 170.415 397.77 170.6 396.77 170.6ZM411.53 164V147.62H415.73V151.61L415.28 150.95C415.52 149.69 416.1 148.76 417.02 148.16C417.94 147.56 419.04 147.26 420.32 147.26C421.68 147.26 422.875 147.605 423.905 148.295C424.935 148.985 425.58 149.91 425.84 151.07L424.55 151.19C425.09 149.85 425.86 148.86 426.86 148.22C427.86 147.58 429.03 147.26 430.37 147.26C431.55 147.26 432.595 147.52 433.505 148.04C434.415 148.56 435.13 149.285 435.65 150.215C436.17 151.145 436.43 152.23 436.43 153.47V164H431.93V154.43C431.93 153.79 431.815 153.24 431.585 152.78C431.355 152.32 431.03 151.96 430.61 151.7C430.19 151.44 429.68 151.31 429.08 151.31C428.5 151.31 427.995 151.44 427.565 151.7C427.135 151.96 426.805 152.32 426.575 152.78C426.345 153.24 426.23 153.79 426.23 154.43V164H421.73V154.43C421.73 153.79 421.615 153.24 421.385 152.78C421.155 152.32 420.83 151.96 420.41 151.7C419.99 151.44 419.48 151.31 418.88 151.31C418.3 151.31 417.795 151.44 417.365 151.7C416.935 151.96 416.605 152.32 416.375 152.78C416.145 153.24 416.03 153.79 416.03 154.43V164H411.53ZM446.54 164.36C444.8 164.36 443.29 163.975 442.01 163.205C440.73 162.435 439.74 161.4 439.04 160.1C438.34 158.8 437.99 157.36 437.99 155.78C437.99 154.14 438.355 152.68 439.085 151.4C439.815 150.12 440.8 149.11 442.04 148.37C443.28 147.63 444.68 147.26 446.24 147.26C447.54 147.26 448.69 147.465 449.69 147.875C450.69 148.285 451.535 148.86 452.225 149.6C452.915 150.34 453.44 151.195 453.8 152.165C454.16 153.135 454.34 154.19 454.34 155.33C454.34 155.65 454.325 155.965 454.295 156.275C454.265 156.585 454.21 156.85 454.13 157.07H441.86V153.77H451.58L449.45 155.33C449.65 154.47 449.64 153.705 449.42 153.035C449.2 152.365 448.815 151.835 448.265 151.445C447.715 151.055 447.04 150.86 446.24 150.86C445.46 150.86 444.79 151.05 444.23 151.43C443.67 151.81 443.25 152.37 442.97 153.11C442.69 153.85 442.58 154.75 442.64 155.81C442.56 156.73 442.67 157.54 442.97 158.24C443.27 158.94 443.73 159.485 444.35 159.875C444.97 160.265 445.72 160.46 446.6 160.46C447.4 160.46 448.085 160.3 448.655 159.98C449.225 159.66 449.67 159.22 449.99 158.66L453.59 160.37C453.27 161.17 452.765 161.87 452.075 162.47C451.385 163.07 450.57 163.535 449.63 163.865C448.69 164.195 447.66 164.36 446.54 164.36ZM456.23 164V147.62H460.43V150.86L460.19 150.14C460.57 149.16 461.185 148.435 462.035 147.965C462.885 147.495 463.88 147.26 465.02 147.26C466.26 147.26 467.345 147.52 468.275 148.04C469.205 148.56 469.93 149.285 470.45 150.215C470.97 151.145 471.23 152.233 471.23 153.479V164H466.73V154.43C466.73 153.79 466.605 153.24 466.355 152.78C466.105 152.32 465.754 151.96 465.302 151.7C464.85 151.44 464.33 151.31 463.742 151.31C463.154 151.31 462.63 151.44 462.17 151.7C461.71 151.96 461.355 152.32 461.105 152.78C460.855 153.24 460.73 153.79 460.73 154.43V164H456.23ZM481.34 164.18C479.36 164.18 477.825 163.645 476.735 162.575C475.645 161.505 475.1 160.01 475.1 158.09V151.52H472.34V147.62H472.49C473.33 147.62 473.975 147.41 474.425 146.99C474.875 146.57 475.1 145.94 475.1 145.1V143.9H479.6V147.62H483.44V151.52H479.6V157.79C479.6 158.35 479.7 158.815 479.9 159.185C480.1 159.555 480.41 159.83 480.83 160.01C481.25 160.19 481.77 160.28 482.39 160.28C482.53 160.28 482.69 160.27 482.87 160.25C483.05 160.23 483.24 160.21 483.44 160.19V164C483.14 164.04 482.8 164.08 482.42 164.12C482.04 164.16 481.68 164.18 481.34 164.18ZM491.75 164.36C489.95 164.36 488.385 163.935 487.055 163.085C485.725 162.235 484.82 161.09 484.34 159.65L487.64 158.09C488.06 158.97 488.63 159.66 489.35 160.16C490.07 160.66 490.87 160.91 491.75 160.91C492.39 160.91 492.88 160.78 493.22 160.52C493.56 160.26 493.73 159.9 493.73 159.44C493.73 159.2 493.67 158.995 493.55 158.825C493.43 158.655 493.25 158.5 493.01 158.36C492.77 158.22 492.47 158.1 492.11 158L489.32 157.22C487.98 156.84 486.95 156.225 486.23 155.375C485.51 154.525 485.15 153.52 485.15 152.36C485.15 151.34 485.41 150.45 485.93 149.69C486.45 148.93 487.18 148.335 488.12 147.905C489.06 147.475 490.14 147.26 491.36 147.26C492.96 147.26 494.365 147.635 495.575 148.385C496.785 149.135 497.64 150.19 498.14 151.55L494.81 153.11C494.57 152.43 494.135 151.885 493.505 151.475C492.875 151.065 492.16 150.86 491.36 150.86C490.78 150.86 490.325 150.98 489.995 151.22C489.665 151.46 489.5 151.79 489.5 152.21C489.5 152.43 489.56 152.63 489.68 152.81C489.8 152.99 489.995 153.15 490.265 153.29C490.535 153.43 490.87 153.56 491.27 153.68L493.88 154.46C495.24 154.86 496.28 155.465 497 156.275C497.72 157.085 498.08 158.08 498.08 159.26C498.08 160.28 497.815 161.17 497.285 161.93C496.755 162.69 496.02 163.285 495.08 163.715C494.14 164.145 493.03 164.36 491.75 164.36Z" fill="#1C1B1B"/>
<path d="M218.98 189V178.92H220.114L223.922 186.949L227.709 178.92H228.857V188.993H227.674V181.657L224.251 189H223.586L220.163 181.657V189H218.98ZM232.966 189.21C232.401 189.21 231.928 189.107 231.547 188.9C231.165 188.694 230.878 188.42 230.686 188.078C230.493 187.736 230.397 187.362 230.397 186.956C230.397 186.559 230.472 186.216 230.623 185.925C230.773 185.635 230.987 185.392 231.263 185.197C231.54 185.002 231.869 184.849 232.252 184.737C232.611 184.641 233.013 184.557 233.458 184.483C233.902 184.41 234.353 184.343 234.81 184.284C235.268 184.224 235.696 184.165 236.095 184.107L235.647 184.366C235.659 183.696 235.524 183.2 235.243 182.877C234.962 182.554 234.476 182.392 233.785 182.392C233.328 182.392 232.927 182.496 232.583 182.705C232.239 182.914 231.998 183.251 231.86 183.715L230.677 183.358C230.857 182.695 231.208 182.175 231.732 181.797C232.256 181.419 232.945 181.23 233.799 181.23C234.483 181.23 235.071 181.352 235.563 181.597C236.055 181.843 236.41 182.212 236.627 182.707C236.734 182.94 236.802 183.194 236.83 183.467C236.858 183.74 236.872 184.025 236.872 184.324V189H235.766V187.187L236.025 187.355C235.74 187.969 235.342 188.431 234.83 188.743C234.318 189.054 233.696 189.21 232.966 189.21ZM233.155 188.167C233.603 188.167 233.991 188.087 234.32 187.927C234.65 187.767 234.914 187.555 235.115 187.29C235.316 187.025 235.446 186.737 235.507 186.424C235.575 186.191 235.613 185.931 235.621 185.645C235.629 185.359 235.633 185.138 235.633 184.982L236.067 185.171C235.661 185.229 235.261 185.284 234.868 185.335C234.475 185.387 234.103 185.441 233.753 185.498C233.403 185.555 233.09 185.624 232.812 185.703C232.604 185.768 232.411 185.853 232.233 185.957C232.054 186.061 231.91 186.193 231.8 186.354C231.691 186.515 231.636 186.713 231.636 186.949C231.636 187.157 231.688 187.353 231.792 187.539C231.896 187.724 232.059 187.875 232.282 187.992C232.505 188.109 232.796 188.167 233.155 188.167ZM244.075 189V185.213C244.075 184.856 244.043 184.512 243.979 184.181C243.915 183.849 243.804 183.551 243.648 183.286C243.492 183.021 243.282 182.812 243.018 182.658C242.754 182.504 242.423 182.427 242.024 182.427C241.711 182.427 241.427 182.48 241.172 182.586C240.916 182.692 240.697 182.852 240.515 183.066C240.333 183.279 240.193 183.548 240.094 183.872C239.995 184.197 239.945 184.578 239.945 185.017L239.126 184.765C239.126 184.035 239.258 183.406 239.521 182.88C239.785 182.354 240.156 181.95 240.634 181.667C241.113 181.385 241.676 181.244 242.325 181.244C242.813 181.244 243.23 181.321 243.576 181.475C243.923 181.629 244.21 181.834 244.439 182.089C244.668 182.345 244.847 182.629 244.978 182.943C245.109 183.257 245.201 183.577 245.254 183.902C245.308 184.228 245.335 184.534 245.335 184.821V189H244.075ZM238.685 189V181.44H239.805V183.463H239.945V189H238.685ZM249.304 189.21C248.739 189.21 248.266 189.107 247.885 188.9C247.503 188.694 247.216 188.42 247.024 188.078C246.831 187.736 246.735 187.362 246.735 186.956C246.735 186.559 246.81 186.216 246.961 185.925C247.111 185.635 247.325 185.392 247.601 185.197C247.878 185.002 248.207 184.849 248.59 184.737C248.949 184.641 249.351 184.557 249.796 184.483C250.24 184.41 250.691 184.343 251.148 184.284C251.606 184.224 252.034 184.165 252.433 184.107L251.985 184.366C251.997 183.696 251.862 183.2 251.581 182.877C251.3 182.554 250.814 182.392 250.123 182.392C249.666 182.392 249.265 182.496 248.921 182.705C248.577 182.914 248.336 183.251 248.198 183.715L247.015 183.358C247.195 182.695 247.546 182.175 248.07 181.797C248.594 181.419 249.283 181.23 250.137 181.23C250.821 181.23 251.409 181.352 251.901 181.597C252.393 181.843 252.748 182.212 252.965 182.707C253.072 182.94 253.14 183.194 253.168 183.467C253.196 183.74 253.21 184.025 253.21 184.324V189H252.104V187.187L252.363 187.355C252.078 187.969 251.68 188.431 251.168 188.743C250.656 189.054 250.034 189.21 249.304 189.21ZM249.493 188.167C249.941 188.167 250.329 188.087 250.658 187.927C250.987 187.767 251.252 187.555 251.453 187.29C251.654 187.025 251.784 186.737 251.845 186.424C251.913 186.191 251.951 185.931 251.959 185.645C251.967 185.359 251.971 185.138 251.971 184.982L252.405 185.171C251.999 185.229 251.599 185.284 251.206 185.335C250.813 185.387 250.441 185.441 250.091 185.498C249.741 185.555 249.428 185.624 249.15 185.703C248.942 185.768 248.749 185.853 248.571 185.957C248.392 186.061 248.248 186.193 248.138 186.354C248.029 186.515 247.974 186.713 247.974 186.949C247.974 187.157 248.026 187.353 248.13 187.539C248.234 187.724 248.397 187.875 248.62 187.992C248.843 188.109 249.134 188.167 249.493 188.167ZM258.089 192.57C257.692 192.57 257.305 192.51 256.927 192.39C256.549 192.27 256.202 192.087 255.887 191.842C255.572 191.597 255.31 191.287 255.1 190.911L256.241 190.309C256.428 190.68 256.692 190.949 257.034 191.116C257.376 191.283 257.73 191.366 258.096 191.366C258.577 191.366 258.975 191.279 259.291 191.104C259.607 190.929 259.842 190.668 259.995 190.323C260.148 189.978 260.222 189.548 260.217 189.035V186.97H260.364V181.44H261.47V189.049C261.47 189.257 261.464 189.456 261.451 189.646C261.438 189.836 261.414 190.024 261.379 190.211C261.281 190.748 261.087 191.19 260.798 191.538C260.509 191.885 260.135 192.144 259.678 192.315C259.221 192.485 258.691 192.57 258.089 192.57ZM257.998 189.21C257.293 189.21 256.688 189.034 256.183 188.683C255.678 188.332 255.29 187.855 255.018 187.252C254.746 186.649 254.61 185.969 254.61 185.213C254.61 184.457 254.746 183.779 255.018 183.178C255.29 182.577 255.678 182.102 256.183 181.753C256.688 181.404 257.291 181.23 257.991 181.23C258.703 181.23 259.302 181.403 259.788 181.75C260.275 182.096 260.643 182.57 260.892 183.171C261.142 183.772 261.267 184.452 261.267 185.213C261.267 185.967 261.142 186.645 260.892 187.248C260.643 187.851 260.275 188.329 259.79 188.682C259.305 189.034 258.707 189.21 257.998 189.21ZM258.152 188.069C258.661 188.069 259.078 187.947 259.405 187.702C259.732 187.456 259.973 187.119 260.129 186.688C260.286 186.258 260.364 185.766 260.364 185.213C260.364 184.655 260.285 184.162 260.128 183.734C259.97 183.306 259.73 182.972 259.408 182.731C259.086 182.491 258.679 182.371 258.187 182.371C257.674 182.371 257.25 182.497 256.916 182.749C256.583 183.001 256.335 183.342 256.174 183.771C256.013 184.2 255.933 184.681 255.933 185.213C255.933 185.75 256.015 186.234 256.178 186.666C256.341 187.097 256.587 187.439 256.915 187.691C257.243 187.943 257.655 188.069 258.152 188.069ZM266.706 189.21C265.962 189.21 265.313 189.046 264.76 188.718C264.207 188.39 263.777 187.931 263.47 187.339C263.163 186.748 263.01 186.058 263.01 185.269C263.01 184.443 263.161 183.728 263.463 183.123C263.765 182.519 264.189 182.053 264.734 181.724C265.279 181.394 265.917 181.23 266.65 181.23C267.408 181.23 268.055 181.405 268.589 181.755C269.123 182.105 269.525 182.604 269.795 183.253C270.064 183.902 270.179 184.674 270.14 185.57H268.883V185.122C268.869 184.193 268.68 183.499 268.316 183.04C267.952 182.58 267.411 182.35 266.692 182.35C265.92 182.35 265.333 182.597 264.933 183.092C264.533 183.587 264.333 184.296 264.333 185.22C264.333 186.111 264.533 186.802 264.933 187.292C265.333 187.782 265.906 188.027 266.65 188.027C267.149 188.027 267.583 187.913 267.952 187.684C268.321 187.455 268.61 187.126 268.82 186.697L270.017 187.11C269.721 187.777 269.278 188.294 268.689 188.66C268.1 189.027 267.439 189.21 266.706 189.21ZM263.913 185.57V184.569H269.499V185.57H263.913ZM275.547 192.36L277.01 188.384L277.031 189.56L273.727 181.44H275.036L277.626 187.971H277.178L279.607 181.44H280.874L276.758 192.36H275.547ZM284.969 189.21C284.215 189.21 283.567 189.04 283.023 188.699C282.479 188.358 282.061 187.888 281.768 187.287C281.475 186.686 281.329 185.995 281.329 185.213C281.329 184.422 281.478 183.727 281.777 183.129C282.076 182.53 282.497 182.064 283.042 181.731C283.587 181.397 284.229 181.23 284.969 181.23C285.725 181.23 286.375 181.4 286.92 181.739C287.465 182.079 287.884 182.548 288.177 183.146C288.47 183.745 288.616 184.434 288.616 185.213C288.616 186.004 288.468 186.699 288.173 187.299C287.878 187.899 287.458 188.367 286.912 188.704C286.366 189.041 285.718 189.21 284.969 189.21ZM284.969 188.027C285.751 188.027 286.333 187.766 286.717 187.243C287.101 186.72 287.293 186.044 287.293 185.213C287.293 184.361 287.099 183.682 286.712 183.174C286.325 182.667 285.744 182.413 284.969 182.413C284.442 182.413 284.007 182.532 283.665 182.77C283.323 183.008 283.069 183.337 282.902 183.757C282.735 184.177 282.652 184.662 282.652 185.213C282.652 186.065 282.848 186.747 283.24 187.259C283.632 187.771 284.208 188.027 284.969 188.027ZM293.026 189.196C292.538 189.196 292.121 189.119 291.775 188.965C291.428 188.811 291.141 188.606 290.912 188.351C290.683 188.095 290.504 187.811 290.373 187.497C290.242 187.183 290.15 186.863 290.097 186.538C290.043 186.212 290.016 185.906 290.016 185.619V181.44H291.276V185.227C291.276 185.582 291.308 185.925 291.372 186.258C291.436 186.59 291.547 186.889 291.703 187.154C291.859 187.419 292.069 187.628 292.333 187.782C292.597 187.936 292.928 188.013 293.327 188.013C293.64 188.013 293.924 187.96 294.179 187.854C294.435 187.748 294.654 187.588 294.836 187.374C295.018 187.161 295.158 186.891 295.257 186.566C295.356 186.24 295.406 185.859 295.406 185.423L296.225 185.675C296.225 186.405 296.093 187.034 295.83 187.56C295.566 188.086 295.195 188.49 294.717 188.773C294.238 189.055 293.675 189.196 293.026 189.196ZM295.546 189V186.977H295.406V181.44H296.659V189H295.546ZM298.619 189V181.44H299.732V183.267L299.55 183.029C299.639 182.796 299.754 182.581 299.896 182.385C300.039 182.189 300.199 182.028 300.376 181.902C300.57 181.746 300.791 181.625 301.039 181.541C301.288 181.457 301.54 181.407 301.797 181.391C302.054 181.375 302.294 181.391 302.518 181.44V182.609C302.257 182.541 301.969 182.524 301.655 182.557C301.341 182.589 301.053 182.702 300.789 182.896C300.544 183.071 300.356 183.282 300.224 183.528C300.092 183.774 300 184.041 299.949 184.327C299.898 184.614 299.872 184.907 299.872 185.206V189H298.619ZM308.797 189.21C308.232 189.21 307.759 189.107 307.378 188.9C306.996 188.694 306.709 188.42 306.517 188.078C306.324 187.736 306.228 187.362 306.228 186.956C306.228 186.559 306.303 186.216 306.454 185.925C306.604 185.635 306.818 185.392 307.094 185.197C307.371 185.002 307.7 184.849 308.083 184.737C308.442 184.641 308.844 184.557 309.289 184.483C309.733 184.41 310.184 184.343 310.641 184.284C311.099 184.224 311.527 184.165 311.926 184.107L311.478 184.366C311.49 183.696 311.355 183.2 311.074 182.877C310.793 182.554 310.307 182.392 309.616 182.392C309.159 182.392 308.758 182.496 308.414 182.705C308.07 182.914 307.829 183.251 307.691 183.715L306.508 183.358C306.688 182.695 307.039 182.175 307.563 181.797C308.087 181.419 308.776 181.23 309.63 181.23C310.314 181.23 310.902 181.352 311.394 181.597C311.886 181.843 312.241 182.212 312.458 182.707C312.565 182.94 312.633 183.194 312.661 183.467C312.689 183.74 312.703 184.025 312.703 184.324V189H311.597V187.187L311.856 187.355C311.571 187.969 311.173 188.431 310.661 188.743C310.149 189.054 309.527 189.21 308.797 189.21ZM308.986 188.167C309.434 188.167 309.822 188.087 310.151 187.927C310.48 187.767 310.745 187.555 310.946 187.29C311.147 187.025 311.277 186.737 311.338 186.424C311.406 186.191 311.444 185.931 311.452 185.645C311.46 185.359 311.464 185.138 311.464 184.982L311.898 185.171C311.492 185.229 311.092 185.284 310.699 185.335C310.306 185.387 309.934 185.441 309.584 185.498C309.234 185.555 308.921 185.624 308.643 185.703C308.435 185.768 308.242 185.853 308.064 185.957C307.885 186.061 307.741 186.193 307.631 186.354C307.522 186.515 307.467 186.713 307.467 186.949C307.467 187.157 307.519 187.353 307.623 187.539C307.727 187.724 307.89 187.875 308.113 187.992C308.336 188.109 308.627 188.167 308.986 188.167ZM317.393 189.196C316.905 189.196 316.488 189.119 316.142 188.965C315.795 188.811 315.508 188.606 315.279 188.351C315.05 188.095 314.871 187.811 314.74 187.497C314.609 187.183 314.517 186.863 314.463 186.538C314.41 186.212 314.383 185.906 314.383 185.619V181.44H315.643V185.227C315.643 185.582 315.675 185.925 315.739 186.258C315.803 186.59 315.914 186.889 316.07 187.154C316.226 187.419 316.436 187.628 316.7 187.782C316.964 187.936 317.295 188.013 317.694 188.013C318.007 188.013 318.291 187.96 318.546 187.854C318.802 187.748 319.02 187.588 319.202 187.374C319.384 187.161 319.525 186.891 319.624 186.566C319.723 186.24 319.773 185.859 319.773 185.423L320.592 185.675C320.592 186.405 320.46 187.034 320.196 187.56C319.933 188.086 319.562 188.49 319.083 188.773C318.605 189.055 318.042 189.196 317.393 189.196ZM319.913 189V186.977H319.773V181.44H321.026V189H319.913ZM327.207 189C326.757 189.091 326.314 189.128 325.879 189.112C325.444 189.096 325.055 189.007 324.713 188.846C324.371 188.685 324.113 188.433 323.938 188.09C323.789 187.794 323.708 187.493 323.696 187.187C323.685 186.881 323.679 186.534 323.679 186.144V179.34H324.925V186.088C324.925 186.398 324.928 186.663 324.935 186.881C324.942 187.099 324.99 187.287 325.079 187.446C325.247 187.747 325.514 187.923 325.88 187.973C326.247 188.023 326.689 188.008 327.207 187.929V189ZM322.146 182.469V181.44H327.207V182.469H322.146ZM331.652 189.21C330.898 189.21 330.25 189.04 329.706 188.699C329.162 188.358 328.744 187.888 328.451 187.287C328.158 186.686 328.012 185.995 328.012 185.213C328.012 184.422 328.161 183.727 328.46 183.129C328.759 182.53 329.18 182.064 329.725 181.731C330.27 181.397 330.912 181.23 331.652 181.23C332.408 181.23 333.058 181.4 333.603 181.739C334.148 182.079 334.567 182.548 334.86 183.146C335.153 183.745 335.299 184.434 335.299 185.213C335.299 186.004 335.151 186.699 334.856 187.299C334.561 187.899 334.141 188.367 333.595 188.704C333.049 189.041 332.401 189.21 331.652 189.21ZM331.652 188.027C332.434 188.027 333.016 187.766 333.4 187.243C333.784 186.72 333.976 186.044 333.976 185.213C333.976 184.361 333.782 183.682 333.395 183.174C333.008 182.667 332.427 182.413 331.652 182.413C331.125 182.413 330.69 182.532 330.348 182.77C330.006 183.008 329.752 183.337 329.585 183.757C329.418 184.177 329.335 184.662 329.335 185.213C329.335 186.065 329.531 186.747 329.923 187.259C330.315 187.771 330.891 188.027 331.652 188.027ZM345.876 189L345.883 184.163C345.883 183.598 345.732 183.156 345.43 182.836C345.128 182.517 344.737 182.357 344.259 182.357C343.977 182.357 343.71 182.422 343.459 182.551C343.208 182.681 343.004 182.881 342.845 183.153C342.686 183.425 342.607 183.773 342.607 184.198L341.949 183.932C341.937 183.395 342.047 182.925 342.278 182.522C342.509 182.118 342.826 181.804 343.228 181.58C343.631 181.356 344.084 181.244 344.588 181.244C345.377 181.244 345.997 181.484 346.45 181.963C346.903 182.443 347.129 183.085 347.129 183.89L347.122 189H345.876ZM336.832 189V181.44H337.945V183.463H338.085V189H336.832ZM341.361 189L341.368 184.212C341.368 183.636 341.219 183.182 340.92 182.852C340.621 182.522 340.225 182.357 339.73 182.357C339.238 182.357 338.84 182.526 338.538 182.863C338.236 183.2 338.085 183.645 338.085 184.198L337.427 183.806C337.427 183.316 337.544 182.878 337.777 182.492C338.01 182.106 338.328 181.801 338.729 181.578C339.13 181.355 339.585 181.244 340.094 181.244C340.603 181.244 341.045 181.352 341.422 181.568C341.799 181.784 342.091 182.091 342.297 182.49C342.504 182.889 342.607 183.363 342.607 183.911L342.6 189H341.361ZM351.098 189.21C350.533 189.21 350.06 189.107 349.679 188.9C349.297 188.694 349.01 188.42 348.818 188.078C348.625 187.736 348.529 187.362 348.529 186.956C348.529 186.559 348.604 186.216 348.755 185.925C348.905 185.635 349.119 185.392 349.395 185.197C349.672 185.002 350.001 184.849 350.384 184.737C350.743 184.641 351.145 184.557 351.59 184.483C352.034 184.41 352.485 184.343 352.942 184.284C353.4 184.224 353.828 184.165 354.227 184.107L353.779 184.366C353.791 183.696 353.656 183.2 353.375 182.877C353.094 182.554 352.608 182.392 351.917 182.392C351.46 182.392 351.059 182.496 350.715 182.705C350.371 182.914 350.13 183.251 349.992 183.715L348.809 183.358C348.989 182.695 349.34 182.175 349.864 181.797C350.388 181.419 351.077 181.23 351.931 181.23C352.615 181.23 353.203 181.352 353.695 181.597C354.187 181.843 354.542 182.212 354.759 182.707C354.866 182.94 354.934 183.194 354.962 183.467C354.99 183.74 355.004 184.025 355.004 184.324V189H353.898V187.187L354.157 187.355C353.872 187.969 353.474 188.431 352.962 188.743C352.45 189.054 351.828 189.21 351.098 189.21ZM351.287 188.167C351.735 188.167 352.123 188.087 352.452 187.927C352.781 187.767 353.046 187.555 353.247 187.29C353.448 187.025 353.578 186.737 353.639 186.424C353.707 186.191 353.745 185.931 353.753 185.645C353.761 185.359 353.765 185.138 353.765 184.982L354.199 185.171C353.793 185.229 353.393 185.284 353 185.335C352.607 185.387 352.235 185.441 351.885 185.498C351.535 185.555 351.222 185.624 350.944 185.703C350.736 185.768 350.543 185.853 350.365 185.957C350.186 186.061 350.042 186.193 349.932 186.354C349.823 186.515 349.768 186.713 349.768 186.949C349.768 187.157 349.82 187.353 349.924 187.539C350.028 187.724 350.191 187.875 350.414 187.992C350.637 188.109 350.928 188.167 351.287 188.167ZM361.045 189C360.595 189.091 360.152 189.128 359.717 189.112C359.282 189.096 358.893 189.007 358.551 188.846C358.209 188.685 357.951 188.433 357.776 188.09C357.627 187.794 357.546 187.493 357.534 187.187C357.523 186.881 357.517 186.534 357.517 186.144V179.34H358.763V186.088C358.763 186.398 358.766 186.663 358.773 186.881C358.78 187.099 358.828 187.287 358.917 187.446C359.085 187.747 359.352 187.923 359.718 187.973C360.085 188.023 360.527 188.008 361.045 187.929V189ZM355.984 182.469V181.44H361.045V182.469H355.984ZM365.546 189.21C364.802 189.21 364.153 189.046 363.6 188.718C363.047 188.39 362.617 187.931 362.31 187.339C362.003 186.748 361.85 186.058 361.85 185.269C361.85 184.443 362.001 183.728 362.303 183.123C362.605 182.519 363.029 182.053 363.574 181.724C364.119 181.394 364.757 181.23 365.49 181.23C366.248 181.23 366.895 181.405 367.429 181.755C367.963 182.105 368.365 182.604 368.635 183.253C368.904 183.902 369.019 184.674 368.979 185.57H367.723V185.122C367.709 184.193 367.52 183.499 367.156 183.04C366.792 182.58 366.251 182.35 365.532 182.35C364.76 182.35 364.173 182.597 363.773 183.092C363.373 183.587 363.173 184.296 363.173 185.22C363.173 186.111 363.373 186.802 363.773 187.292C364.173 187.782 364.746 188.027 365.49 188.027C365.989 188.027 366.423 187.913 366.792 187.684C367.161 187.455 367.45 187.126 367.66 186.697L368.857 187.11C368.561 187.777 368.118 188.294 367.529 188.66C366.94 189.027 366.279 189.21 365.546 189.21ZM362.753 185.57V184.569H368.339V185.57H362.753ZM373.505 189.21C372.8 189.21 372.195 189.034 371.69 188.683C371.185 188.332 370.797 187.855 370.525 187.252C370.253 186.649 370.117 185.969 370.117 185.213C370.117 184.457 370.253 183.779 370.525 183.178C370.797 182.577 371.185 182.102 371.69 181.753C372.195 181.404 372.798 181.23 373.498 181.23C374.21 181.23 374.809 181.403 375.295 181.75C375.782 182.096 376.15 182.57 376.4 183.171C376.649 183.772 376.774 184.452 376.774 185.213C376.774 185.967 376.649 186.645 376.4 187.248C376.15 187.851 375.782 188.329 375.297 188.682C374.812 189.034 374.214 189.21 373.505 189.21ZM373.659 188.069C374.168 188.069 374.585 187.947 374.912 187.702C375.239 187.456 375.48 187.119 375.637 186.688C375.793 186.258 375.871 185.766 375.871 185.213C375.871 184.655 375.792 184.162 375.635 183.734C375.477 183.306 375.238 182.972 374.916 182.731C374.594 182.491 374.186 182.371 373.694 182.371C373.181 182.371 372.757 182.497 372.424 182.749C372.09 183.001 371.843 183.342 371.682 183.771C371.521 184.2 371.44 184.681 371.44 185.213C371.44 185.75 371.522 186.234 371.685 186.666C371.848 187.097 372.094 187.439 372.422 187.691C372.75 187.943 373.162 188.069 373.659 188.069ZM375.871 189V183.435H375.731V178.92H376.984V189H375.871ZM381.884 180.103V178.815H383.13V180.103H381.884ZM381.884 189V181.44H383.13V189H381.884ZM390.613 189V185.213C390.613 184.856 390.581 184.512 390.517 184.181C390.453 183.849 390.342 183.551 390.186 183.286C390.03 183.021 389.82 182.812 389.556 182.658C389.292 182.504 388.961 182.427 388.562 182.427C388.249 182.427 387.965 182.48 387.71 182.586C387.454 182.692 387.236 182.852 387.053 183.066C386.871 183.279 386.731 183.548 386.632 183.872C386.533 184.197 386.483 184.578 386.483 185.017L385.664 184.765C385.664 184.035 385.796 183.406 386.06 182.88C386.323 182.354 386.694 181.95 387.172 181.667C387.651 181.385 388.214 181.244 388.863 181.244C389.351 181.244 389.768 181.321 390.114 181.475C390.461 181.629 390.748 181.834 390.977 182.089C391.206 182.345 391.385 182.629 391.516 182.943C391.647 183.257 391.739 183.577 391.792 183.902C391.846 184.228 391.873 184.534 391.873 184.821V189H390.613ZM385.223 189V181.44H386.343V183.463H386.483V189H385.223ZM396.808 189.21C396.04 189.21 395.389 189.038 394.855 188.696C394.321 188.353 393.914 187.881 393.634 187.28C393.354 186.679 393.21 185.992 393.203 185.22C393.21 184.434 393.357 183.741 393.644 183.141C393.931 182.541 394.343 182.073 394.88 181.736C395.416 181.399 396.064 181.23 396.822 181.23C397.618 181.23 398.304 181.426 398.88 181.818C399.456 182.21 399.844 182.747 400.042 183.428L398.81 183.799C398.649 183.36 398.39 183.02 398.033 182.777C397.676 182.534 397.268 182.413 396.808 182.413C396.29 182.413 395.863 182.533 395.527 182.773C395.191 183.014 394.941 183.345 394.778 183.767C394.615 184.19 394.531 184.674 394.526 185.22C394.533 186.062 394.727 186.741 395.109 187.255C395.49 187.77 396.057 188.027 396.808 188.027C397.3 188.027 397.71 187.914 398.037 187.688C398.363 187.461 398.612 187.133 398.782 186.704L400.042 187.033C399.778 187.738 399.369 188.277 398.814 188.65C398.258 189.023 397.59 189.21 396.808 189.21ZM404.487 189.21C403.733 189.21 403.085 189.04 402.541 188.699C401.997 188.358 401.579 187.888 401.286 187.287C400.993 186.686 400.847 185.995 400.847 185.213C400.847 184.422 400.996 183.727 401.295 183.129C401.594 182.53 402.015 182.064 402.56 181.731C403.105 181.397 403.747 181.23 404.487 181.23C405.243 181.23 405.893 181.4 406.438 181.739C406.983 182.079 407.402 182.548 407.695 183.146C407.988 183.745 408.134 184.434 408.134 185.213C408.134 186.004 407.986 186.699 407.691 187.299C407.396 187.899 406.976 188.367 406.43 188.704C405.884 189.041 405.236 189.21 404.487 189.21ZM404.487 188.027C405.269 188.027 405.851 187.766 406.235 187.243C406.619 186.72 406.811 186.044 406.811 185.213C406.811 184.361 406.617 183.682 406.23 183.174C405.843 182.667 405.262 182.413 404.487 182.413C403.96 182.413 403.525 182.532 403.183 182.77C402.841 183.008 402.587 183.337 402.42 183.757C402.253 184.177 402.17 184.662 402.17 185.213C402.17 186.065 402.366 186.747 402.758 187.259C403.15 187.771 403.726 188.027 404.487 188.027ZM418.711 189L418.718 184.163C418.718 183.598 418.567 183.156 418.265 182.836C417.963 182.517 417.572 182.357 417.094 182.357C416.812 182.357 416.545 182.422 416.294 182.551C416.043 182.681 415.839 182.881 415.68 183.153C415.521 183.425 415.442 183.773 415.442 184.198L414.784 183.932C414.772 183.395 414.882 182.925 415.113 182.522C415.344 182.118 415.661 181.804 416.063 181.58C416.466 181.356 416.919 181.244 417.423 181.244C418.212 181.244 418.832 181.484 419.285 181.963C419.738 182.443 419.964 183.085 419.964 183.89L419.957 189H418.711ZM409.667 189V181.44H410.78V183.463H410.92V189H409.667ZM414.196 189L414.203 184.212C414.203 183.636 414.054 183.182 413.755 182.852C413.456 182.522 413.06 182.357 412.565 182.357C412.073 182.357 411.675 182.526 411.373 182.863C411.071 183.2 410.92 183.645 410.92 184.198L410.262 183.806C410.262 183.316 410.379 182.878 410.612 182.492C410.845 182.106 411.163 181.801 411.564 181.578C411.965 181.355 412.42 181.244 412.929 181.244C413.438 181.244 413.88 181.352 414.257 181.568C414.634 181.784 414.926 182.091 415.132 182.49C415.339 182.889 415.442 183.363 415.442 183.911L415.435 189H414.196ZM424.99 189.21C424.246 189.21 423.597 189.046 423.044 188.718C422.491 188.39 422.061 187.931 421.754 187.339C421.447 186.748 421.294 186.058 421.294 185.269C421.294 184.443 421.445 183.728 421.747 183.123C422.049 182.519 422.473 182.053 423.018 181.724C423.563 181.394 424.201 181.23 424.934 181.23C425.692 181.23 426.339 181.405 426.873 181.755C427.407 182.105 427.809 182.604 428.079 183.253C428.348 183.902 428.463 184.674 428.423 185.57H427.167V185.122C427.153 184.193 426.964 183.499 426.6 183.04C426.236 182.58 425.695 182.35 424.976 182.35C424.204 182.35 423.617 182.597 423.217 183.092C422.817 183.587 422.617 184.296 422.617 185.22C422.617 186.111 422.817 186.802 423.217 187.292C423.617 187.782 424.19 188.027 424.934 188.027C425.433 188.027 425.867 187.913 426.236 187.684C426.605 187.455 426.894 187.126 427.104 186.697L428.301 187.11C428.005 187.777 427.562 188.294 426.973 188.66C426.384 189.027 425.723 189.21 424.99 189.21ZM422.197 185.57V184.569H427.783V185.57H422.197Z" fill="#3C4A46"/>
<mask id="path-12-inside-3_3768_757" fill="white">
<path d="M218 226H1061V265H218V226Z"/>
</mask>
<path d="M1061 265V264H218V265V266H1061V265Z" fill="#BBCAC4" fill-opacity="0.15" mask="url(#path-12-inside-3_3768_757)"/>
<mask id="path-14-inside-4_3768_757" fill="white">
<path d="M218 226H261.33V264H218V226Z"/>
</mask>
<path d="M261.33 264V262H218V264V266H261.33V264Z" fill="#00C2A8" mask="url(#path-14-inside-4_3768_757)"/>
<path d="M218.283 241L221.462 230.92H223.935L227.113 241H225.375L222.493 231.956H222.866L220.022 241H218.283ZM220.057 238.814V237.239H225.349V238.814H220.057ZM231.653 241.21C230.875 241.21 230.21 241.036 229.658 240.689C229.107 240.341 228.685 239.866 228.393 239.265C228.1 238.663 227.953 237.981 227.951 237.22C227.953 236.448 228.105 235.761 228.408 235.16C228.71 234.558 229.139 234.087 229.695 233.744C230.25 233.401 230.911 233.23 231.677 233.23C232.536 233.23 233.263 233.445 233.858 233.876C234.453 234.307 234.84 234.896 235.018 235.643L233.338 236.102C233.21 235.695 232.994 235.377 232.69 235.15C232.385 234.923 232.04 234.81 231.653 234.81C231.213 234.81 230.852 234.914 230.568 235.123C230.285 235.333 230.076 235.619 229.941 235.982C229.805 236.345 229.737 236.758 229.735 237.22C229.738 237.939 229.9 238.521 230.221 238.965C230.543 239.408 231.02 239.63 231.653 239.63C232.104 239.63 232.458 239.527 232.716 239.321C232.975 239.115 233.169 238.819 233.301 238.433L235.018 238.814C234.787 239.584 234.38 240.176 233.797 240.589C233.213 241.003 232.499 241.21 231.653 241.21ZM240.858 241C240.36 241.096 239.871 241.137 239.391 241.124C238.912 241.11 238.484 241.022 238.107 240.858C237.73 240.694 237.444 240.431 237.249 240.071C237.075 239.742 236.982 239.408 236.972 239.068C236.962 238.728 236.957 238.342 236.957 237.911V231.34H238.642V237.817C238.642 238.117 238.645 238.381 238.652 238.611C238.659 238.841 238.707 239.029 238.796 239.175C238.964 239.453 239.232 239.608 239.6 239.64C239.968 239.673 240.387 239.655 240.858 239.588V241ZM235.588 234.763V233.44H240.858V234.763H235.588ZM242.63 232.294V230.745H244.314V232.294H242.63ZM242.63 241V233.44H244.314V241H242.63ZM248.461 241L245.717 233.44H247.406L249.307 238.921L251.207 233.44H252.898L250.154 241H248.461ZM257.313 241.21C256.549 241.21 255.877 241.044 255.299 240.712C254.722 240.381 254.27 239.921 253.946 239.333C253.621 238.746 253.458 238.069 253.458 237.302C253.458 236.476 253.618 235.758 253.936 235.149C254.255 234.54 254.696 234.068 255.26 233.733C255.825 233.398 256.478 233.23 257.22 233.23C258.001 233.23 258.666 233.413 259.215 233.778C259.763 234.144 260.171 234.66 260.438 235.328C260.705 235.995 260.806 236.783 260.74 237.691H259.066V237.075C259.061 236.252 258.916 235.652 258.632 235.273C258.347 234.894 257.9 234.705 257.29 234.705C256.6 234.705 256.086 234.919 255.749 235.346C255.412 235.774 255.243 236.399 255.243 237.22C255.243 237.987 255.412 238.58 255.749 239C256.086 239.42 256.577 239.63 257.22 239.63C257.635 239.63 257.993 239.538 258.293 239.353C258.593 239.168 258.825 238.901 258.989 238.552L260.657 239.054C260.368 239.737 259.921 240.267 259.316 240.644C258.71 241.021 258.043 241.21 257.313 241.21ZM254.711 237.691V236.415H259.915V237.691H254.711Z" fill="#006B5C"/>
<path d="M294.318 242V231.92H298.392C298.49 231.92 298.611 231.923 298.756 231.93C298.901 231.937 299.038 231.953 299.167 231.976C299.73 232.063 300.199 232.254 300.575 232.549C300.951 232.844 301.231 233.215 301.417 233.662C301.603 234.109 301.696 234.605 301.696 235.149C301.696 235.694 301.602 236.19 301.415 236.637C301.227 237.084 300.946 237.455 300.57 237.75C300.195 238.045 299.727 238.236 299.167 238.323C299.038 238.341 298.9 238.355 298.754 238.365C298.608 238.374 298.487 238.379 298.392 238.379H295.783V242H294.318ZM295.783 236.997H298.336C298.428 236.997 298.531 236.993 298.645 236.983C298.76 236.974 298.868 236.957 298.971 236.932C299.271 236.86 299.512 236.731 299.693 236.542C299.874 236.354 300.005 236.137 300.086 235.89C300.167 235.644 300.207 235.397 300.207 235.149C300.207 234.902 300.167 234.655 300.086 234.409C300.005 234.162 299.874 233.945 299.693 233.756C299.512 233.568 299.271 233.438 298.971 233.367C298.868 233.34 298.76 233.323 298.645 233.314C298.531 233.306 298.428 233.301 298.336 233.301H295.783V236.997ZM304.998 242.21C304.441 242.21 303.973 242.107 303.593 241.9C303.214 241.693 302.927 241.417 302.734 241.074C302.542 240.73 302.445 240.353 302.445 239.942C302.445 239.561 302.513 239.225 302.649 238.935C302.785 238.645 302.986 238.398 303.25 238.194C303.515 237.991 303.842 237.826 304.232 237.702C304.565 237.604 304.944 237.517 305.37 237.442C305.795 237.366 306.242 237.297 306.71 237.233C307.179 237.169 307.644 237.103 308.106 237.035L307.578 237.333C307.586 236.738 307.461 236.297 307.202 236.012C306.943 235.726 306.499 235.583 305.87 235.583C305.472 235.583 305.108 235.676 304.777 235.86C304.447 236.044 304.215 236.349 304.083 236.773L302.72 236.353C302.904 235.703 303.258 235.187 303.783 234.804C304.308 234.421 305.007 234.23 305.88 234.23C306.558 234.23 307.148 234.346 307.648 234.578C308.149 234.809 308.516 235.174 308.75 235.672C308.871 235.921 308.946 236.183 308.974 236.458C309.002 236.734 309.016 237.028 309.016 237.343V242H307.723V240.273L307.975 240.493C307.662 241.071 307.264 241.502 306.78 241.785C306.297 242.068 305.702 242.21 304.998 242.21ZM305.259 241.015C305.674 241.015 306.032 240.941 306.331 240.794C306.631 240.646 306.871 240.457 307.052 240.228C307.233 239.998 307.353 239.762 307.41 239.517C307.488 239.293 307.533 239.041 307.543 238.759C307.554 238.477 307.56 238.254 307.56 238.089L308.036 238.262C307.577 238.332 307.158 238.395 306.779 238.45C306.4 238.505 306.059 238.56 305.754 238.616C305.449 238.671 305.177 238.735 304.937 238.808C304.736 238.876 304.558 238.96 304.4 239.058C304.243 239.156 304.119 239.275 304.028 239.417C303.937 239.559 303.892 239.729 303.892 239.928C303.892 240.124 303.941 240.304 304.039 240.469C304.137 240.634 304.286 240.766 304.488 240.866C304.689 240.966 304.946 241.015 305.259 241.015ZM313.689 242.205C313.167 242.205 312.728 242.121 312.372 241.951C312.017 241.781 311.728 241.56 311.507 241.287C311.285 241.014 311.116 240.717 310.999 240.397C310.882 240.077 310.803 239.762 310.761 239.453C310.719 239.144 310.698 238.873 310.698 238.64V234.44H312.182V238.155C312.182 238.449 312.207 238.751 312.256 239.062C312.305 239.373 312.398 239.662 312.534 239.929C312.671 240.196 312.865 240.411 313.114 240.574C313.364 240.738 313.689 240.819 314.091 240.819C314.354 240.819 314.601 240.775 314.834 240.687C315.066 240.6 315.271 240.46 315.446 240.269C315.622 240.077 315.761 239.825 315.862 239.513C315.963 239.2 316.013 238.82 316.013 238.374L316.923 238.715C316.923 239.401 316.795 240.006 316.538 240.531C316.282 241.056 315.913 241.466 315.431 241.762C314.95 242.058 314.369 242.205 313.689 242.205ZM316.186 242V239.816H316.013V234.44H317.488V242H316.186ZM322.337 242.205C321.417 242.205 320.668 242.002 320.09 241.595C319.511 241.188 319.157 240.617 319.028 239.881L320.526 239.648C320.621 240.04 320.837 240.35 321.174 240.577C321.51 240.804 321.931 240.917 322.435 240.917C322.894 240.917 323.253 240.824 323.512 240.637C323.771 240.451 323.9 240.194 323.9 239.867C323.9 239.676 323.855 239.521 323.765 239.402C323.675 239.283 323.484 239.17 323.194 239.062C322.904 238.955 322.463 238.822 321.87 238.663C321.22 238.492 320.705 238.311 320.327 238.119C319.948 237.926 319.677 237.701 319.515 237.442C319.352 237.183 319.271 236.868 319.271 236.498C319.271 236.041 319.393 235.642 319.637 235.301C319.881 234.96 320.224 234.697 320.664 234.51C321.104 234.323 321.62 234.23 322.211 234.23C322.791 234.23 323.308 234.321 323.761 234.504C324.215 234.687 324.581 234.945 324.86 235.279C325.139 235.613 325.308 236.003 325.365 236.451L323.867 236.722C323.816 236.36 323.645 236.073 323.355 235.862C323.065 235.651 322.688 235.537 322.225 235.518C321.781 235.499 321.422 235.573 321.148 235.74C320.873 235.906 320.736 236.134 320.736 236.423C320.736 236.59 320.789 236.731 320.895 236.847C321.001 236.963 321.205 237.075 321.508 237.184C321.812 237.293 322.259 237.422 322.85 237.571C323.485 237.735 323.988 237.915 324.361 238.113C324.733 238.31 325.001 238.545 325.164 238.817C325.326 239.09 325.407 239.421 325.407 239.811C325.407 240.556 325.135 241.142 324.591 241.567C324.046 241.993 323.295 242.205 322.337 242.205ZM330.307 242.21C329.553 242.21 328.893 242.045 328.328 241.715C327.762 241.386 327.322 240.926 327.006 240.336C326.69 239.747 326.532 239.063 326.532 238.285C326.532 237.459 326.687 236.743 326.998 236.136C327.308 235.53 327.74 235.06 328.295 234.728C328.849 234.396 329.495 234.23 330.233 234.23C331.003 234.23 331.658 234.409 332.2 234.767C332.741 235.124 333.146 235.632 333.414 236.29C333.683 236.948 333.79 237.728 333.737 238.631H332.272V238.099C332.263 237.223 332.096 236.575 331.772 236.156C331.447 235.737 330.953 235.527 330.289 235.527C329.558 235.527 329.008 235.758 328.639 236.219C328.27 236.68 328.086 237.347 328.086 238.22C328.086 239.049 328.27 239.691 328.639 240.146C329.008 240.601 329.539 240.829 330.233 240.829C330.69 240.829 331.086 240.725 331.42 240.518C331.755 240.311 332.015 240.014 332.202 239.625L333.635 240.082C333.342 240.757 332.897 241.281 332.3 241.652C331.703 242.024 331.039 242.21 330.307 242.21ZM327.61 238.631V237.492H333.005V238.631H327.61ZM338.304 242.21C337.602 242.21 336.996 242.035 336.485 241.684C335.974 241.333 335.579 240.856 335.301 240.254C335.022 239.651 334.883 238.971 334.883 238.215C334.883 237.455 335.023 236.774 335.303 236.174C335.583 235.573 335.981 235.099 336.497 234.751C337.012 234.404 337.624 234.23 338.332 234.23C339.046 234.23 339.647 234.404 340.134 234.751C340.622 235.099 340.991 235.574 341.241 236.175C341.492 236.776 341.617 237.456 341.617 238.215C341.617 238.97 341.491 239.648 341.24 240.251C340.989 240.854 340.618 241.331 340.126 241.683C339.635 242.034 339.027 242.21 338.304 242.21ZM338.509 240.885C338.99 240.885 339.381 240.771 339.684 240.544C339.986 240.317 340.209 240.002 340.35 239.6C340.492 239.198 340.562 238.736 340.562 238.215C340.562 237.691 340.491 237.229 340.349 236.828C340.207 236.428 339.987 236.115 339.691 235.891C339.395 235.667 339.016 235.555 338.556 235.555C338.072 235.555 337.673 235.674 337.36 235.911C337.046 236.148 336.814 236.468 336.663 236.87C336.513 237.272 336.437 237.721 336.437 238.215C336.437 238.715 336.513 239.166 336.663 239.57C336.814 239.973 337.043 240.294 337.348 240.53C337.654 240.766 338.041 240.885 338.509 240.885ZM340.562 242V236.563H340.39V231.92H341.864V242H340.562Z" fill="#A1A1AA"/>
<path d="M380.035 242.21C379.029 242.21 378.171 241.989 377.46 241.547C376.75 241.106 376.208 240.49 375.833 239.702C375.458 238.913 375.271 237.999 375.271 236.96C375.271 235.921 375.458 235.007 375.833 234.218C376.208 233.43 376.75 232.814 377.46 232.373C378.171 231.931 379.029 231.71 380.035 231.71C381.199 231.71 382.162 232.004 382.926 232.591C383.69 233.178 384.221 233.969 384.52 234.963L383.036 235.364C382.837 234.659 382.487 234.106 381.987 233.704C381.487 233.302 380.836 233.101 380.035 233.101C379.321 233.101 378.727 233.262 378.251 233.584C377.776 233.906 377.419 234.356 377.179 234.936C376.94 235.515 376.818 236.19 376.815 236.96C376.812 237.73 376.93 238.404 377.17 238.983C377.41 239.562 377.768 240.012 378.247 240.335C378.725 240.658 379.321 240.819 380.035 240.819C380.836 240.819 381.487 240.617 381.987 240.213C382.487 239.808 382.837 239.256 383.036 238.556L384.52 238.957C384.221 239.951 383.69 240.742 382.926 241.329C382.162 241.916 381.199 242.21 380.035 242.21ZM389.338 242.21C388.582 242.21 387.927 242.04 387.374 241.699C386.82 241.358 386.392 240.888 386.09 240.287C385.788 239.687 385.638 238.996 385.638 238.215C385.638 237.425 385.792 236.731 386.1 236.132C386.408 235.533 386.839 235.066 387.393 234.732C387.948 234.397 388.596 234.23 389.338 234.23C390.096 234.23 390.752 234.4 391.308 234.74C391.863 235.08 392.292 235.549 392.594 236.148C392.897 236.747 393.048 237.436 393.048 238.215C393.048 239.004 392.896 239.698 392.591 240.298C392.286 240.897 391.856 241.366 391.299 241.704C390.743 242.041 390.09 242.21 389.338 242.21ZM389.338 240.829C390.063 240.829 390.604 240.586 390.96 240.099C391.316 239.613 391.494 238.985 391.494 238.215C391.494 237.424 391.314 236.792 390.954 236.32C390.594 235.847 390.055 235.611 389.338 235.611C388.848 235.611 388.445 235.722 388.128 235.943C387.812 236.164 387.577 236.469 387.423 236.86C387.269 237.25 387.192 237.702 387.192 238.215C387.192 239.009 387.373 239.643 387.736 240.117C388.1 240.591 388.634 240.829 389.338 240.829ZM403.649 242L403.653 237.287C403.653 236.744 403.513 236.32 403.233 236.014C402.953 235.708 402.585 235.555 402.127 235.555C401.85 235.555 401.596 235.619 401.363 235.747C401.131 235.874 400.943 236.066 400.801 236.321C400.658 236.576 400.587 236.893 400.587 237.273L399.883 236.918C399.875 236.388 399.989 235.922 400.224 235.52C400.46 235.119 400.781 234.807 401.187 234.584C401.593 234.36 402.048 234.249 402.552 234.249C403.366 234.249 403.997 234.494 404.445 234.984C404.894 235.474 405.119 236.125 405.119 236.937L405.114 242H403.649ZM394.581 242V234.44H395.883V236.624H396.056V242H394.581ZM399.122 242L399.127 237.319C399.127 236.769 398.988 236.337 398.71 236.024C398.432 235.712 398.059 235.555 397.591 235.555C397.131 235.555 396.76 235.713 396.478 236.029C396.197 236.345 396.056 236.759 396.056 237.273L395.351 236.825C395.351 236.333 395.47 235.893 395.708 235.505C395.946 235.117 396.269 234.811 396.675 234.586C397.082 234.361 397.542 234.249 398.053 234.249C398.59 234.249 399.047 234.363 399.425 234.591C399.803 234.818 400.091 235.135 400.29 235.541C400.488 235.947 400.587 236.417 400.587 236.951L400.583 242H399.122ZM410.49 242.21C409.767 242.21 409.159 242.034 408.668 241.683C408.176 241.331 407.805 240.854 407.553 240.251C407.302 239.648 407.177 238.97 407.177 238.215C407.177 237.456 407.302 236.776 407.552 236.175C407.803 235.574 408.172 235.099 408.659 234.751C409.147 234.404 409.748 234.23 410.462 234.23C411.17 234.23 411.781 234.404 412.297 234.751C412.813 235.099 413.211 235.573 413.491 236.174C413.771 236.774 413.911 237.455 413.911 238.215C413.911 238.971 413.771 239.651 413.493 240.254C413.214 240.856 412.82 241.333 412.309 241.684C411.798 242.035 411.191 242.21 410.49 242.21ZM406.929 245.36V234.44H408.231V239.877H408.404V245.36H406.929ZM410.285 240.885C410.753 240.885 411.14 240.766 411.445 240.53C411.751 240.294 411.979 239.973 412.13 239.57C412.281 239.166 412.357 238.715 412.357 238.215C412.357 237.721 412.281 237.272 412.129 236.87C411.977 236.468 411.745 236.148 411.433 235.911C411.12 235.674 410.722 235.555 410.238 235.555C409.777 235.555 409.399 235.667 409.103 235.891C408.806 236.115 408.587 236.428 408.445 236.828C408.302 237.229 408.231 237.691 408.231 238.215C408.231 238.736 408.302 239.198 408.444 239.6C408.585 240.002 408.807 240.317 409.11 240.544C409.412 240.771 409.804 240.885 410.285 240.885ZM415.591 242V231.71H417.056V242H415.591ZM422.509 242.21C421.754 242.21 421.095 242.045 420.529 241.715C419.964 241.386 419.523 240.926 419.207 240.336C418.891 239.747 418.734 239.063 418.734 238.285C418.734 237.459 418.889 236.743 419.199 236.136C419.509 235.53 419.942 235.06 420.496 234.728C421.051 234.396 421.697 234.23 422.434 234.23C423.204 234.23 423.86 234.409 424.401 234.767C424.943 235.124 425.347 235.632 425.616 236.29C425.884 236.948 425.992 237.728 425.939 238.631H424.474V238.099C424.464 237.223 424.297 236.575 423.973 236.156C423.649 235.737 423.154 235.527 422.49 235.527C421.759 235.527 421.209 235.758 420.841 236.219C420.472 236.68 420.288 237.347 420.288 238.22C420.288 239.049 420.472 239.691 420.841 240.146C421.209 240.601 421.741 240.829 422.434 240.829C422.892 240.829 423.287 240.725 423.622 240.518C423.956 240.311 424.217 240.014 424.404 239.625L425.836 240.082C425.544 240.757 425.099 241.281 424.502 241.652C423.904 242.024 423.24 242.21 422.509 242.21ZM419.812 238.631V237.492H425.206V238.631H419.812ZM431.831 242C431.356 242.093 430.89 242.133 430.433 242.118C429.976 242.103 429.567 242.014 429.208 241.852C428.849 241.689 428.576 241.432 428.391 241.081C428.229 240.768 428.143 240.45 428.132 240.127C428.121 239.805 428.116 239.438 428.116 239.027V232.34H429.581V238.953C429.581 239.258 429.585 239.522 429.592 239.746C429.599 239.97 429.647 240.158 429.735 240.311C429.903 240.6 430.171 240.765 430.538 240.806C430.905 240.848 431.336 240.832 431.831 240.759V242ZM426.665 235.616V234.44H431.831V235.616H426.665ZM436.425 242.21C435.67 242.21 435.011 242.045 434.445 241.715C433.88 241.386 433.439 240.926 433.123 240.336C432.807 239.747 432.65 239.063 432.65 238.285C432.65 237.459 432.805 236.743 433.115 236.136C433.425 235.53 433.858 235.06 434.412 234.728C434.967 234.396 435.613 234.23 436.35 234.23C437.12 234.23 437.776 234.409 438.317 234.767C438.859 235.124 439.263 235.632 439.532 236.29C439.8 236.948 439.908 237.728 439.855 238.631H438.39V238.099C438.38 237.223 438.213 236.575 437.889 236.156C437.565 235.737 437.07 235.527 436.406 235.527C435.675 235.527 435.125 235.758 434.757 236.219C434.388 236.68 434.204 237.347 434.204 238.22C434.204 239.049 434.388 239.691 434.757 240.146C435.125 240.601 435.656 240.829 436.35 240.829C436.808 240.829 437.203 240.725 437.538 240.518C437.872 240.311 438.133 240.014 438.32 239.625L439.752 240.082C439.46 240.757 439.015 241.281 438.418 241.652C437.82 242.024 437.156 242.21 436.425 242.21ZM433.728 238.631V237.492H439.122V238.631H433.728ZM444.421 242.21C443.72 242.21 443.113 242.035 442.602 241.684C442.091 241.333 441.697 240.856 441.418 240.254C441.14 239.651 441.001 238.971 441.001 238.215C441.001 237.455 441.141 236.774 441.421 236.174C441.701 235.573 442.098 235.099 442.614 234.751C443.13 234.404 443.741 234.23 444.449 234.23C445.163 234.23 445.764 234.404 446.252 234.751C446.739 235.099 447.108 235.574 447.359 236.175C447.609 236.776 447.735 237.456 447.735 238.215C447.735 238.97 447.609 239.648 447.358 240.251C447.107 240.854 446.735 241.331 446.244 241.683C445.752 242.034 445.145 242.21 444.421 242.21ZM444.627 240.885C445.107 240.885 445.499 240.771 445.801 240.544C446.104 240.317 446.326 240.002 446.468 239.6C446.609 239.198 446.68 238.736 446.68 238.215C446.68 237.691 446.609 237.229 446.466 236.828C446.324 236.428 446.105 236.115 445.808 235.891C445.512 235.667 445.134 235.555 444.673 235.555C444.19 235.555 443.791 235.674 443.477 235.911C443.164 236.148 442.932 236.468 442.781 236.87C442.63 237.272 442.555 237.721 442.555 238.215C442.555 238.715 442.63 239.166 442.781 239.57C442.932 239.973 443.16 240.294 443.466 240.53C443.771 240.766 444.158 240.885 444.627 240.885ZM446.68 242V236.563H446.507V231.92H447.982V242H446.68Z" fill="#A1A1AA"/>
<rect x="218" y="297" width="843" height="168" rx="24" fill="white"/>
<rect x="242" y="321" width="48" height="48" rx="16" fill="#B8EDDF"/>
<path d="M256 354V336H266V340H276V354H256ZM258 352H264V350H258V352ZM258 348H264V346H258V348ZM258 344H264V342H258V344ZM258 340H264V338H258V340ZM266 352H274V342H266V352ZM268 346V344H272V346H268ZM268 350V348H272V350H268Z" fill="#006B5C"/>
<path d="M306.98 336V325.92H308.114L311.922 333.949L315.709 325.92H316.857V335.993H315.674V328.657L312.251 336H311.586L308.163 328.657V336H306.98ZM322.037 336.21C321.283 336.21 320.635 336.04 320.091 335.699C319.547 335.358 319.129 334.888 318.836 334.287C318.543 333.686 318.397 332.995 318.397 332.213C318.397 331.422 318.546 330.727 318.845 330.129C319.144 329.53 319.565 329.064 320.11 328.731C320.655 328.397 321.297 328.23 322.037 328.23C322.793 328.23 323.443 328.4 323.988 328.739C324.533 329.079 324.952 329.548 325.245 330.146C325.538 330.745 325.684 331.434 325.684 332.213C325.684 333.004 325.536 333.699 325.241 334.299C324.946 334.899 324.525 335.367 323.979 335.704C323.433 336.041 322.786 336.21 322.037 336.21ZM322.037 335.027C322.819 335.027 323.401 334.766 323.785 334.243C324.169 333.72 324.361 333.044 324.361 332.213C324.361 331.361 324.167 330.682 323.78 330.174C323.393 329.667 322.812 329.413 322.037 329.413C321.51 329.413 321.075 329.532 320.733 329.77C320.391 330.008 320.137 330.337 319.97 330.757C319.803 331.177 319.72 331.662 319.72 332.213C319.72 333.065 319.916 333.747 320.308 334.259C320.7 334.771 321.276 335.027 322.037 335.027ZM332.607 336V332.213C332.607 331.856 332.575 331.512 332.511 331.181C332.447 330.849 332.336 330.551 332.18 330.286C332.024 330.021 331.814 329.812 331.55 329.658C331.286 329.504 330.955 329.427 330.556 329.427C330.243 329.427 329.959 329.48 329.704 329.586C329.448 329.692 329.229 329.852 329.047 330.066C328.865 330.279 328.725 330.548 328.626 330.872C328.527 331.197 328.477 331.578 328.477 332.017L327.658 331.765C327.658 331.035 327.79 330.406 328.053 329.88C328.317 329.354 328.688 328.95 329.166 328.667C329.645 328.385 330.208 328.244 330.857 328.244C331.345 328.244 331.762 328.321 332.108 328.475C332.455 328.629 332.742 328.834 332.971 329.089C333.2 329.345 333.379 329.629 333.51 329.943C333.641 330.257 333.733 330.577 333.786 330.902C333.84 331.228 333.867 331.534 333.867 331.821V336H332.607ZM327.217 336V328.44H328.337V330.463H328.477V336H327.217ZM339.908 336C339.458 336.091 339.015 336.128 338.58 336.112C338.145 336.096 337.756 336.007 337.414 335.846C337.072 335.685 336.814 335.433 336.639 335.09C336.49 334.794 336.409 334.493 336.398 334.187C336.386 333.881 336.38 333.534 336.38 333.144V326.34H337.626V333.088C337.626 333.398 337.63 333.663 337.637 333.881C337.644 334.099 337.691 334.287 337.78 334.446C337.948 334.747 338.215 334.923 338.582 334.973C338.948 335.023 339.39 335.008 339.908 334.929V336ZM334.847 329.469V328.44H339.908V329.469H334.847ZM346.831 336V332.213C346.831 331.856 346.799 331.512 346.735 331.181C346.671 330.849 346.56 330.551 346.404 330.286C346.248 330.021 346.038 329.812 345.774 329.658C345.51 329.504 345.179 329.427 344.78 329.427C344.467 329.427 344.183 329.48 343.928 329.586C343.672 329.692 343.453 329.852 343.271 330.066C343.089 330.279 342.949 330.548 342.85 330.872C342.751 331.197 342.701 331.578 342.701 332.017L341.882 331.765C341.882 331.035 342.014 330.406 342.277 329.88C342.541 329.354 342.912 328.95 343.39 328.667C343.869 328.385 344.432 328.244 345.081 328.244C345.569 328.244 345.986 328.321 346.332 328.475C346.679 328.629 346.966 328.834 347.195 329.089C347.424 329.345 347.603 329.629 347.734 329.943C347.865 330.257 347.957 330.577 348.01 330.902C348.064 331.228 348.091 331.534 348.091 331.821V336H346.831ZM341.441 336V325.92H342.561V331.485H342.701V336H341.441ZM350.051 336V325.71H351.297V336H350.051ZM354.447 339.36L355.91 335.384L355.931 336.56L352.627 328.44H353.936L356.526 334.971H356.078L358.507 328.44H359.774L355.658 339.36H354.447ZM363.729 336V328.44H364.842V330.267L364.66 330.029C364.749 329.796 364.864 329.581 365.007 329.385C365.149 329.189 365.309 329.028 365.486 328.902C365.68 328.746 365.901 328.625 366.149 328.541C366.398 328.457 366.65 328.407 366.907 328.391C367.164 328.375 367.404 328.391 367.628 328.44V329.609C367.367 329.541 367.079 329.524 366.765 329.557C366.451 329.589 366.163 329.702 365.899 329.896C365.654 330.071 365.466 330.282 365.334 330.528C365.202 330.774 365.11 331.041 365.059 331.327C365.008 331.614 364.982 331.907 364.982 332.206V336H363.729ZM372.094 336.21C371.35 336.21 370.701 336.046 370.148 335.718C369.595 335.39 369.165 334.931 368.858 334.339C368.551 333.748 368.398 333.058 368.398 332.269C368.398 331.443 368.549 330.728 368.851 330.123C369.153 329.519 369.577 329.053 370.122 328.724C370.667 328.394 371.305 328.23 372.038 328.23C372.796 328.23 373.443 328.405 373.977 328.755C374.511 329.105 374.913 329.604 375.183 330.253C375.452 330.902 375.567 331.674 375.528 332.57H374.271V332.122C374.257 331.193 374.068 330.499 373.704 330.04C373.34 329.58 372.799 329.35 372.08 329.35C371.308 329.35 370.721 329.597 370.321 330.092C369.921 330.587 369.721 331.296 369.721 332.22C369.721 333.111 369.921 333.802 370.321 334.292C370.721 334.782 371.294 335.027 372.038 335.027C372.537 335.027 372.971 334.913 373.34 334.684C373.709 334.455 373.998 334.126 374.208 333.697L375.405 334.11C375.109 334.777 374.666 335.294 374.077 335.66C373.488 336.027 372.827 336.21 372.094 336.21ZM369.301 332.57V331.569H374.887V332.57H369.301ZM381.306 336C380.856 336.091 380.413 336.128 379.978 336.112C379.543 336.096 379.154 336.007 378.812 335.846C378.47 335.685 378.212 335.433 378.037 335.09C377.888 334.794 377.807 334.493 377.796 334.187C377.784 333.881 377.778 333.534 377.778 333.144V326.34H379.024V333.088C379.024 333.398 379.028 333.663 379.035 333.881C379.042 334.099 379.089 334.287 379.178 334.446C379.346 334.747 379.613 334.923 379.98 334.973C380.346 335.023 380.788 335.008 381.306 334.929V336ZM376.245 329.469V328.44H381.306V329.469H376.245ZM384.995 336.21C384.43 336.21 383.957 336.107 383.576 335.9C383.194 335.694 382.907 335.42 382.715 335.078C382.522 334.736 382.426 334.362 382.426 333.956C382.426 333.559 382.501 333.216 382.652 332.925C382.802 332.635 383.016 332.392 383.292 332.197C383.569 332.002 383.898 331.849 384.281 331.737C384.64 331.641 385.042 331.557 385.487 331.483C385.931 331.41 386.382 331.343 386.839 331.284C387.297 331.224 387.725 331.165 388.124 331.107L387.676 331.366C387.688 330.696 387.553 330.2 387.272 329.877C386.991 329.554 386.505 329.392 385.814 329.392C385.357 329.392 384.956 329.496 384.612 329.705C384.268 329.914 384.027 330.251 383.889 330.715L382.706 330.358C382.886 329.695 383.237 329.175 383.761 328.797C384.285 328.419 384.974 328.23 385.828 328.23C386.512 328.23 387.1 328.352 387.592 328.597C388.084 328.843 388.439 329.212 388.656 329.707C388.763 329.94 388.831 330.194 388.859 330.467C388.887 330.74 388.901 331.025 388.901 331.324V336H387.795V334.187L388.054 334.355C387.769 334.969 387.371 335.431 386.859 335.743C386.347 336.054 385.725 336.21 384.995 336.21ZM385.184 335.167C385.632 335.167 386.02 335.087 386.349 334.927C386.678 334.767 386.943 334.555 387.144 334.29C387.345 334.025 387.475 333.737 387.536 333.424C387.604 333.191 387.642 332.931 387.65 332.645C387.658 332.359 387.662 332.138 387.662 331.982L388.096 332.171C387.69 332.229 387.29 332.284 386.897 332.335C386.504 332.387 386.132 332.441 385.782 332.498C385.432 332.555 385.119 332.624 384.841 332.703C384.633 332.768 384.44 332.853 384.262 332.957C384.083 333.061 383.939 333.193 383.829 333.354C383.72 333.515 383.665 333.713 383.665 333.949C383.665 334.157 383.717 334.353 383.821 334.539C383.925 334.724 384.088 334.875 384.311 334.992C384.534 335.109 384.825 335.167 385.184 335.167ZM390.861 327.103V325.815H392.107V327.103H390.861ZM390.861 336V328.44H392.107V336H390.861ZM399.59 336V332.213C399.59 331.856 399.558 331.512 399.494 331.181C399.43 330.849 399.319 330.551 399.163 330.286C399.007 330.021 398.797 329.812 398.533 329.658C398.269 329.504 397.938 329.427 397.539 329.427C397.226 329.427 396.942 329.48 396.687 329.586C396.431 329.692 396.212 329.852 396.03 330.066C395.848 330.279 395.708 330.548 395.609 330.872C395.51 331.197 395.46 331.578 395.46 332.017L394.641 331.765C394.641 331.035 394.773 330.406 395.036 329.88C395.3 329.354 395.671 328.95 396.149 328.667C396.628 328.385 397.191 328.244 397.84 328.244C398.328 328.244 398.745 328.321 399.091 328.475C399.438 328.629 399.725 328.834 399.954 329.089C400.183 329.345 400.362 329.629 400.493 329.943C400.624 330.257 400.716 330.577 400.769 330.902C400.823 331.228 400.85 331.534 400.85 331.821V336H399.59ZM394.2 336V328.44H395.32V330.463H395.46V336H394.2ZM405.876 336.21C405.132 336.21 404.483 336.046 403.93 335.718C403.377 335.39 402.947 334.931 402.64 334.339C402.333 333.748 402.18 333.058 402.18 332.269C402.18 331.443 402.331 330.728 402.633 330.123C402.935 329.519 403.359 329.053 403.904 328.724C404.449 328.394 405.087 328.23 405.82 328.23C406.578 328.23 407.225 328.405 407.759 328.755C408.293 329.105 408.695 329.604 408.965 330.253C409.234 330.902 409.349 331.674 409.31 332.57H408.053V332.122C408.039 331.193 407.85 330.499 407.486 330.04C407.122 329.58 406.581 329.35 405.862 329.35C405.09 329.35 404.503 329.597 404.103 330.092C403.703 330.587 403.503 331.296 403.503 332.22C403.503 333.111 403.703 333.802 404.103 334.292C404.503 334.782 405.076 335.027 405.82 335.027C406.319 335.027 406.753 334.913 407.122 334.684C407.491 334.455 407.78 334.126 407.99 333.697L409.187 334.11C408.891 334.777 408.448 335.294 407.859 335.66C407.27 336.027 406.609 336.21 405.876 336.21ZM403.083 332.57V331.569H408.669V332.57H403.083ZM410.867 336V328.44H411.98V330.267L411.798 330.029C411.887 329.796 412.002 329.581 412.145 329.385C412.287 329.189 412.447 329.028 412.624 328.902C412.818 328.746 413.039 328.625 413.287 328.541C413.536 328.457 413.788 328.407 414.045 328.391C414.302 328.375 414.542 328.391 414.766 328.44V329.609C414.505 329.541 414.217 329.524 413.903 329.557C413.589 329.589 413.301 329.702 413.037 329.896C412.792 330.071 412.604 330.282 412.472 330.528C412.34 330.774 412.248 331.041 412.197 331.327C412.146 331.614 412.12 331.907 412.12 332.206V336H410.867ZM418.756 332.101V331.072H427.996V332.101H418.756ZM431.916 336L435.29 325.92H437.026L440.4 336H439.105L435.948 326.648H436.34L433.211 336H431.916ZM433.54 333.641V332.472H438.776V333.641H433.54ZM444.845 336.21C444.077 336.21 443.426 336.038 442.892 335.696C442.358 335.353 441.95 334.881 441.67 334.28C441.39 333.679 441.247 332.992 441.24 332.22C441.247 331.434 441.394 330.741 441.681 330.141C441.968 329.541 442.38 329.073 442.916 328.736C443.453 328.399 444.101 328.23 444.859 328.23C445.655 328.23 446.341 328.426 446.917 328.818C447.493 329.21 447.881 329.747 448.079 330.428L446.847 330.799C446.686 330.36 446.427 330.02 446.07 329.777C445.713 329.534 445.305 329.413 444.845 329.413C444.327 329.413 443.9 329.533 443.564 329.773C443.228 330.014 442.978 330.345 442.815 330.767C442.652 331.19 442.568 331.674 442.563 332.22C442.57 333.062 442.764 333.741 443.146 334.255C443.527 334.77 444.094 335.027 444.845 335.027C445.337 335.027 445.747 334.914 446.073 334.688C446.4 334.461 446.649 334.133 446.819 333.704L448.079 334.033C447.815 334.738 447.406 335.277 446.85 335.65C446.295 336.023 445.627 336.21 444.845 336.21ZM458.551 336L458.558 331.163C458.558 330.598 458.407 330.156 458.105 329.836C457.803 329.517 457.412 329.357 456.934 329.357C456.652 329.357 456.385 329.422 456.134 329.551C455.883 329.681 455.679 329.881 455.52 330.153C455.361 330.425 455.282 330.773 455.282 331.198L454.624 330.932C454.612 330.395 454.722 329.925 454.953 329.522C455.184 329.118 455.501 328.804 455.903 328.58C456.306 328.356 456.759 328.244 457.263 328.244C458.052 328.244 458.672 328.484 459.125 328.963C459.578 329.443 459.804 330.085 459.804 330.89L459.797 336H458.551ZM449.507 336V328.44H450.62V330.463H450.76V336H449.507ZM454.036 336L454.043 331.212C454.043 330.636 453.894 330.182 453.595 329.852C453.296 329.522 452.9 329.357 452.405 329.357C451.913 329.357 451.515 329.526 451.213 329.863C450.911 330.2 450.76 330.645 450.76 331.198L450.102 330.806C450.102 330.316 450.219 329.878 450.452 329.492C450.685 329.106 451.003 328.801 451.404 328.578C451.805 328.355 452.26 328.244 452.769 328.244C453.278 328.244 453.72 328.352 454.097 328.568C454.474 328.784 454.766 329.091 454.972 329.49C455.179 329.889 455.282 330.363 455.282 330.911L455.275 336H454.036ZM464.83 336.21C464.086 336.21 463.437 336.046 462.884 335.718C462.331 335.39 461.901 334.931 461.594 334.339C461.287 333.748 461.134 333.058 461.134 332.269C461.134 331.443 461.285 330.728 461.587 330.123C461.889 329.519 462.313 329.053 462.858 328.724C463.403 328.394 464.041 328.23 464.774 328.23C465.532 328.23 466.179 328.405 466.713 328.755C467.247 329.105 467.649 329.604 467.919 330.253C468.188 330.902 468.303 331.674 468.264 332.57H467.007V332.122C466.993 331.193 466.804 330.499 466.44 330.04C466.076 329.58 465.535 329.35 464.816 329.35C464.044 329.35 463.457 329.597 463.057 330.092C462.657 330.587 462.457 331.296 462.457 332.22C462.457 333.111 462.657 333.802 463.057 334.292C463.457 334.782 464.03 335.027 464.774 335.027C465.273 335.027 465.707 334.913 466.076 334.684C466.445 334.455 466.734 334.126 466.944 333.697L468.141 334.11C467.845 334.777 467.402 335.294 466.813 335.66C466.224 336.027 465.563 336.21 464.83 336.21ZM462.037 332.57V331.569H467.623V332.57H462.037ZM476.765 336.21C475.759 336.21 474.907 335.988 474.207 335.545C473.507 335.102 472.974 334.486 472.609 333.697C472.244 332.908 472.061 331.996 472.061 330.96C472.061 329.924 472.244 329.012 472.609 328.223C472.974 327.434 473.507 326.818 474.207 326.375C474.907 325.932 475.759 325.71 476.765 325.71C477.932 325.71 478.891 326.007 479.644 326.601C480.396 327.195 480.916 327.992 481.203 328.993L479.936 329.329C479.731 328.578 479.364 327.985 478.835 327.551C478.307 327.117 477.617 326.9 476.765 326.9C476.014 326.9 475.388 327.07 474.889 327.411C474.39 327.752 474.014 328.227 473.762 328.837C473.51 329.447 473.382 330.155 473.377 330.96C473.372 331.765 473.496 332.472 473.748 333.081C474 333.69 474.378 334.165 474.882 334.507C475.386 334.849 476.014 335.02 476.765 335.02C477.617 335.02 478.307 334.802 478.835 334.365C479.364 333.929 479.731 333.338 479.936 332.591L481.203 332.927C480.916 333.928 480.396 334.725 479.644 335.319C478.891 335.913 477.932 336.21 476.765 336.21ZM485.963 336.21C485.209 336.21 484.561 336.04 484.017 335.699C483.473 335.358 483.055 334.888 482.762 334.287C482.469 333.686 482.323 332.995 482.323 332.213C482.323 331.422 482.472 330.727 482.771 330.129C483.07 329.53 483.491 329.064 484.036 328.731C484.581 328.397 485.223 328.23 485.963 328.23C486.719 328.23 487.369 328.4 487.914 328.739C488.459 329.079 488.878 329.548 489.171 330.146C489.464 330.745 489.61 331.434 489.61 332.213C489.61 333.004 489.462 333.699 489.167 334.299C488.872 334.899 488.452 335.367 487.906 335.704C487.36 336.041 486.712 336.21 485.963 336.21ZM485.963 335.027C486.745 335.027 487.327 334.766 487.711 334.243C488.095 333.72 488.287 333.044 488.287 332.213C488.287 331.361 488.093 330.682 487.706 330.174C487.319 329.667 486.738 329.413 485.963 329.413C485.436 329.413 485.001 329.532 484.659 329.77C484.317 330.008 484.063 330.337 483.896 330.757C483.729 331.177 483.646 331.662 483.646 332.213C483.646 333.065 483.842 333.747 484.234 334.259C484.626 334.771 485.202 335.027 485.963 335.027Z" fill="#3C4A46"/>
<path d="M312.74 362.74C311.807 362.74 310.93 362.57 310.11 362.23C309.29 361.89 308.583 361.407 307.99 360.78C307.397 360.153 306.953 359.413 306.66 358.56L309.2 357.42C309.573 358.233 310.09 358.873 310.75 359.34C311.41 359.807 312.14 360.04 312.94 360.04C313.367 360.04 313.733 359.973 314.04 359.84C314.347 359.707 314.587 359.523 314.76 359.29C314.933 359.057 315.02 358.78 315.02 358.46C315.02 358.113 314.913 357.817 314.7 357.57C314.487 357.323 314.153 357.127 313.7 356.98L310.78 356.02C309.593 355.633 308.7 355.083 308.1 354.37C307.5 353.657 307.2 352.8 307.2 351.8C307.2 350.92 307.417 350.147 307.85 349.48C308.283 348.813 308.89 348.293 309.67 347.92C310.45 347.547 311.347 347.36 312.36 347.36C313.253 347.36 314.08 347.513 314.84 347.82C315.6 348.127 316.257 348.56 316.81 349.12C317.363 349.68 317.78 350.353 318.06 351.14L315.54 352.28C315.26 351.587 314.84 351.043 314.28 350.65C313.72 350.257 313.08 350.06 312.36 350.06C311.947 350.06 311.58 350.127 311.26 350.26C310.94 350.393 310.693 350.583 310.52 350.83C310.347 351.077 310.26 351.36 310.26 351.68C310.26 352.027 310.373 352.33 310.6 352.59C310.827 352.85 311.167 353.053 311.62 353.2L314.48 354.12C315.68 354.507 316.577 355.047 317.17 355.74C317.763 356.433 318.06 357.28 318.06 358.28C318.06 359.147 317.833 359.917 317.38 360.59C316.927 361.263 316.303 361.79 315.51 362.17C314.717 362.55 313.793 362.74 312.74 362.74ZM311.76 364.5V345.6H313.56V364.5H311.76ZM324.84 362.74C324.053 362.74 323.293 362.59 322.56 362.29C321.827 361.99 321.2 361.563 320.68 361.01C320.16 360.457 319.82 359.793 319.66 359.02L322.4 358.1C322.6 358.74 322.92 359.207 323.36 359.5C323.8 359.793 324.293 359.94 324.84 359.94C325.307 359.94 325.713 359.843 326.06 359.65C326.407 359.457 326.677 359.183 326.87 358.83C327.063 358.477 327.16 358.067 327.16 357.6C327.16 357.133 327.063 356.727 326.87 356.38C326.677 356.033 326.407 355.763 326.06 355.57C325.713 355.377 325.307 355.28 324.84 355.28C324.36 355.28 323.933 355.383 323.56 355.59C323.187 355.797 322.913 356.113 322.74 356.54L320.2 355.94L321.4 347.6H329.72V350.2H322.66L323.82 348.8L323 355L322.16 354.26C322.493 353.713 322.917 353.313 323.43 353.06C323.943 352.807 324.607 352.68 325.42 352.68C326.42 352.68 327.28 352.89 328 353.31C328.72 353.73 329.277 354.307 329.67 355.04C330.063 355.773 330.26 356.627 330.26 357.6C330.26 358.573 330.023 359.45 329.55 360.23C329.077 361.01 328.433 361.623 327.62 362.07C326.807 362.517 325.88 362.74 324.84 362.74ZM338.22 362.74C337.031 362.74 335.987 362.42 335.088 361.78C334.189 361.14 333.487 360.24 332.98 359.081C332.473 357.922 332.22 356.572 332.22 355.031C332.22 353.49 332.471 352.145 332.973 350.996C333.474 349.847 334.173 348.954 335.068 348.316C335.963 347.679 337.007 347.36 338.2 347.36C339.413 347.36 340.469 347.68 341.366 348.32C342.263 348.96 342.963 349.857 343.466 351.01C343.969 352.163 344.22 353.507 344.22 355.04C344.22 356.573 343.97 357.917 343.47 359.07C342.97 360.223 342.27 361.123 341.37 361.77C340.47 362.417 339.42 362.74 338.22 362.74ZM338.23 359.94C338.85 359.94 339.373 359.747 339.8 359.36C340.227 358.973 340.553 358.413 340.78 357.68C341.007 356.947 341.12 356.067 341.12 355.04C341.12 354.013 341.007 353.137 340.78 352.41C340.553 351.683 340.223 351.127 339.79 350.74C339.357 350.353 338.828 350.16 338.203 350.16C337.588 350.16 337.067 350.353 336.64 350.74C336.213 351.127 335.887 351.683 335.66 352.41C335.433 353.137 335.32 354.013 335.32 355.038C335.32 356.053 335.433 356.927 335.66 357.66C335.887 358.393 336.217 358.957 336.65 359.35C337.083 359.743 337.61 359.94 338.23 359.94ZM352.22 362.74C351.031 362.74 349.987 362.42 349.088 361.78C348.189 361.14 347.487 360.24 346.98 359.081C346.473 357.922 346.22 356.572 346.22 355.031C346.22 353.49 346.471 352.145 346.973 350.996C347.474 349.847 348.173 348.954 349.068 348.316C349.963 347.679 351.007 347.36 352.2 347.36C353.413 347.36 354.469 347.68 355.366 348.32C356.263 348.96 356.963 349.857 357.466 351.01C357.969 352.163 358.22 353.507 358.22 355.04C358.22 356.573 357.97 357.917 357.47 359.07C356.97 360.223 356.27 361.123 355.37 361.77C354.47 362.417 353.42 362.74 352.22 362.74ZM352.23 359.94C352.85 359.94 353.373 359.747 353.8 359.36C354.227 358.973 354.553 358.413 354.78 357.68C355.007 356.947 355.12 356.067 355.12 355.04C355.12 354.013 355.007 353.137 354.78 352.41C354.553 351.683 354.223 351.127 353.79 350.74C353.357 350.353 352.828 350.16 352.203 350.16C351.588 350.16 351.067 350.353 350.64 350.74C350.213 351.127 349.887 351.683 349.66 352.41C349.433 353.137 349.32 354.013 349.32 355.038C349.32 356.053 349.433 356.927 349.66 357.66C349.887 358.393 350.217 358.957 350.65 359.35C351.083 359.743 351.61 359.94 352.23 359.94Z" fill="#1C1B1B"/>
<path d="M367.069 363.168C366.478 363.168 365.955 363.071 365.499 362.877C365.043 362.684 364.656 362.415 364.34 362.071C364.024 361.727 363.783 361.332 363.618 360.886C363.452 360.44 363.369 359.962 363.369 359.451C363.369 359.309 363.375 359.17 363.388 359.036C363.401 358.902 363.424 358.781 363.457 358.674H369.337V360.074H364.5L365.371 359.423C365.282 359.845 365.301 360.226 365.427 360.566C365.553 360.905 365.761 361.173 366.052 361.369C366.342 361.565 366.681 361.663 367.069 361.663C367.458 361.663 367.801 361.566 368.096 361.372C368.391 361.179 368.617 360.898 368.775 360.529C368.932 360.16 368.991 359.717 368.952 359.199C368.991 358.725 368.929 358.311 368.764 357.957C368.6 357.602 368.357 357.326 368.036 357.129C367.715 356.932 367.342 356.833 366.915 356.833C366.499 356.833 366.145 356.922 365.852 357.099C365.559 357.276 365.327 357.512 365.154 357.806L363.67 357.088C363.829 356.722 364.065 356.399 364.379 356.119C364.693 355.839 365.068 355.62 365.504 355.461C365.94 355.302 366.418 355.223 366.936 355.223C367.72 355.223 368.406 355.4 368.994 355.755C369.582 356.11 370.039 356.589 370.367 357.192C370.695 357.795 370.859 358.469 370.859 359.213C370.859 359.967 370.693 360.643 370.362 361.241C370.031 361.84 369.579 362.31 369.006 362.654C368.433 362.997 367.787 363.168 367.069 363.168ZM371.615 363V352.57H373.435L377.345 357.876H376.473L380.295 352.57H382.115V363H380.208V354.744L380.95 354.926L376.977 360.2H376.753L372.889 354.926L373.523 354.744V363H371.615ZM387.687 363.168C386.943 363.168 386.265 362.996 385.655 362.652C385.045 362.308 384.559 361.836 384.198 361.236C383.836 360.636 383.655 359.955 383.655 359.192C383.655 358.424 383.835 357.743 384.196 357.148C384.556 356.553 385.041 356.083 385.65 355.739C386.259 355.395 386.938 355.223 387.687 355.223C388.436 355.223 389.113 355.395 389.719 355.737C390.324 356.081 390.807 356.55 391.166 357.145C391.525 357.74 391.705 358.422 391.705 359.192C391.705 359.957 391.524 360.64 391.161 361.239C390.798 361.839 390.314 362.31 389.708 362.654C389.103 362.997 388.429 363.168 387.687 363.168ZM387.687 361.488C388.1 361.488 388.464 361.39 388.779 361.194C389.094 360.998 389.343 360.726 389.525 360.378C389.707 360.031 389.798 359.635 389.798 359.192C389.798 358.749 389.707 358.356 389.525 358.014C389.343 357.672 389.094 357.402 388.779 357.202C388.464 357.003 388.1 356.903 387.687 356.903C387.274 356.903 386.908 357.003 386.59 357.202C386.271 357.402 386.02 357.672 385.837 358.014C385.654 358.356 385.563 358.749 385.563 359.192C385.563 359.635 385.654 360.031 385.837 360.378C386.02 360.726 386.271 360.998 386.59 361.194C386.908 361.39 387.274 361.488 387.687 361.488ZM393.091 363V355.391H394.824V356.889L394.68 356.623C394.86 356.159 395.151 355.809 395.555 355.575C395.959 355.34 396.43 355.223 396.969 355.223C397.536 355.223 398.035 355.344 398.467 355.587C398.899 355.83 399.236 356.167 399.48 356.599C399.724 357.03 399.846 357.531 399.846 358.1V363H398.009V358.534C398.009 358.196 397.944 357.906 397.816 357.666C397.688 357.426 397.508 357.238 397.276 357.104C397.044 356.97 396.778 356.903 396.476 356.903C396.175 356.903 395.906 356.97 395.671 357.104C395.435 357.238 395.252 357.426 395.123 357.668C394.993 357.909 394.929 358.198 394.929 358.534V363H393.091ZM404.872 363.084C404.011 363.084 403.344 362.848 402.872 362.375C402.399 361.903 402.163 361.239 402.163 360.386V357.019H400.851V355.391H400.991C401.364 355.391 401.653 355.291 401.857 355.092C402.061 354.892 402.163 354.606 402.163 354.232V353.655H404.001V355.391H405.758V357.019H404.001V360.28C404.001 360.539 404.045 360.758 404.134 360.935C404.222 361.112 404.363 361.247 404.555 361.338C404.748 361.429 404.991 361.474 405.285 361.474C405.353 361.474 405.431 361.469 405.52 361.46C405.608 361.451 405.697 361.441 405.786 361.432V363C405.653 363.021 405.502 363.04 405.334 363.058C405.166 363.075 405.012 363.084 404.872 363.084ZM407.175 363V352.402H409.013V356.889L408.764 356.623C408.944 356.159 409.235 355.809 409.639 355.575C410.043 355.34 410.514 355.223 411.053 355.223C411.62 355.223 412.119 355.344 412.551 355.587C412.983 355.83 413.32 356.167 413.564 356.599C413.808 357.03 413.93 357.529 413.93 358.096V363H412.093V358.534C412.093 358.196 412.028 357.906 411.898 357.666C411.769 357.426 411.589 357.238 411.358 357.104C411.127 356.97 410.859 356.903 410.556 356.903C410.26 356.903 409.994 356.97 409.758 357.104C409.522 357.238 409.339 357.426 409.209 357.668C409.078 357.909 409.013 358.198 409.013 358.534V363H407.175ZM415.477 363V352.402H417.315V363H415.477ZM419.936 366.08C419.731 366.08 419.53 366.063 419.334 366.029C419.138 365.995 418.962 365.94 418.806 365.863V364.327C418.927 364.357 419.072 364.385 419.241 364.412C419.41 364.439 419.57 364.452 419.719 364.452C420.141 364.452 420.449 364.357 420.643 364.166C420.837 363.974 421.005 363.72 421.147 363.403L421.655 362.23L421.627 363.774L418.312 355.391H420.286L422.607 361.579H421.903L424.22 355.391H426.201L422.887 363.774C422.695 364.257 422.459 364.672 422.178 365.02C421.897 365.367 421.571 365.631 421.201 365.81C420.831 365.99 420.41 366.08 419.936 366.08Z" fill="#3C4A46" fill-opacity="0.6"/>
<rect x="971.41" y="321" width="65.59" height="23" rx="11.5" fill="#00C2A8" fill-opacity="0.1"/>
<path d="M983.61 336L985.81 328.8H987.84L990.04 336H988.64L986.68 329.65H986.94L985.01 336H983.61ZM984.93 334.5V333.23H988.73V334.5H984.93ZM994.83 336.15C994.11 336.15 993.489 335.993 992.967 335.68C992.446 335.367 992.044 334.928 991.762 334.365C991.481 333.802 991.34 333.147 991.34 332.4C991.34 331.653 991.481 330.998 991.762 330.435C992.044 329.872 992.446 329.433 992.967 329.12C993.489 328.807 994.11 328.65 994.83 328.65C995.657 328.65 996.351 328.855 996.912 329.265C997.474 329.675 997.87 330.23 998.1 330.93L996.73 331.31C996.597 330.873 996.372 330.534 996.055 330.293C995.738 330.051 995.33 329.93 994.83 329.93C994.373 329.93 993.992 330.032 993.687 330.235C993.382 330.438 993.153 330.725 993 331.095C992.847 331.465 992.77 331.9 992.77 332.4C992.77 332.9 992.847 333.335 993 333.705C993.153 334.075 993.382 334.362 993.687 334.565C993.992 334.768 994.373 334.87 994.83 334.87C995.33 334.87 995.738 334.748 996.055 334.505C996.372 334.262 996.597 333.923 996.73 333.49L998.1 333.87C997.87 334.57 997.474 335.125 996.912 335.535C996.351 335.945 995.657 336.15 994.83 336.15ZM1001.87 336V330.07H999.6V328.8H1005.5V330.07H1003.23V336H1001.87ZM1007.4 336V328.8H1008.76V336H1007.4ZM1012.81 336L1010.61 328.8H1012.01L1013.81 334.72L1015.64 328.8H1017.04L1014.84 336H1012.81ZM1018.79 336V328.8H1023.49V330.07H1020.15V331.61H1022.89V332.88H1020.15V334.73H1023.49V336H1018.79Z" fill="#006B5C"/>
<mask id="path-27-inside-5_3768_757" fill="white">
<path d="M242 385H1037V441H242V385Z"/>
</mask>
<path d="M242 385V386H1037V385V384H242V385Z" fill="#BBCAC4" fill-opacity="0.1" mask="url(#path-27-inside-5_3768_757)"/>
<path d="M242.7 413V405.8H243.92L247.26 410.875V405.8H248.48V413H247.26L243.92 407.925V413H242.7ZM250.378 413V405.8H255.028V406.93H251.583V408.705H254.428V409.835H251.583V411.87H255.028V413H250.378ZM256.127 413L258.567 409.36L256.197 405.8H257.672L259.312 408.335L260.937 405.8H262.422L260.052 409.36L262.482 413H261.007L259.312 410.385L257.612 413H256.127ZM265.91 413V406.93H263.58V405.8H269.445V406.93H267.115V413H265.91ZM272.944 413V405.8H275.919C275.989 405.8 276.079 405.803 276.189 405.81C276.299 405.813 276.401 405.823 276.494 405.84C276.911 405.903 277.254 406.042 277.524 406.255C277.797 406.468 277.999 406.738 278.129 407.065C278.262 407.388 278.329 407.748 278.329 408.145C278.329 408.538 278.262 408.898 278.129 409.225C277.996 409.548 277.792 409.817 277.519 410.03C277.249 410.243 276.907 410.382 276.494 410.445C276.401 410.458 276.297 410.468 276.184 410.475C276.074 410.482 275.986 410.485 275.919 410.485H274.149V413H272.944ZM274.149 409.36H275.869C275.936 409.36 276.011 409.357 276.094 409.35C276.177 409.343 276.254 409.33 276.324 409.31C276.524 409.26 276.681 409.172 276.794 409.045C276.911 408.918 276.992 408.775 277.039 408.615C277.089 408.455 277.114 408.298 277.114 408.145C277.114 407.992 277.089 407.835 277.039 407.675C276.992 407.512 276.911 407.367 276.794 407.24C276.681 407.113 276.524 407.025 276.324 406.975C276.254 406.955 276.177 406.943 276.094 406.94C276.011 406.933 275.936 406.93 275.869 406.93H274.149V409.36ZM278.833 413L281.103 405.8H282.868L285.138 413H283.898L281.838 406.54H282.108L280.073 413H278.833ZM280.098 411.44V410.315H283.878V411.44H280.098ZM287.696 413V410.05L285.246 405.8H286.651L288.306 408.67L289.956 405.8H291.361L288.916 410.05V413H287.696ZM292.559 413V405.8H293.644L296.134 410.9L298.624 405.8H299.709V413H298.584V408.385L296.374 413H295.894L293.689 408.385V413H292.559ZM301.614 413V405.8H306.264V406.93H302.819V408.705H305.664V409.835H302.819V411.87H306.264V413H301.614ZM307.964 413V405.8H309.184L312.524 410.875V405.8H313.744V413H312.524L309.184 407.925V413H307.964ZM317.371 413V406.93H315.041V405.8H320.906V406.93H318.576V413H317.371Z" fill="#A1A1AA"/>
<path d="M242.28 436L245.556 425.92H247.663L250.939 436H249.42L246.403 426.802H246.781L243.799 436H242.28ZM243.981 433.725V432.353H249.245V433.725H243.981ZM255.744 436.21C255.021 436.21 254.414 436.035 253.924 435.685C253.434 435.33 253.063 434.852 252.811 434.25C252.559 433.648 252.433 432.969 252.433 432.213C252.433 431.457 252.557 430.778 252.804 430.176C253.056 429.574 253.425 429.1 253.91 428.755C254.4 428.405 255.002 428.23 255.716 428.23C256.425 428.23 257.037 428.405 257.55 428.755C258.068 429.1 258.467 429.574 258.747 430.176C259.027 430.773 259.167 431.452 259.167 432.213C259.167 432.969 259.027 433.65 258.747 434.257C258.472 434.859 258.077 435.335 257.564 435.685C257.055 436.035 256.449 436.21 255.744 436.21ZM252.188 439.36V428.44H253.49V433.879H253.658V439.36H252.188ZM255.541 434.887C256.008 434.887 256.393 434.768 256.696 434.53C257.004 434.292 257.233 433.972 257.382 433.571C257.536 433.165 257.613 432.712 257.613 432.213C257.613 431.718 257.536 431.27 257.382 430.869C257.233 430.468 257.002 430.148 256.689 429.91C256.376 429.672 255.977 429.553 255.492 429.553C255.035 429.553 254.657 429.665 254.358 429.889C254.064 430.113 253.845 430.426 253.7 430.827C253.56 431.228 253.49 431.69 253.49 432.213C253.49 432.736 253.56 433.198 253.7 433.599C253.84 434 254.062 434.315 254.365 434.544C254.668 434.773 255.06 434.887 255.541 434.887ZM260.712 436V428.44H262.014V430.274L261.832 430.036C261.926 429.793 262.047 429.572 262.196 429.371C262.346 429.166 262.518 428.998 262.714 428.867C262.906 428.727 263.118 428.62 263.351 428.545C263.589 428.466 263.832 428.419 264.079 428.405C264.327 428.386 264.565 428.398 264.793 428.44V429.812C264.546 429.747 264.271 429.728 263.967 429.756C263.669 429.784 263.393 429.88 263.141 430.043C262.903 430.197 262.714 430.384 262.574 430.603C262.439 430.822 262.341 431.067 262.28 431.338C262.22 431.604 262.189 431.886 262.189 432.185V436H260.712ZM266.266 427.201V425.78H267.729V427.201H266.266ZM266.266 436V428.44H267.729V436H266.266ZM269.972 436V425.71H271.435V436H269.972ZM278.096 436V427.53L276.199 428.685V427.054L278.096 425.92H279.587V436H278.096ZM281.545 437.673L281.636 437.022C281.837 437.036 281.993 436.999 282.105 436.91C282.217 436.821 282.292 436.698 282.329 436.539C282.366 436.38 282.373 436.201 282.35 436H281.545V434.313H283.092V436.14C283.092 436.691 282.959 437.106 282.693 437.386C282.432 437.666 282.049 437.762 281.545 437.673ZM288.268 435.993L288.275 434.691L292.664 430.757C293.019 430.444 293.259 430.146 293.385 429.861C293.516 429.576 293.581 429.292 293.581 429.007C293.581 428.648 293.502 428.326 293.343 428.041C293.185 427.752 292.965 427.523 292.685 427.355C292.405 427.187 292.083 427.103 291.719 427.103C291.346 427.103 291.012 427.192 290.718 427.369C290.429 427.542 290.203 427.773 290.039 428.062C289.876 428.351 289.797 428.664 289.801 429H288.303C288.303 428.347 288.45 427.775 288.744 427.285C289.043 426.79 289.451 426.405 289.969 426.13C290.487 425.85 291.08 425.71 291.747 425.71C292.382 425.71 292.951 425.855 293.455 426.144C293.959 426.429 294.356 426.821 294.645 427.32C294.939 427.819 295.086 428.389 295.086 429.028C295.086 429.49 295.026 429.882 294.904 430.204C294.783 430.526 294.601 430.825 294.358 431.1C294.116 431.375 293.812 431.674 293.448 431.996L290.06 435.02L289.899 434.6H295.086V435.993H288.268ZM300.279 436.21C299.593 436.21 298.986 436.061 298.459 435.762C297.932 435.459 297.516 435.043 297.213 434.516C296.914 433.989 296.765 433.382 296.765 432.696V429.224C296.765 428.538 296.914 427.931 297.213 427.404C297.516 426.877 297.932 426.464 298.459 426.165C298.986 425.862 299.593 425.71 300.279 425.71C300.965 425.71 301.572 425.862 302.099 426.165C302.626 426.464 303.039 426.877 303.338 427.404C303.641 427.931 303.793 428.538 303.793 429.224V432.696C303.793 433.382 303.641 433.989 303.338 434.516C303.039 435.043 302.626 435.459 302.099 435.762C301.572 436.061 300.965 436.21 300.279 436.21ZM300.279 434.81C300.652 434.81 300.991 434.721 301.294 434.544C301.602 434.362 301.847 434.119 302.029 433.816C302.211 433.508 302.302 433.165 302.302 432.787V429.119C302.302 428.746 302.211 428.407 302.029 428.104C301.847 427.796 301.602 427.553 301.294 427.376C300.991 427.194 300.652 427.103 300.279 427.103C299.906 427.103 299.565 427.194 299.257 427.376C298.954 427.553 298.711 427.796 298.529 428.104C298.347 428.407 298.256 428.746 298.256 429.119V432.787C298.256 433.165 298.347 433.508 298.529 433.816C298.711 434.119 298.954 434.362 299.257 434.544C299.565 434.721 299.906 434.81 300.279 434.81ZM305.468 435.993L305.475 434.691L309.864 430.757C310.218 430.444 310.459 430.146 310.585 429.861C310.715 429.576 310.781 429.292 310.781 429.007C310.781 428.648 310.701 428.326 310.543 428.041C310.384 427.752 310.165 427.523 309.885 427.355C309.605 427.187 309.283 427.103 308.919 427.103C308.545 427.103 308.212 427.192 307.918 427.369C307.628 427.542 307.402 427.773 307.239 428.062C307.075 428.351 306.996 428.664 307.001 429H305.503C305.503 428.347 305.65 427.775 305.944 427.285C306.242 426.79 306.651 426.405 307.169 426.13C307.687 425.85 308.279 425.71 308.947 425.71C309.581 425.71 310.151 425.855 310.655 426.144C311.159 426.429 311.555 426.821 311.845 427.32C312.139 427.819 312.286 428.389 312.286 429.028C312.286 429.49 312.225 429.882 312.104 430.204C311.982 430.526 311.8 430.825 311.558 431.1C311.315 431.375 311.012 431.674 310.648 431.996L307.26 435.02L307.099 434.6H312.286V435.993H305.468ZM317.429 436.21C316.776 436.21 316.188 436.056 315.665 435.748C315.143 435.435 314.727 435.008 314.419 434.467C314.116 433.926 313.964 433.31 313.964 432.619V429.406C313.964 428.673 314.116 428.029 314.419 427.474C314.727 426.919 315.152 426.487 315.693 426.179C316.239 425.871 316.867 425.717 317.576 425.717C318.108 425.717 318.608 425.817 319.074 426.018C319.541 426.219 319.945 426.517 320.285 426.914L319.214 427.915C319.023 427.668 318.783 427.472 318.493 427.327C318.209 427.178 317.903 427.103 317.576 427.103C317.156 427.103 316.788 427.203 316.47 427.404C316.153 427.6 315.903 427.859 315.721 428.181C315.544 428.503 315.455 428.848 315.455 429.217V431.065L315.168 430.743C315.458 430.365 315.817 430.066 316.246 429.847C316.676 429.628 317.135 429.518 317.625 429.518C318.251 429.518 318.808 429.665 319.298 429.959C319.793 430.248 320.18 430.643 320.46 431.142C320.745 431.641 320.887 432.204 320.887 432.829C320.887 433.459 320.729 434.031 320.411 434.544C320.099 435.053 319.679 435.459 319.151 435.762C318.629 436.061 318.055 436.21 317.429 436.21ZM317.429 434.803C317.793 434.803 318.125 434.714 318.423 434.537C318.722 434.36 318.96 434.122 319.137 433.823C319.315 433.524 319.403 433.193 319.403 432.829C319.403 432.465 319.315 432.134 319.137 431.835C318.965 431.536 318.729 431.298 318.43 431.121C318.132 430.944 317.8 430.855 317.436 430.855C317.072 430.855 316.739 430.944 316.435 431.121C316.137 431.298 315.899 431.536 315.721 431.835C315.544 432.134 315.455 432.465 315.455 432.829C315.455 433.188 315.544 433.517 315.721 433.816C315.899 434.115 316.137 434.355 316.435 434.537C316.734 434.714 317.065 434.803 317.429 434.803Z" fill="#1C1B1B"/>
<path d="M851.43 413V406.93H849.1V405.8H854.965V406.93H852.635V413H851.43ZM859.309 413.15C858.589 413.15 857.973 412.993 857.459 412.68C856.946 412.363 856.551 411.923 856.274 411.36C856.001 410.797 855.864 410.143 855.864 409.4C855.864 408.657 856.001 408.003 856.274 407.44C856.551 406.877 856.946 406.438 857.459 406.125C857.973 405.808 858.589 405.65 859.309 405.65C860.029 405.65 860.646 405.808 861.159 406.125C861.676 406.438 862.071 406.877 862.344 407.44C862.621 408.003 862.759 408.657 862.759 409.4C862.759 410.143 862.621 410.797 862.344 411.36C862.071 411.923 861.676 412.363 861.159 412.68C860.646 412.993 860.029 413.15 859.309 413.15ZM859.309 412.015C859.793 412.018 860.194 411.912 860.514 411.695C860.838 411.478 861.079 411.173 861.239 410.78C861.403 410.387 861.484 409.927 861.484 409.4C861.484 408.873 861.403 408.417 861.239 408.03C861.079 407.64 860.838 407.337 860.514 407.12C860.194 406.903 859.793 406.792 859.309 406.785C858.826 406.782 858.424 406.888 858.104 407.105C857.784 407.322 857.543 407.627 857.379 408.02C857.219 408.413 857.139 408.873 857.139 409.4C857.139 409.927 857.219 410.385 857.379 410.775C857.539 411.162 857.779 411.463 858.099 411.68C858.423 411.897 858.826 412.008 859.309 412.015ZM865.789 413V406.93H863.459V405.8H869.324V406.93H866.994V413H865.789ZM869.929 413L872.199 405.8H873.964L876.234 413H874.994L872.934 406.54H873.204L871.169 413H869.929ZM871.194 411.44V410.315H874.974V411.44H871.194ZM877.738 413V405.8H878.943V411.87H882.123V413H877.738ZM885.473 413V405.8H888.448C888.518 405.8 888.608 405.803 888.718 405.81C888.828 405.813 888.93 405.823 889.023 405.84C889.44 405.903 889.783 406.042 890.053 406.255C890.327 406.468 890.528 406.738 890.658 407.065C890.792 407.388 890.858 407.748 890.858 408.145C890.858 408.732 890.71 409.237 890.413 409.66C890.117 410.08 889.662 410.34 889.048 410.44L888.533 410.485H886.678V413H885.473ZM889.608 413L888.188 410.07L889.413 409.8L890.973 413H889.608ZM886.678 409.36H888.398C888.465 409.36 888.54 409.357 888.623 409.35C888.707 409.343 888.783 409.33 888.853 409.31C889.053 409.26 889.21 409.172 889.323 409.045C889.44 408.918 889.522 408.775 889.568 408.615C889.618 408.455 889.643 408.298 889.643 408.145C889.643 407.992 889.618 407.835 889.568 407.675C889.522 407.512 889.44 407.367 889.323 407.24C889.21 407.113 889.053 407.025 888.853 406.975C888.783 406.955 888.707 406.943 888.623 406.94C888.54 406.933 888.465 406.93 888.398 406.93H886.678V409.36ZM892.575 413V405.8H897.225V406.93H893.78V408.705H896.625V409.835H893.78V411.87H897.225V413H892.575ZM901.716 413.15C900.996 413.15 900.379 412.993 899.866 412.68C899.352 412.363 898.957 411.923 898.681 411.36C898.407 410.797 898.271 410.143 898.271 409.4C898.271 408.657 898.407 408.003 898.681 407.44C898.957 406.877 899.352 406.438 899.866 406.125C900.379 405.808 900.996 405.65 901.716 405.65C902.546 405.65 903.237 405.858 903.791 406.275C904.344 406.688 904.732 407.247 904.956 407.95L903.741 408.285C903.601 407.815 903.362 407.448 903.026 407.185C902.689 406.918 902.252 406.785 901.716 406.785C901.232 406.785 900.829 406.893 900.506 407.11C900.186 407.327 899.944 407.632 899.781 408.025C899.621 408.415 899.539 408.873 899.536 409.4C899.536 409.927 899.616 410.387 899.776 410.78C899.939 411.17 900.182 411.473 900.506 411.69C900.829 411.907 901.232 412.015 901.716 412.015C902.252 412.015 902.689 411.882 903.026 411.615C903.362 411.348 903.601 410.982 903.741 410.515L904.956 410.85C904.732 411.553 904.344 412.113 903.791 412.53C903.237 412.943 902.546 413.15 901.716 413.15ZM906.554 413V405.8H911.204V406.93H907.759V408.705H910.604V409.835H907.759V411.87H911.204V413H906.554ZM913.003 413V405.8H914.208V413H913.003ZM917.826 413L915.556 405.8H916.796L918.696 411.83L920.621 405.8H921.861L919.591 413H917.826ZM923.112 413V405.8H927.762V406.93H924.317V408.705H927.162V409.835H924.317V411.87H927.762V413H923.112ZM929.462 413V405.8H931.757C931.817 405.8 931.935 405.802 932.112 405.805C932.292 405.808 932.465 405.82 932.632 405.84C933.202 405.913 933.683 406.117 934.077 406.45C934.473 406.78 934.773 407.202 934.977 407.715C935.18 408.228 935.282 408.79 935.282 409.4C935.282 410.01 935.18 410.572 934.977 411.085C934.773 411.598 934.473 412.022 934.077 412.355C933.683 412.685 933.202 412.887 932.632 412.96C932.468 412.98 932.297 412.992 932.117 412.995C931.937 412.998 931.817 413 931.757 413H929.462ZM930.687 411.865H931.757C931.857 411.865 931.983 411.862 932.137 411.855C932.293 411.848 932.432 411.833 932.552 411.81C932.892 411.747 933.168 411.595 933.382 411.355C933.595 411.115 933.752 410.823 933.852 410.48C933.955 410.137 934.007 409.777 934.007 409.4C934.007 409.01 933.955 408.643 933.852 408.3C933.748 407.957 933.588 407.668 933.372 407.435C933.158 407.202 932.885 407.053 932.552 406.99C932.432 406.963 932.293 406.948 932.137 406.945C931.983 406.938 931.857 406.935 931.757 406.935H930.687V411.865Z" fill="#A1A1AA"/>
<path d="M852.626 437.393V435.755H854.089V437.393H852.626ZM852.626 426.172V424.527H854.089V426.172H852.626ZM853.431 436.21C852.731 436.21 852.106 436.084 851.555 435.832C851.004 435.58 850.552 435.223 850.197 434.761C849.847 434.294 849.618 433.744 849.511 433.109L850.96 432.878C851.1 433.475 851.399 433.951 851.856 434.306C852.313 434.656 852.862 434.831 853.501 434.831C854.136 434.831 854.651 434.679 855.048 434.376C855.449 434.073 855.65 433.685 855.65 433.214C855.65 432.878 855.547 432.605 855.342 432.395C855.141 432.185 854.812 432.008 854.355 431.863L851.989 431.135C850.589 430.701 849.889 429.861 849.889 428.615C849.889 428.027 850.029 427.516 850.309 427.082C850.594 426.648 850.993 426.312 851.506 426.074C852.019 425.836 852.619 425.717 853.305 425.717C853.963 425.726 854.546 425.848 855.055 426.081C855.568 426.314 855.993 426.65 856.329 427.089C856.67 427.528 856.905 428.055 857.036 428.671L855.545 428.937C855.48 428.578 855.342 428.26 855.132 427.985C854.927 427.71 854.665 427.495 854.348 427.341C854.035 427.187 853.683 427.108 853.291 427.103C852.922 427.094 852.591 427.152 852.297 427.278C852.008 427.399 851.777 427.572 851.604 427.796C851.436 428.015 851.352 428.265 851.352 428.545C851.352 428.853 851.471 429.114 851.709 429.329C851.947 429.544 852.323 429.728 852.836 429.882L854.691 430.421C855.54 430.673 856.154 431.011 856.532 431.436C856.91 431.861 857.099 432.425 857.099 433.13C857.099 433.746 856.945 434.285 856.637 434.747C856.334 435.204 855.907 435.564 855.356 435.825C854.805 436.082 854.164 436.21 853.431 436.21ZM860.35 436V427.53L858.453 428.685V427.054L860.35 425.92H861.841V436H860.35ZM863.799 437.673L863.89 437.022C864.091 437.036 864.247 436.999 864.359 436.91C864.471 436.821 864.546 436.698 864.583 436.539C864.62 436.38 864.627 436.201 864.604 436H863.799V434.313H865.346V436.14C865.346 436.691 865.213 437.106 864.947 437.386C864.686 437.666 864.303 437.762 863.799 437.673ZM871.514 436.21C870.828 436.21 870.221 436.061 869.694 435.762C869.166 435.459 868.751 435.043 868.448 434.516C868.149 433.989 868 433.382 868 432.696V429.224C868 428.538 868.149 427.931 868.448 427.404C868.751 426.877 869.166 426.464 869.694 426.165C870.221 425.862 870.828 425.71 871.514 425.71C872.2 425.71 872.806 425.862 873.334 426.165C873.861 426.464 874.274 426.877 874.573 427.404C874.876 427.931 875.028 428.538 875.028 429.224V432.696C875.028 433.382 874.876 433.989 874.573 434.516C874.274 435.043 873.861 435.459 873.334 435.762C872.806 436.061 872.2 436.21 871.514 436.21ZM871.514 434.81C871.887 434.81 872.225 434.721 872.529 434.544C872.837 434.362 873.082 434.119 873.264 433.816C873.446 433.508 873.537 433.165 873.537 432.787V429.119C873.537 428.746 873.446 428.407 873.264 428.104C873.082 427.796 872.837 427.553 872.529 427.376C872.225 427.194 871.887 427.103 871.514 427.103C871.14 427.103 870.8 427.194 870.492 427.376C870.188 427.553 869.946 427.796 869.764 428.104C869.582 428.407 869.491 428.746 869.491 429.119V432.787C869.491 433.165 869.582 433.508 869.764 433.816C869.946 434.119 870.188 434.362 870.492 434.544C870.8 434.721 871.14 434.81 871.514 434.81ZM880.496 436.21C879.81 436.21 879.203 436.061 878.676 435.762C878.149 435.459 877.733 435.043 877.43 434.516C877.131 433.989 876.982 433.382 876.982 432.696V429.224C876.982 428.538 877.131 427.931 877.43 427.404C877.733 426.877 878.149 426.464 878.676 426.165C879.203 425.862 879.81 425.71 880.496 425.71C881.182 425.71 881.789 425.862 882.316 426.165C882.843 426.464 883.256 426.877 883.555 427.404C883.858 427.931 884.01 428.538 884.01 429.224V432.696C884.01 433.382 883.858 433.989 883.555 434.516C883.256 435.043 882.843 435.459 882.316 435.762C881.789 436.061 881.182 436.21 880.496 436.21ZM880.496 434.81C880.869 434.81 881.208 434.721 881.511 434.544C881.819 434.362 882.064 434.119 882.246 433.816C882.428 433.508 882.519 433.165 882.519 432.787V429.119C882.519 428.746 882.428 428.407 882.246 428.104C882.064 427.796 881.819 427.553 881.511 427.376C881.208 427.194 880.869 427.103 880.496 427.103C880.123 427.103 879.782 427.194 879.474 427.376C879.171 427.553 878.928 427.796 878.746 428.104C878.564 428.407 878.473 428.746 878.473 429.119V432.787C878.473 433.165 878.564 433.508 878.746 433.816C878.928 434.119 879.171 434.362 879.474 434.544C879.782 434.721 880.123 434.81 880.496 434.81ZM889.478 436.21C888.792 436.21 888.186 436.061 887.658 435.762C887.131 435.459 886.716 435.043 886.412 434.516C886.114 433.989 885.964 433.382 885.964 432.696V429.224C885.964 428.538 886.114 427.931 886.412 427.404C886.716 426.877 887.131 426.464 887.658 426.165C888.186 425.862 888.792 425.71 889.478 425.71C890.164 425.71 890.771 425.862 891.298 426.165C891.826 426.464 892.239 426.877 892.537 427.404C892.841 427.931 892.992 428.538 892.992 429.224V432.696C892.992 433.382 892.841 433.989 892.537 434.516C892.239 435.043 891.826 435.459 891.298 435.762C890.771 436.061 890.164 436.21 889.478 436.21ZM889.478 434.81C889.852 434.81 890.19 434.721 890.493 434.544C890.801 434.362 891.046 434.119 891.228 433.816C891.41 433.508 891.501 433.165 891.501 432.787V429.119C891.501 428.746 891.41 428.407 891.228 428.104C891.046 427.796 890.801 427.553 890.493 427.376C890.19 427.194 889.852 427.103 889.478 427.103C889.105 427.103 888.764 427.194 888.456 427.376C888.153 427.553 887.91 427.796 887.728 428.104C887.546 428.407 887.455 428.746 887.455 429.119V432.787C887.455 433.165 887.546 433.508 887.728 433.816C887.91 434.119 888.153 434.362 888.456 434.544C888.764 434.721 889.105 434.81 889.478 434.81Z" fill="#1C1B1B"/>
<rect x="218" y="485" width="843" height="220" rx="24" fill="white"/>
<rect x="242" y="509" width="48" height="48" rx="16" fill="#FFDBD0"/>
<path d="M262.8 531.95L264.95 529.775L263.55 528.35L262.45 529.45L261.05 528.05L262.125 526.95L261 525.825L258.825 528L262.8 531.95ZM271 540.175L273.175 538L272.05 536.875L270.95 537.95L269.55 536.55L270.625 535.45L269.2 534.05L267.05 536.2L271 540.175ZM271.6 526L273.025 527.425L271.6 526ZM261.25 542H257V537.75L261.375 533.375L256 528L261 523L266.4 528.4L270.175 524.6C270.375 524.4 270.6 524.25 270.85 524.15C271.1 524.05 271.358 524 271.625 524C271.892 524 272.15 524.05 272.4 524.15C272.65 524.25 272.875 524.4 273.075 524.6L274.4 525.95C274.6 526.15 274.75 526.375 274.85 526.625C274.95 526.875 275 527.133 275 527.4C275 527.667 274.95 527.921 274.85 528.162C274.75 528.404 274.6 528.625 274.4 528.825L270.625 532.625L276 538L271 543L265.625 537.625L261.25 542ZM259 540H260.4L270.2 530.225L268.775 528.8L259 538.6V540ZM269.5 529.525L268.775 528.8L270.2 530.225L269.5 529.525Z" fill="#9D4224"/>
<path d="M306.98 524V513.92H310.088C310.188 513.92 310.367 513.922 310.623 513.927C310.88 513.932 311.126 513.95 311.362 513.983C312.139 514.086 312.791 514.369 313.317 514.834C313.843 515.298 314.239 515.888 314.505 516.603C314.771 517.318 314.904 518.104 314.904 518.96C314.904 519.819 314.771 520.606 314.505 521.321C314.239 522.036 313.843 522.625 313.317 523.088C312.791 523.551 312.139 523.834 311.362 523.937C311.129 523.967 310.882 523.985 310.622 523.991C310.362 523.997 310.184 524 310.088 524H306.98ZM308.261 522.81H310.088C310.263 522.81 310.461 522.805 310.681 522.794C310.902 522.784 311.094 522.763 311.257 522.733C311.808 522.633 312.253 522.402 312.594 522.042C312.935 521.681 313.184 521.233 313.343 520.698C313.502 520.162 313.581 519.583 313.581 518.96C313.581 518.325 313.5 517.74 313.339 517.205C313.179 516.669 312.927 516.224 312.585 515.868C312.243 515.512 311.801 515.285 311.257 515.187C311.094 515.154 310.9 515.133 310.676 515.124C310.452 515.115 310.256 515.11 310.088 515.11H308.261V522.81ZM319.79 524.21C319.046 524.21 318.397 524.046 317.844 523.718C317.291 523.39 316.861 522.931 316.554 522.339C316.247 521.748 316.094 521.058 316.094 520.269C316.094 519.443 316.245 518.728 316.547 518.123C316.849 517.519 317.273 517.053 317.818 516.724C318.363 516.394 319.001 516.23 319.734 516.23C320.492 516.23 321.139 516.405 321.673 516.755C322.207 517.105 322.609 517.604 322.879 518.253C323.148 518.902 323.263 519.674 323.224 520.57H321.967V520.122C321.953 519.193 321.764 518.499 321.4 518.04C321.036 517.58 320.495 517.35 319.776 517.35C319.004 517.35 318.417 517.597 318.017 518.092C317.617 518.587 317.417 519.296 317.417 520.22C317.417 521.111 317.617 521.802 318.017 522.292C318.417 522.782 318.99 523.027 319.734 523.027C320.233 523.027 320.667 522.913 321.036 522.684C321.405 522.455 321.694 522.126 321.904 521.697L323.101 522.11C322.805 522.777 322.362 523.294 321.773 523.66C321.184 524.027 320.523 524.21 319.79 524.21ZM316.997 520.57V519.569H322.583V520.57H316.997ZM327.637 524.203C326.734 524.203 325.995 524.006 325.42 523.611C324.845 523.217 324.492 522.665 324.361 521.956L325.635 521.753C325.738 522.164 325.973 522.489 326.342 522.729C326.711 522.97 327.168 523.09 327.714 523.09C328.23 523.09 328.635 522.983 328.93 522.77C329.225 522.556 329.373 522.264 329.373 521.893C329.373 521.681 329.324 521.508 329.226 521.375C329.128 521.242 328.926 521.117 328.621 521.001C328.315 520.884 327.854 520.743 327.238 520.577C326.571 520.4 326.045 520.216 325.661 520.026C325.277 519.836 325.004 519.614 324.842 519.362C324.68 519.111 324.599 518.804 324.599 518.442C324.599 517.999 324.72 517.611 324.963 517.278C325.206 516.946 325.545 516.688 325.98 516.505C326.415 516.322 326.923 516.23 327.504 516.23C328.078 516.23 328.591 516.322 329.042 516.505C329.494 516.688 329.858 516.946 330.136 517.278C330.414 517.611 330.579 517.999 330.633 518.442L329.359 518.673C329.298 518.269 329.103 517.95 328.773 517.716C328.443 517.481 328.02 517.357 327.504 517.343C327.014 517.327 326.616 517.414 326.311 517.605C326.005 517.797 325.852 518.055 325.852 518.379C325.852 518.563 325.909 518.72 326.022 518.85C326.135 518.979 326.347 519.102 326.659 519.219C326.97 519.336 327.422 519.469 328.015 519.618C328.68 519.788 329.205 519.972 329.59 520.169C329.975 520.366 330.25 520.6 330.414 520.869C330.579 521.139 330.661 521.468 330.661 521.858C330.661 522.588 330.393 523.162 329.856 523.578C329.319 523.995 328.58 524.203 327.637 524.203ZM332.348 515.103V513.815H333.594V515.103H332.348ZM332.348 524V516.44H333.594V524H332.348ZM338.753 527.57C338.356 527.57 337.969 527.51 337.591 527.39C337.213 527.27 336.867 527.087 336.552 526.842C336.237 526.597 335.974 526.287 335.764 525.911L336.905 525.309C337.092 525.68 337.356 525.949 337.698 526.116C338.04 526.283 338.394 526.366 338.76 526.366C339.241 526.366 339.639 526.279 339.955 526.104C340.271 525.929 340.506 525.668 340.659 525.323C340.812 524.978 340.886 524.548 340.881 524.035V521.97H341.028V516.44H342.134V524.049C342.134 524.257 342.128 524.456 342.115 524.646C342.102 524.836 342.078 525.024 342.043 525.211C341.945 525.748 341.751 526.19 341.462 526.538C341.173 526.885 340.799 527.144 340.342 527.315C339.885 527.485 339.355 527.57 338.753 527.57ZM338.662 524.21C337.957 524.21 337.352 524.034 336.847 523.683C336.342 523.332 335.954 522.855 335.682 522.252C335.41 521.649 335.274 520.969 335.274 520.213C335.274 519.457 335.41 518.779 335.682 518.178C335.954 517.577 336.342 517.102 336.847 516.753C337.352 516.404 337.955 516.23 338.655 516.23C339.367 516.23 339.966 516.403 340.452 516.75C340.939 517.096 341.307 517.57 341.557 518.171C341.806 518.772 341.931 519.452 341.931 520.213C341.931 520.967 341.806 521.645 341.557 522.248C341.307 522.851 340.939 523.329 340.454 523.682C339.969 524.034 339.371 524.21 338.662 524.21ZM338.816 523.069C339.325 523.069 339.742 522.947 340.069 522.702C340.396 522.456 340.637 522.119 340.794 521.688C340.95 521.258 341.028 520.766 341.028 520.213C341.028 519.655 340.949 519.162 340.792 518.734C340.634 518.306 340.395 517.972 340.073 517.731C339.751 517.491 339.343 517.371 338.851 517.371C338.338 517.371 337.914 517.497 337.581 517.749C337.247 518.001 337 518.342 336.839 518.771C336.678 519.2 336.597 519.681 336.597 520.213C336.597 520.75 336.679 521.234 336.842 521.666C337.005 522.097 337.251 522.439 337.579 522.691C337.907 522.943 338.319 523.069 338.816 523.069ZM349.477 524V520.213C349.477 519.856 349.445 519.512 349.381 519.181C349.317 518.849 349.206 518.551 349.05 518.286C348.894 518.021 348.684 517.812 348.42 517.658C348.156 517.504 347.825 517.427 347.426 517.427C347.113 517.427 346.829 517.48 346.574 517.586C346.318 517.692 346.099 517.852 345.917 518.066C345.735 518.279 345.595 518.548 345.496 518.872C345.397 519.197 345.347 519.578 345.347 520.017L344.528 519.765C344.528 519.035 344.66 518.406 344.923 517.88C345.187 517.354 345.558 516.95 346.036 516.667C346.515 516.385 347.078 516.244 347.727 516.244C348.215 516.244 348.632 516.321 348.978 516.475C349.325 516.629 349.612 516.834 349.841 517.089C350.07 517.345 350.249 517.629 350.38 517.943C350.511 518.257 350.603 518.577 350.656 518.902C350.71 519.228 350.737 519.534 350.737 519.821V524H349.477ZM344.087 524V516.44H345.207V518.463H345.347V524H344.087ZM358.934 524.21C358.22 524.21 357.577 524.089 357.005 523.846C356.434 523.603 355.962 523.257 355.591 522.808C355.22 522.359 354.979 521.825 354.867 521.207L356.155 521.004C356.316 521.639 356.654 522.135 357.17 522.492C357.686 522.849 358.295 523.027 358.997 523.027C359.447 523.027 359.856 522.956 360.222 522.814C360.588 522.671 360.879 522.468 361.095 522.203C361.311 521.938 361.419 521.622 361.419 521.256C361.419 521.034 361.38 520.842 361.302 520.68C361.224 520.518 361.119 520.38 360.987 520.267C360.855 520.154 360.704 520.058 360.535 519.978C360.366 519.899 360.192 519.833 360.012 519.779L357.443 519.016C357.163 518.934 356.892 518.829 356.631 518.701C356.37 518.573 356.136 518.412 355.931 518.218C355.726 518.024 355.562 517.79 355.441 517.516C355.32 517.242 355.259 516.918 355.259 516.545C355.259 515.95 355.414 515.441 355.723 515.017C356.032 514.594 356.452 514.271 356.984 514.048C357.516 513.825 358.117 513.715 358.787 513.717C359.464 513.722 360.069 513.842 360.603 514.077C361.138 514.313 361.581 514.65 361.932 515.089C362.283 515.528 362.52 516.053 362.644 516.664L361.321 516.895C361.251 516.487 361.096 516.134 360.855 515.836C360.615 515.539 360.315 515.309 359.954 515.148C359.594 514.987 359.2 514.905 358.773 514.9C358.36 514.895 357.988 514.961 357.656 515.098C357.325 515.234 357.062 515.423 356.867 515.663C356.672 515.903 356.575 516.179 356.575 516.489C356.575 516.799 356.663 517.049 356.839 517.238C357.015 517.427 357.233 517.576 357.492 517.684C357.751 517.793 358.005 517.882 358.255 517.952L360.173 518.505C360.392 518.566 360.645 518.65 360.932 518.757C361.219 518.864 361.498 519.015 361.769 519.21C362.04 519.405 362.264 519.662 362.441 519.98C362.618 520.299 362.707 520.701 362.707 521.186C362.707 521.674 362.61 522.106 362.415 522.483C362.22 522.86 361.95 523.176 361.604 523.431C361.259 523.687 360.858 523.88 360.402 524.012C359.946 524.144 359.457 524.21 358.934 524.21ZM367.047 524.196C366.559 524.196 366.142 524.119 365.796 523.965C365.449 523.811 365.162 523.606 364.933 523.351C364.704 523.095 364.525 522.811 364.394 522.497C364.263 522.183 364.171 521.863 364.117 521.538C364.064 521.212 364.037 520.906 364.037 520.619V516.44H365.297V520.227C365.297 520.582 365.329 520.925 365.393 521.258C365.457 521.59 365.568 521.889 365.724 522.154C365.88 522.419 366.09 522.628 366.354 522.782C366.618 522.936 366.949 523.013 367.348 523.013C367.661 523.013 367.945 522.96 368.2 522.854C368.456 522.748 368.674 522.588 368.856 522.374C369.038 522.161 369.179 521.891 369.278 521.566C369.377 521.24 369.427 520.859 369.427 520.423L370.246 520.675C370.246 521.405 370.114 522.034 369.85 522.56C369.587 523.086 369.216 523.49 368.737 523.773C368.259 524.055 367.696 524.196 367.047 524.196ZM369.567 524V521.977H369.427V516.44H370.68V524H369.567ZM376.112 524.21C375.403 524.21 374.805 524.034 374.32 523.682C373.835 523.329 373.467 522.851 373.218 522.248C372.968 521.645 372.843 520.967 372.843 520.213C372.843 519.452 372.968 518.772 373.218 518.171C373.467 517.57 373.835 517.096 374.322 516.75C374.808 516.403 375.407 516.23 376.119 516.23C376.819 516.23 377.422 516.404 377.927 516.753C378.432 517.102 378.82 517.577 379.092 518.178C379.364 518.779 379.5 519.457 379.5 520.213C379.5 520.969 379.364 521.649 379.092 522.252C378.82 522.855 378.432 523.332 377.927 523.683C377.422 524.034 376.817 524.21 376.112 524.21ZM372.633 527.36V516.44H373.746V522.005H373.886V527.36H372.633ZM375.958 523.069C376.455 523.069 376.867 522.943 377.195 522.691C377.523 522.439 377.769 522.097 377.932 521.666C378.095 521.234 378.177 520.75 378.177 520.213C378.177 519.681 378.096 519.2 377.934 518.771C377.772 518.342 377.524 518.001 377.192 517.749C376.859 517.497 376.436 517.371 375.923 517.371C375.431 517.371 375.024 517.491 374.702 517.731C374.38 517.972 374.14 518.306 373.982 518.734C373.825 519.162 373.746 519.655 373.746 520.213C373.746 520.766 373.824 521.258 373.981 521.688C374.137 522.119 374.378 522.456 374.705 522.702C375.032 522.947 375.449 523.069 375.958 523.069ZM384.512 524.21C383.803 524.21 383.205 524.034 382.72 523.682C382.235 523.329 381.867 522.851 381.617 522.248C381.368 521.645 381.243 520.967 381.243 520.213C381.243 519.452 381.368 518.772 381.617 518.171C381.867 517.57 382.235 517.096 382.722 516.75C383.208 516.403 383.807 516.23 384.519 516.23C385.219 516.23 385.822 516.404 386.327 516.753C386.832 517.102 387.22 517.577 387.492 518.178C387.764 518.779 387.9 519.457 387.9 520.213C387.9 520.969 387.764 521.649 387.492 522.252C387.22 522.855 386.832 523.332 386.327 523.683C385.822 524.034 385.217 524.21 384.512 524.21ZM381.033 527.36V516.44H382.146V522.005H382.286V527.36H381.033ZM384.358 523.069C384.855 523.069 385.267 522.943 385.595 522.691C385.923 522.439 386.169 522.097 386.332 521.666C386.495 521.234 386.577 520.75 386.577 520.213C386.577 519.681 386.496 519.2 386.334 518.771C386.172 518.342 385.924 518.001 385.592 517.749C385.259 517.497 384.836 517.371 384.323 517.371C383.831 517.371 383.423 517.491 383.101 517.731C382.779 517.972 382.54 518.306 382.382 518.734C382.225 519.162 382.146 519.655 382.146 520.213C382.146 520.766 382.224 521.258 382.38 521.688C382.537 522.119 382.778 522.456 383.105 522.702C383.432 522.947 383.849 523.069 384.358 523.069ZM392.66 524.21C391.906 524.21 391.258 524.04 390.714 523.699C390.17 523.358 389.752 522.888 389.459 522.287C389.166 521.686 389.02 520.995 389.02 520.213C389.02 519.422 389.169 518.727 389.468 518.129C389.767 517.53 390.188 517.064 390.733 516.731C391.278 516.397 391.92 516.23 392.66 516.23C393.416 516.23 394.066 516.4 394.611 516.739C395.156 517.079 395.575 517.548 395.868 518.146C396.161 518.745 396.307 519.434 396.307 520.213C396.307 521.004 396.159 521.699 395.864 522.299C395.569 522.899 395.148 523.367 394.602 523.704C394.056 524.041 393.409 524.21 392.66 524.21ZM392.66 523.027C393.442 523.027 394.024 522.766 394.408 522.243C394.792 521.72 394.984 521.044 394.984 520.213C394.984 519.361 394.79 518.682 394.403 518.174C394.016 517.667 393.435 517.413 392.66 517.413C392.133 517.413 391.698 517.532 391.356 517.77C391.014 518.008 390.76 518.337 390.593 518.757C390.426 519.177 390.343 519.662 390.343 520.213C390.343 521.065 390.539 521.747 390.931 522.259C391.323 522.771 391.899 523.027 392.66 523.027ZM397.847 524V516.44H398.96V518.267L398.778 518.029C398.867 517.796 398.982 517.581 399.124 517.385C399.267 517.189 399.427 517.028 399.604 516.902C399.798 516.746 400.019 516.625 400.267 516.541C400.516 516.457 400.768 516.407 401.025 516.391C401.282 516.375 401.522 516.391 401.746 516.44V517.609C401.485 517.541 401.197 517.524 400.883 517.557C400.569 517.589 400.281 517.702 400.017 517.896C399.772 518.071 399.584 518.282 399.452 518.528C399.32 518.774 399.228 519.041 399.177 519.327C399.126 519.614 399.1 519.907 399.1 520.206V524H397.847ZM407.297 524C406.847 524.091 406.404 524.128 405.969 524.112C405.534 524.096 405.145 524.007 404.803 523.846C404.461 523.685 404.203 523.433 404.028 523.09C403.879 522.794 403.798 522.493 403.787 522.187C403.775 521.881 403.769 521.534 403.769 521.144V514.34H405.015V521.088C405.015 521.398 405.019 521.663 405.026 521.881C405.033 522.099 405.08 522.287 405.169 522.446C405.337 522.747 405.604 522.923 405.971 522.973C406.337 523.023 406.779 523.008 407.297 522.929V524ZM402.236 517.469V516.44H407.297V517.469H402.236ZM411.497 520.101V519.072H420.737V520.101H411.497ZM428.934 524.21C428.22 524.21 427.577 524.089 427.005 523.846C426.434 523.603 425.962 523.257 425.591 522.808C425.22 522.359 424.979 521.825 424.867 521.207L426.155 521.004C426.316 521.639 426.654 522.135 427.17 522.492C427.686 522.849 428.295 523.027 428.997 523.027C429.447 523.027 429.856 522.956 430.222 522.814C430.588 522.671 430.879 522.468 431.095 522.203C431.311 521.938 431.419 521.622 431.419 521.256C431.419 521.034 431.38 520.842 431.302 520.68C431.224 520.518 431.119 520.38 430.987 520.267C430.855 520.154 430.704 520.058 430.535 519.978C430.366 519.899 430.192 519.833 430.012 519.779L427.443 519.016C427.163 518.934 426.892 518.829 426.631 518.701C426.37 518.573 426.136 518.412 425.931 518.218C425.726 518.024 425.562 517.79 425.441 517.516C425.32 517.242 425.259 516.918 425.259 516.545C425.259 515.95 425.414 515.441 425.723 515.017C426.032 514.594 426.452 514.271 426.984 514.048C427.516 513.825 428.117 513.715 428.787 513.717C429.464 513.722 430.069 513.842 430.603 514.077C431.138 514.313 431.581 514.65 431.932 515.089C432.283 515.528 432.52 516.053 432.644 516.664L431.321 516.895C431.251 516.487 431.096 516.134 430.855 515.836C430.615 515.539 430.315 515.309 429.954 515.148C429.594 514.987 429.2 514.905 428.773 514.9C428.36 514.895 427.988 514.961 427.656 515.098C427.325 515.234 427.062 515.423 426.867 515.663C426.672 515.903 426.575 516.179 426.575 516.489C426.575 516.799 426.663 517.049 426.839 517.238C427.015 517.427 427.233 517.576 427.492 517.684C427.751 517.793 428.005 517.882 428.255 517.952L430.173 518.505C430.392 518.566 430.645 518.65 430.932 518.757C431.219 518.864 431.498 519.015 431.769 519.21C432.04 519.405 432.264 519.662 432.441 519.98C432.618 520.299 432.707 520.701 432.707 521.186C432.707 521.674 432.61 522.106 432.415 522.483C432.22 522.86 431.95 523.176 431.604 523.431C431.259 523.687 430.858 523.88 430.402 524.012C429.946 524.144 429.457 524.21 428.934 524.21ZM438.398 524C437.948 524.091 437.505 524.128 437.07 524.112C436.635 524.096 436.246 524.007 435.904 523.846C435.562 523.685 435.304 523.433 435.129 523.09C434.98 522.794 434.899 522.493 434.887 522.187C434.876 521.881 434.87 521.534 434.87 521.144V514.34H436.116V521.088C436.116 521.398 436.119 521.663 436.126 521.881C436.133 522.099 436.181 522.287 436.27 522.446C436.438 522.747 436.705 522.923 437.071 522.973C437.438 523.023 437.88 523.008 438.398 522.929V524ZM433.337 517.469V516.44H438.398V517.469H433.337ZM442.808 524.196C442.32 524.196 441.903 524.119 441.557 523.965C441.21 523.811 440.923 523.606 440.694 523.351C440.465 523.095 440.286 522.811 440.155 522.497C440.024 522.183 439.932 521.863 439.878 521.538C439.825 521.212 439.798 520.906 439.798 520.619V516.44H441.058V520.227C441.058 520.582 441.09 520.925 441.154 521.258C441.218 521.59 441.329 521.889 441.485 522.154C441.641 522.419 441.851 522.628 442.115 522.782C442.379 522.936 442.71 523.013 443.109 523.013C443.422 523.013 443.706 522.96 443.961 522.854C444.217 522.748 444.435 522.588 444.617 522.374C444.799 522.161 444.94 521.891 445.039 521.566C445.138 521.24 445.188 520.859 445.188 520.423L446.007 520.675C446.007 521.405 445.875 522.034 445.611 522.56C445.348 523.086 444.977 523.49 444.498 523.773C444.02 524.055 443.457 524.196 442.808 524.196ZM445.328 524V521.977H445.188V516.44H446.441V524H445.328ZM451.369 524.21C450.664 524.21 450.059 524.034 449.554 523.683C449.049 523.332 448.661 522.855 448.389 522.252C448.117 521.649 447.981 520.969 447.981 520.213C447.981 519.457 448.117 518.779 448.389 518.178C448.661 517.577 449.049 517.102 449.554 516.753C450.059 516.404 450.662 516.23 451.362 516.23C452.074 516.23 452.673 516.403 453.159 516.75C453.646 517.096 454.014 517.57 454.264 518.171C454.513 518.772 454.638 519.452 454.638 520.213C454.638 520.967 454.513 521.645 454.264 522.248C454.014 522.851 453.646 523.329 453.161 523.682C452.676 524.034 452.078 524.21 451.369 524.21ZM451.523 523.069C452.032 523.069 452.449 522.947 452.776 522.702C453.103 522.456 453.344 522.119 453.501 521.688C453.657 521.258 453.735 520.766 453.735 520.213C453.735 519.655 453.656 519.162 453.499 518.734C453.341 518.306 453.102 517.972 452.78 517.731C452.458 517.491 452.05 517.371 451.558 517.371C451.045 517.371 450.621 517.497 450.288 517.749C449.954 518.001 449.707 518.342 449.546 518.771C449.385 519.2 449.304 519.681 449.304 520.213C449.304 520.75 449.386 521.234 449.549 521.666C449.712 522.097 449.958 522.439 450.286 522.691C450.614 522.943 451.026 523.069 451.523 523.069ZM453.735 524V518.435H453.595V513.92H454.848V524H453.735ZM456.948 515.103V513.815H458.194V515.103H456.948ZM456.948 524V516.44H458.194V524H456.948ZM463.514 524.21C462.76 524.21 462.112 524.04 461.568 523.699C461.024 523.358 460.606 522.888 460.313 522.287C460.02 521.686 459.874 520.995 459.874 520.213C459.874 519.422 460.023 518.727 460.322 518.129C460.621 517.53 461.042 517.064 461.587 516.731C462.132 516.397 462.774 516.23 463.514 516.23C464.27 516.23 464.92 516.4 465.465 516.739C466.01 517.079 466.429 517.548 466.722 518.146C467.015 518.745 467.161 519.434 467.161 520.213C467.161 521.004 467.013 521.699 466.718 522.299C466.423 522.899 466.002 523.367 465.456 523.704C464.91 524.041 464.263 524.21 463.514 524.21ZM463.514 523.027C464.296 523.027 464.878 522.766 465.262 522.243C465.646 521.72 465.838 521.044 465.838 520.213C465.838 519.361 465.644 518.682 465.257 518.174C464.87 517.667 464.289 517.413 463.514 517.413C462.987 517.413 462.552 517.532 462.21 517.77C461.868 518.008 461.614 518.337 461.447 518.757C461.28 519.177 461.197 519.662 461.197 520.213C461.197 521.065 461.393 521.747 461.785 522.259C462.177 522.771 462.753 523.027 463.514 523.027ZM471.501 524V513.92H477.381V515.166H472.747V518.337H476.541V519.583H472.747V524H471.501ZM478.781 524V513.71H480.027V524H478.781ZM484.997 524.196C484.509 524.196 484.092 524.119 483.746 523.965C483.399 523.811 483.112 523.606 482.883 523.351C482.654 523.095 482.475 522.811 482.344 522.497C482.213 522.183 482.121 521.863 482.068 521.538C482.014 521.212 481.987 520.906 481.987 520.619V516.44H483.247V520.227C483.247 520.582 483.279 520.925 483.343 521.258C483.407 521.59 483.518 521.889 483.674 522.154C483.83 522.419 484.04 522.628 484.304 522.782C484.568 522.936 484.899 523.013 485.298 523.013C485.611 523.013 485.895 522.96 486.15 522.854C486.406 522.748 486.625 522.588 486.807 522.374C486.989 522.161 487.129 521.891 487.228 521.566C487.327 521.24 487.377 520.859 487.377 520.423L488.196 520.675C488.196 521.405 488.064 522.034 487.801 522.56C487.537 523.086 487.166 523.49 486.688 523.773C486.209 524.055 485.646 524.196 484.997 524.196ZM487.517 524V521.977H487.377V516.44H488.63V524H487.517ZM489.75 524L492.641 520.178L489.813 516.44H491.297L493.369 519.212L495.42 516.44H496.904L494.076 520.178L496.974 524H495.483L493.369 521.144L491.241 524H489.75Z" fill="#3C4A46"/>
<path d="M312.74 550.74C311.807 550.74 310.93 550.57 310.11 550.23C309.29 549.89 308.583 549.407 307.99 548.78C307.397 548.153 306.953 547.413 306.66 546.56L309.2 545.42C309.573 546.233 310.09 546.873 310.75 547.34C311.41 547.807 312.14 548.04 312.94 548.04C313.367 548.04 313.733 547.973 314.04 547.84C314.347 547.707 314.587 547.523 314.76 547.29C314.933 547.057 315.02 546.78 315.02 546.46C315.02 546.113 314.913 545.817 314.7 545.57C314.487 545.323 314.153 545.127 313.7 544.98L310.78 544.02C309.593 543.633 308.7 543.083 308.1 542.37C307.5 541.657 307.2 540.8 307.2 539.8C307.2 538.92 307.417 538.147 307.85 537.48C308.283 536.813 308.89 536.293 309.67 535.92C310.45 535.547 311.347 535.36 312.36 535.36C313.253 535.36 314.08 535.513 314.84 535.82C315.6 536.127 316.257 536.56 316.81 537.12C317.363 537.68 317.78 538.353 318.06 539.14L315.54 540.28C315.26 539.587 314.84 539.043 314.28 538.65C313.72 538.257 313.08 538.06 312.36 538.06C311.947 538.06 311.58 538.127 311.26 538.26C310.94 538.393 310.693 538.583 310.52 538.83C310.347 539.077 310.26 539.36 310.26 539.68C310.26 540.027 310.373 540.33 310.6 540.59C310.827 540.85 311.167 541.053 311.62 541.2L314.48 542.12C315.68 542.507 316.577 543.047 317.17 543.74C317.763 544.433 318.06 545.28 318.06 546.28C318.06 547.147 317.833 547.917 317.38 548.59C316.927 549.263 316.303 549.79 315.51 550.17C314.717 550.55 313.793 550.74 312.74 550.74ZM311.76 552.5V533.6H313.56V552.5H311.76ZM322.34 550.5V538.22H319.44V535.6H325.44V550.5H322.34ZM329.4 553.8V552.3C329.867 552.193 330.25 551.99 330.55 551.69C330.85 551.39 331.047 550.993 331.14 550.5H329.8V547.5H332.8V549.24C332.8 550.507 332.513 551.527 331.94 552.3C331.367 553.073 330.52 553.573 329.4 553.8ZM335.76 550.5V548.1L339.76 543.98C340.547 543.167 341.143 542.523 341.55 542.05C341.957 541.577 342.237 541.18 342.39 540.86C342.543 540.54 342.62 540.227 342.62 539.92C342.62 539.373 342.443 538.943 342.09 538.63C341.737 538.317 341.293 538.16 340.76 538.16C340.213 538.16 339.727 538.317 339.3 538.63C338.873 538.943 338.56 539.42 338.36 540.06L335.66 539.18C335.82 538.407 336.153 537.733 336.66 537.16C337.167 536.587 337.78 536.143 338.5 535.83C339.22 535.517 339.973 535.36 340.76 535.36C341.747 535.36 342.613 535.533 343.36 535.88C344.107 536.227 344.687 536.713 345.1 537.34C345.513 537.967 345.72 538.7 345.72 539.54C345.72 540.073 345.627 540.597 345.44 541.11C345.253 541.623 344.97 542.143 344.59 542.67C344.21 543.197 343.72 543.767 343.12 544.38L339.7 547.9H345.86V550.5H335.76ZM353.84 550.74C352.651 550.74 351.607 550.42 350.708 549.78C349.809 549.14 349.107 548.24 348.6 547.081C348.093 545.922 347.84 544.572 347.84 543.031C347.84 541.49 348.091 540.145 348.593 538.996C349.094 537.847 349.793 536.954 350.688 536.316C351.583 535.679 352.627 535.36 353.82 535.36C355.033 535.36 356.089 535.68 356.986 536.32C357.883 536.96 358.583 537.857 359.086 539.01C359.589 540.163 359.84 541.507 359.84 543.04C359.84 544.573 359.59 545.917 359.09 547.07C358.59 548.223 357.89 549.123 356.99 549.77C356.09 550.417 355.04 550.74 353.84 550.74ZM353.85 547.94C354.47 547.94 354.993 547.747 355.42 547.36C355.847 546.973 356.173 546.413 356.4 545.68C356.627 544.947 356.74 544.067 356.74 543.04C356.74 542.013 356.627 541.137 356.4 540.41C356.173 539.683 355.843 539.127 355.41 538.74C354.977 538.353 354.448 538.16 353.823 538.16C353.208 538.16 352.687 538.353 352.26 538.74C351.833 539.127 351.507 539.683 351.28 540.41C351.053 541.137 350.94 542.013 350.94 543.038C350.94 544.053 351.053 544.927 351.28 545.66C351.507 546.393 351.837 546.957 352.27 547.35C352.703 547.743 353.23 547.94 353.85 547.94ZM367.84 550.74C366.651 550.74 365.607 550.42 364.708 549.78C363.809 549.14 363.107 548.24 362.6 547.081C362.093 545.922 361.84 544.572 361.84 543.031C361.84 541.49 362.091 540.145 362.593 538.996C363.094 537.847 363.793 536.954 364.688 536.316C365.583 535.679 366.627 535.36 367.82 535.36C369.033 535.36 370.089 535.68 370.986 536.32C371.883 536.96 372.583 537.857 373.086 539.01C373.589 540.163 373.84 541.507 373.84 543.04C373.84 544.573 373.59 545.917 373.09 547.07C372.59 548.223 371.89 549.123 370.99 549.77C370.09 550.417 369.04 550.74 367.84 550.74ZM367.85 547.94C368.47 547.94 368.993 547.747 369.42 547.36C369.847 546.973 370.173 546.413 370.4 545.68C370.627 544.947 370.74 544.067 370.74 543.04C370.74 542.013 370.627 541.137 370.4 540.41C370.173 539.683 369.843 539.127 369.41 538.74C368.977 538.353 368.448 538.16 367.823 538.16C367.208 538.16 366.687 538.353 366.26 538.74C365.833 539.127 365.507 539.683 365.28 540.41C365.053 541.137 364.94 542.013 364.94 543.038C364.94 544.053 365.053 544.927 365.28 545.66C365.507 546.393 365.837 546.957 366.27 547.35C366.703 547.743 367.23 547.94 367.85 547.94Z" fill="#1C1B1B"/>
<path d="M382.688 551.168C382.098 551.168 381.575 551.071 381.119 550.877C380.663 550.684 380.276 550.415 379.96 550.071C379.644 549.727 379.403 549.332 379.237 548.886C379.072 548.44 378.989 547.962 378.989 547.451C378.989 547.309 378.995 547.17 379.008 547.036C379.021 546.902 379.044 546.781 379.076 546.674H384.956V548.074H380.119L380.991 547.423C380.902 547.845 380.921 548.226 381.047 548.566C381.173 548.905 381.381 549.173 381.672 549.369C381.962 549.565 382.301 549.663 382.688 549.663C383.078 549.663 383.421 549.566 383.716 549.372C384.011 549.179 384.237 548.898 384.395 548.529C384.552 548.16 384.611 547.717 384.571 547.199C384.611 546.725 384.549 546.311 384.384 545.957C384.22 545.602 383.977 545.326 383.656 545.129C383.335 544.932 382.961 544.833 382.534 544.833C382.119 544.833 381.765 544.922 381.472 545.099C381.179 545.276 380.947 545.512 380.774 545.806L379.29 545.088C379.449 544.722 379.685 544.399 379.999 544.119C380.313 543.839 380.688 543.62 381.124 543.461C381.56 543.302 382.037 543.223 382.555 543.223C383.339 543.223 384.025 543.4 384.613 543.755C385.201 544.11 385.659 544.589 385.987 545.192C386.315 545.795 386.479 546.469 386.479 547.213C386.479 547.967 386.313 548.643 385.982 549.241C385.651 549.84 385.199 550.31 384.626 550.654C384.053 550.997 383.407 551.168 382.688 551.168ZM389.184 551L386.388 540.57H388.435L390.626 549.456H390.094L392.387 540.57H394.364L396.653 549.456H396.118L398.312 540.57H400.36L397.563 551H395.376L393.069 542.355H393.678L391.372 551H389.184ZM404.528 551.168C403.744 551.168 403.058 550.991 402.469 550.636C401.88 550.281 401.422 549.802 401.095 549.198C400.768 548.593 400.605 547.92 400.605 547.178C400.605 546.415 400.772 545.737 401.107 545.143C401.442 544.549 401.895 544.081 402.465 543.737C403.036 543.395 403.679 543.223 404.395 543.223C404.986 543.223 405.509 543.32 405.965 543.514C406.421 543.707 406.808 543.976 407.124 544.32C407.44 544.664 407.681 545.059 407.846 545.505C408.012 545.951 408.095 546.429 408.095 546.94C408.095 547.075 408.089 547.212 408.076 547.35C408.063 547.487 408.04 547.61 408.007 547.717H402.127V546.317H406.964L406.093 546.968C406.184 546.539 406.166 546.156 406.039 545.82C405.912 545.484 405.705 545.218 405.419 545.022C405.133 544.826 404.792 544.728 404.395 544.728C404.006 544.728 403.663 544.825 403.368 545.019C403.073 545.212 402.848 545.493 402.694 545.86C402.54 546.228 402.48 546.672 402.512 547.192C402.473 547.663 402.535 548.077 402.7 548.433C402.864 548.789 403.107 549.065 403.428 549.262C403.749 549.459 404.122 549.558 404.549 549.558C404.967 549.558 405.322 549.469 405.615 549.292C405.908 549.115 406.14 548.879 406.31 548.585L407.794 549.302C407.645 549.666 407.411 549.989 407.092 550.27C406.774 550.551 406.397 550.771 405.962 550.93C405.527 551.089 405.049 551.168 404.528 551.168ZM413.096 551.168C412.312 551.168 411.626 550.991 411.037 550.636C410.448 550.281 409.99 549.802 409.663 549.198C409.336 548.593 409.173 547.92 409.173 547.178C409.173 546.415 409.34 545.737 409.675 545.143C410.01 544.549 410.463 544.081 411.033 543.737C411.604 543.395 412.247 543.223 412.963 543.223C413.554 543.223 414.077 543.32 414.533 543.514C414.989 543.707 415.376 543.976 415.692 544.32C416.008 544.664 416.249 545.059 416.414 545.505C416.58 545.951 416.663 546.429 416.663 546.94C416.663 547.075 416.657 547.212 416.644 547.35C416.631 547.487 416.608 547.61 416.575 547.717H410.695V546.317H415.532L414.661 546.968C414.752 546.539 414.734 546.156 414.607 545.82C414.48 545.484 414.273 545.218 413.987 545.022C413.701 544.826 413.36 544.728 412.963 544.728C412.574 544.728 412.231 544.825 411.936 545.019C411.641 545.212 411.416 545.493 411.262 545.86C411.108 546.228 411.048 546.672 411.08 547.192C411.041 547.663 411.103 548.077 411.268 548.433C411.432 548.789 411.675 549.065 411.996 549.262C412.317 549.459 412.69 549.558 413.117 549.558C413.535 549.558 413.89 549.469 414.183 549.292C414.476 549.115 414.708 548.879 414.878 548.585L416.362 549.302C416.213 549.666 415.979 549.989 415.66 550.27C415.342 550.551 414.965 550.771 414.53 550.93C414.095 551.089 413.617 551.168 413.096 551.168ZM418.049 551V540.402H419.886V547.35L419.186 547.143L422.77 543.391H425.052L422.238 546.453L425.108 551H423.008L420.523 547.052L421.605 546.835L419.316 549.299L419.886 548.168V551H418.049ZM426.127 551V540.402H427.964V551H426.127ZM430.586 554.08C430.381 554.08 430.18 554.063 429.984 554.029C429.788 553.995 429.612 553.94 429.455 553.863V552.327C429.577 552.357 429.722 552.385 429.891 552.412C430.06 552.439 430.22 552.452 430.369 552.452C430.791 552.452 431.099 552.357 431.293 552.166C431.487 551.974 431.655 551.72 431.797 551.403L432.304 550.23L432.276 551.774L428.962 543.391H430.936L433.256 549.579H432.553L434.87 543.391H436.851L433.536 551.774C433.345 552.257 433.109 552.672 432.828 553.02C432.547 553.367 432.221 553.631 431.851 553.81C431.481 553.99 431.06 554.08 430.586 554.08Z" fill="#3C4A46" fill-opacity="0.6"/>
<rect x="971.41" y="509" width="65.59" height="23" rx="11.5" fill="#00C2A8" fill-opacity="0.1"/>
<path d="M983.61 524L985.81 516.8H987.84L990.04 524H988.64L986.68 517.65H986.94L985.01 524H983.61ZM984.93 522.5V521.23H988.73V522.5H984.93ZM994.83 524.15C994.11 524.15 993.489 523.993 992.968 523.68C992.446 523.367 992.044 522.928 991.763 522.365C991.481 521.802 991.34 521.147 991.34 520.4C991.34 519.653 991.481 518.998 991.763 518.435C992.044 517.872 992.446 517.433 992.968 517.12C993.489 516.807 994.11 516.65 994.83 516.65C995.657 516.65 996.351 516.855 996.913 517.265C997.474 517.675 997.87 518.23 998.1 518.93L996.73 519.31C996.597 518.873 996.372 518.534 996.055 518.293C995.738 518.051 995.33 517.93 994.83 517.93C994.373 517.93 993.993 518.032 993.688 518.235C993.383 518.438 993.153 518.725 993 519.095C992.847 519.465 992.77 519.9 992.77 520.4C992.77 520.9 992.847 521.335 993 521.705C993.153 522.075 993.383 522.362 993.688 522.565C993.993 522.768 994.373 522.87 994.83 522.87C995.33 522.87 995.738 522.748 996.055 522.505C996.372 522.262 996.597 521.923 996.73 521.49L998.1 521.87C997.87 522.57 997.474 523.125 996.913 523.535C996.351 523.945 995.657 524.15 994.83 524.15ZM1001.87 524V518.07H999.6V516.8H1005.5V518.07H1003.23V524H1001.87ZM1007.4 524V516.8H1008.76V524H1007.4ZM1012.81 524L1010.61 516.8H1012.01L1013.81 522.72L1015.64 516.8H1017.04L1014.84 524H1012.81ZM1018.79 524V516.8H1023.49V518.07H1020.15V519.61H1022.89V520.88H1020.15V522.73H1023.49V524H1018.79Z" fill="#006B5C"/>
<mask id="path-41-inside-6_3768_757" fill="white">
<path d="M242 625H1037V681H242V625Z"/>
</mask>
<path d="M242 625V626H1037V625V624H242V625Z" fill="#BBCAC4" fill-opacity="0.1" mask="url(#path-41-inside-6_3768_757)"/>
<path d="M242.7 653V645.8H243.92L247.26 650.875V645.8H248.48V653H247.26L243.92 647.925V653H242.7ZM250.378 653V645.8H255.028V646.93H251.583V648.705H254.428V649.835H251.583V651.87H255.028V653H250.378ZM256.127 653L258.567 649.36L256.197 645.8H257.672L259.312 648.335L260.937 645.8H262.422L260.052 649.36L262.482 653H261.007L259.312 650.385L257.612 653H256.127ZM265.91 653V646.93H263.58V645.8H269.445V646.93H267.115V653H265.91ZM272.944 653V645.8H275.919C275.989 645.8 276.079 645.803 276.189 645.81C276.299 645.813 276.401 645.823 276.494 645.84C276.911 645.903 277.254 646.042 277.524 646.255C277.797 646.468 277.999 646.738 278.129 647.065C278.262 647.388 278.329 647.748 278.329 648.145C278.329 648.538 278.262 648.898 278.129 649.225C277.996 649.548 277.792 649.817 277.519 650.03C277.249 650.243 276.907 650.382 276.494 650.445C276.401 650.458 276.297 650.468 276.184 650.475C276.074 650.482 275.986 650.485 275.919 650.485H274.149V653H272.944ZM274.149 649.36H275.869C275.936 649.36 276.011 649.357 276.094 649.35C276.177 649.343 276.254 649.33 276.324 649.31C276.524 649.26 276.681 649.172 276.794 649.045C276.911 648.918 276.992 648.775 277.039 648.615C277.089 648.455 277.114 648.298 277.114 648.145C277.114 647.992 277.089 647.835 277.039 647.675C276.992 647.512 276.911 647.367 276.794 647.24C276.681 647.113 276.524 647.025 276.324 646.975C276.254 646.955 276.177 646.943 276.094 646.94C276.011 646.933 275.936 646.93 275.869 646.93H274.149V649.36ZM278.833 653L281.103 645.8H282.868L285.138 653H283.898L281.838 646.54H282.108L280.073 653H278.833ZM280.098 651.44V650.315H283.878V651.44H280.098ZM287.696 653V650.05L285.246 645.8H286.651L288.306 648.67L289.956 645.8H291.361L288.916 650.05V653H287.696ZM292.559 653V645.8H293.644L296.134 650.9L298.624 645.8H299.709V653H298.584V648.385L296.374 653H295.894L293.689 648.385V653H292.559ZM301.614 653V645.8H306.264V646.93H302.819V648.705H305.664V649.835H302.819V651.87H306.264V653H301.614ZM307.964 653V645.8H309.184L312.524 650.875V645.8H313.744V653H312.524L309.184 647.925V653H307.964ZM317.371 653V646.93H315.041V645.8H320.906V646.93H318.576V653H317.371Z" fill="#A1A1AA"/>
<path d="M242.98 676V665.92H244.303L247.957 673.501L251.59 665.92H252.927V675.993H251.541V669.098L248.286 676H247.621L244.359 669.098V676H242.98ZM257.023 676.21C256.463 676.21 255.994 676.107 255.616 675.902C255.238 675.692 254.951 675.417 254.755 675.076C254.564 674.731 254.468 674.353 254.468 673.942C254.468 673.559 254.536 673.223 254.671 672.934C254.807 672.645 255.007 672.4 255.273 672.199C255.539 671.994 255.866 671.828 256.253 671.702C256.589 671.604 256.97 671.518 257.394 671.443C257.819 671.368 258.265 671.298 258.731 671.233C259.203 671.168 259.669 671.102 260.131 671.037L259.599 671.331C259.609 670.738 259.483 670.3 259.221 670.015C258.965 669.726 258.521 669.581 257.891 669.581C257.495 669.581 257.131 669.674 256.799 669.861C256.468 670.043 256.237 670.346 256.106 670.771L254.741 670.351C254.928 669.702 255.283 669.187 255.805 668.804C256.333 668.421 257.033 668.23 257.905 668.23C258.582 668.23 259.17 668.347 259.669 668.58C260.173 668.809 260.542 669.173 260.775 669.672C260.897 669.919 260.971 670.181 260.999 670.456C261.027 670.731 261.041 671.028 261.041 671.345V676H259.746V674.271L259.998 674.495C259.686 675.074 259.287 675.505 258.801 675.79C258.321 676.07 257.728 676.21 257.023 676.21ZM257.282 675.013C257.698 675.013 258.055 674.941 258.353 674.796C258.652 674.647 258.892 674.458 259.074 674.229C259.256 674 259.375 673.762 259.431 673.515C259.511 673.291 259.555 673.039 259.564 672.759C259.578 672.479 259.585 672.255 259.585 672.087L260.061 672.262C259.599 672.332 259.179 672.395 258.801 672.451C258.423 672.507 258.08 672.563 257.772 672.619C257.469 672.67 257.198 672.733 256.96 672.808C256.76 672.878 256.58 672.962 256.421 673.06C256.267 673.158 256.144 673.277 256.05 673.417C255.962 673.557 255.917 673.727 255.917 673.928C255.917 674.124 255.966 674.306 256.064 674.474C256.162 674.637 256.312 674.768 256.512 674.866C256.713 674.964 256.97 675.013 257.282 675.013ZM262.859 676V668.44H264.161V670.274L263.979 670.036C264.072 669.793 264.194 669.572 264.343 669.371C264.492 669.166 264.665 668.998 264.861 668.867C265.052 668.727 265.265 668.62 265.498 668.545C265.736 668.466 265.979 668.419 266.226 668.405C266.473 668.386 266.711 668.398 266.94 668.44V669.812C266.693 669.747 266.417 669.728 266.114 669.756C265.815 669.784 265.54 669.88 265.288 670.043C265.05 670.197 264.861 670.384 264.721 670.603C264.586 670.822 264.488 671.067 264.427 671.338C264.366 671.604 264.336 671.886 264.336 672.185V676H262.859ZM271.37 676.21C270.596 676.21 269.938 676.037 269.396 675.692C268.855 675.347 268.44 674.873 268.15 674.271C267.866 673.669 267.721 672.985 267.716 672.22C267.721 671.441 267.87 670.752 268.164 670.155C268.458 669.553 268.878 669.082 269.424 668.741C269.97 668.4 270.626 668.23 271.391 668.23C272.217 668.23 272.922 668.435 273.505 668.846C274.093 669.257 274.481 669.819 274.667 670.533L273.211 670.953C273.067 670.528 272.829 670.199 272.497 669.966C272.171 669.728 271.795 669.609 271.37 669.609C270.89 669.609 270.495 669.723 270.187 669.952C269.879 670.176 269.651 670.484 269.501 670.876C269.352 671.268 269.275 671.716 269.27 672.22C269.275 672.999 269.452 673.629 269.802 674.11C270.157 674.591 270.68 674.831 271.37 674.831C271.842 674.831 272.222 674.724 272.511 674.509C272.805 674.29 273.029 673.977 273.183 673.571L274.667 673.921C274.42 674.658 274.012 675.225 273.442 675.622C272.873 676.014 272.182 676.21 271.37 676.21ZM281.399 676V672.283C281.399 671.989 281.374 671.688 281.322 671.38C281.276 671.067 281.182 670.778 281.042 670.512C280.907 670.246 280.713 670.031 280.461 669.868C280.214 669.705 279.89 669.623 279.488 669.623C279.227 669.623 278.98 669.667 278.746 669.756C278.513 669.84 278.308 669.978 278.13 670.169C277.958 670.36 277.82 670.612 277.717 670.925C277.619 671.238 277.57 671.618 277.57 672.066L276.66 671.723C276.66 671.037 276.789 670.433 277.045 669.91C277.302 669.383 277.671 668.972 278.151 668.678C278.632 668.384 279.213 668.237 279.894 668.237C280.417 668.237 280.856 668.321 281.21 668.489C281.565 668.657 281.852 668.879 282.071 669.154C282.295 669.425 282.466 669.721 282.582 670.043C282.699 670.365 282.778 670.68 282.82 670.988C282.862 671.296 282.883 671.567 282.883 671.8V676H281.399ZM276.086 676V665.92H277.395V671.359H277.57V676H276.086ZM287.229 675.993L287.236 674.691L291.625 670.757C291.98 670.444 292.22 670.146 292.346 669.861C292.477 669.576 292.542 669.292 292.542 669.007C292.542 668.648 292.463 668.326 292.304 668.041C292.146 667.752 291.926 667.523 291.646 667.355C291.366 667.187 291.044 667.103 290.68 667.103C290.307 667.103 289.973 667.192 289.679 667.369C289.39 667.542 289.164 667.773 289 668.062C288.837 668.351 288.758 668.664 288.762 669H287.264C287.264 668.347 287.411 667.775 287.705 667.285C288.004 666.79 288.412 666.405 288.93 666.13C289.448 665.85 290.041 665.71 290.708 665.71C291.343 665.71 291.912 665.855 292.416 666.144C292.92 666.429 293.317 666.821 293.606 667.32C293.9 667.819 294.047 668.389 294.047 669.028C294.047 669.49 293.987 669.882 293.865 670.204C293.744 670.526 293.562 670.825 293.319 671.1C293.077 671.375 292.773 671.674 292.409 671.996L289.021 675.02L288.86 674.6H294.047V675.993H287.229ZM298.953 676.21C298.295 676.21 297.712 676.079 297.203 675.818C296.699 675.552 296.302 675.183 296.013 674.712C295.728 674.241 295.586 673.695 295.586 673.074C295.586 672.495 295.721 671.966 295.992 671.485C296.263 671.004 296.666 670.626 297.203 670.351L297.175 670.855C296.746 670.589 296.414 670.258 296.181 669.861C295.952 669.46 295.838 669.012 295.838 668.517C295.838 667.943 295.971 667.446 296.237 667.026C296.503 666.606 296.869 666.282 297.336 666.053C297.807 665.824 298.346 665.71 298.953 665.71C299.56 665.71 300.096 665.824 300.563 666.053C301.03 666.282 301.396 666.606 301.662 667.026C301.928 667.446 302.061 667.943 302.061 668.517C302.061 669.012 301.951 669.457 301.732 669.854C301.513 670.251 301.177 670.584 300.724 670.855L300.703 670.365C301.235 670.626 301.639 671 301.914 671.485C302.189 671.966 302.327 672.495 302.327 673.074C302.327 673.695 302.182 674.241 301.893 674.712C301.604 675.183 301.205 675.552 300.696 675.818C300.187 676.079 299.606 676.21 298.953 676.21ZM298.953 674.817C299.494 674.817 299.933 674.67 300.269 674.376C300.605 674.077 300.773 673.643 300.773 673.074C300.773 672.505 300.605 672.071 300.269 671.772C299.938 671.469 299.499 671.317 298.953 671.317C298.407 671.317 297.966 671.469 297.63 671.772C297.299 672.071 297.133 672.505 297.133 673.074C297.133 673.643 297.301 674.077 297.637 674.376C297.973 674.67 298.412 674.817 298.953 674.817ZM298.953 669.917C299.415 669.917 299.788 669.803 300.073 669.574C300.362 669.341 300.507 668.988 300.507 668.517C300.507 668.046 300.362 667.693 300.073 667.46C299.788 667.222 299.415 667.103 298.953 667.103C298.491 667.103 298.115 667.222 297.826 667.46C297.537 667.693 297.392 668.046 297.392 668.517C297.392 668.988 297.537 669.341 297.826 669.574C298.115 669.803 298.491 669.917 298.953 669.917ZM304.008 677.673L304.099 677.022C304.3 677.036 304.456 676.999 304.568 676.91C304.68 676.821 304.755 676.698 304.792 676.539C304.829 676.38 304.836 676.201 304.813 676H304.008V674.313H305.555V676.14C305.555 676.691 305.422 677.106 305.156 677.386C304.895 677.666 304.512 677.762 304.008 677.673ZM310.731 675.993L310.738 674.691L315.127 670.757C315.482 670.444 315.722 670.146 315.848 669.861C315.979 669.576 316.044 669.292 316.044 669.007C316.044 668.648 315.965 668.326 315.806 668.041C315.648 667.752 315.428 667.523 315.148 667.355C314.868 667.187 314.546 667.103 314.182 667.103C313.809 667.103 313.475 667.192 313.181 667.369C312.892 667.542 312.666 667.773 312.502 668.062C312.339 668.351 312.26 668.664 312.264 669H310.766C310.766 668.347 310.913 667.775 311.207 667.285C311.506 666.79 311.914 666.405 312.432 666.13C312.95 665.85 313.543 665.71 314.21 665.71C314.845 665.71 315.414 665.855 315.918 666.144C316.422 666.429 316.819 666.821 317.108 667.32C317.402 667.819 317.549 668.389 317.549 669.028C317.549 669.49 317.489 669.882 317.367 670.204C317.246 670.526 317.064 670.825 316.821 671.1C316.579 671.375 316.275 671.674 315.911 671.996L312.523 675.02L312.362 674.6H317.549V675.993H310.731ZM322.742 676.21C322.056 676.21 321.449 676.061 320.922 675.762C320.395 675.459 319.979 675.043 319.676 674.516C319.377 673.989 319.228 673.382 319.228 672.696V669.224C319.228 668.538 319.377 667.931 319.676 667.404C319.979 666.877 320.395 666.464 320.922 666.165C321.449 665.862 322.056 665.71 322.742 665.71C323.428 665.71 324.035 665.862 324.562 666.165C325.089 666.464 325.502 666.877 325.801 667.404C326.104 667.931 326.256 668.538 326.256 669.224V672.696C326.256 673.382 326.104 673.989 325.801 674.516C325.502 675.043 325.089 675.459 324.562 675.762C324.035 676.061 323.428 676.21 322.742 676.21ZM322.742 674.81C323.115 674.81 323.454 674.721 323.757 674.544C324.065 674.362 324.31 674.119 324.492 673.816C324.674 673.508 324.765 673.165 324.765 672.787V669.119C324.765 668.746 324.674 668.407 324.492 668.104C324.31 667.796 324.065 667.553 323.757 667.376C323.454 667.194 323.115 667.103 322.742 667.103C322.369 667.103 322.028 667.194 321.72 667.376C321.417 667.553 321.174 667.796 320.992 668.104C320.81 668.407 320.719 668.746 320.719 669.119V672.787C320.719 673.165 320.81 673.508 320.992 673.816C321.174 674.119 321.417 674.362 321.72 674.544C322.028 674.721 322.369 674.81 322.742 674.81ZM327.93 675.993L327.937 674.691L332.326 670.757C332.681 670.444 332.921 670.146 333.047 669.861C333.178 669.576 333.243 669.292 333.243 669.007C333.243 668.648 333.164 668.326 333.005 668.041C332.847 667.752 332.627 667.523 332.347 667.355C332.067 667.187 331.745 667.103 331.381 667.103C331.008 667.103 330.674 667.192 330.38 667.369C330.091 667.542 329.865 667.773 329.701 668.062C329.538 668.351 329.459 668.664 329.463 669H327.965C327.965 668.347 328.112 667.775 328.406 667.285C328.705 666.79 329.113 666.405 329.631 666.13C330.149 665.85 330.742 665.71 331.409 665.71C332.044 665.71 332.613 665.855 333.117 666.144C333.621 666.429 334.018 666.821 334.307 667.32C334.601 667.819 334.748 668.389 334.748 669.028C334.748 669.49 334.688 669.882 334.566 670.204C334.445 670.526 334.263 670.825 334.02 671.1C333.778 671.375 333.474 671.674 333.11 671.996L329.722 675.02L329.561 674.6H334.748V675.993H327.93ZM339.892 676.21C339.239 676.21 338.651 676.056 338.128 675.748C337.606 675.435 337.19 675.008 336.882 674.467C336.579 673.926 336.427 673.31 336.427 672.619V669.406C336.427 668.673 336.579 668.029 336.882 667.474C337.19 666.919 337.615 666.487 338.156 666.179C338.702 665.871 339.33 665.717 340.039 665.717C340.571 665.717 341.071 665.817 341.537 666.018C342.004 666.219 342.408 666.517 342.748 666.914L341.677 667.915C341.486 667.668 341.246 667.472 340.956 667.327C340.672 667.178 340.366 667.103 340.039 667.103C339.619 667.103 339.251 667.203 338.933 667.404C338.616 667.6 338.366 667.859 338.184 668.181C338.007 668.503 337.918 668.848 337.918 669.217V671.065L337.631 670.743C337.921 670.365 338.28 670.066 338.709 669.847C339.139 669.628 339.598 669.518 340.088 669.518C340.714 669.518 341.271 669.665 341.761 669.959C342.256 670.248 342.643 670.643 342.923 671.142C343.208 671.641 343.35 672.204 343.35 672.829C343.35 673.459 343.192 674.031 342.874 674.544C342.562 675.053 342.142 675.459 341.614 675.762C341.092 676.061 340.518 676.21 339.892 676.21ZM339.892 674.803C340.256 674.803 340.588 674.714 340.886 674.537C341.185 674.36 341.423 674.122 341.6 673.823C341.778 673.524 341.866 673.193 341.866 672.829C341.866 672.465 341.778 672.134 341.6 671.835C341.428 671.536 341.192 671.298 340.893 671.121C340.595 670.944 340.263 670.855 339.899 670.855C339.535 670.855 339.202 670.944 338.898 671.121C338.6 671.298 338.362 671.536 338.184 671.835C338.007 672.134 337.918 672.465 337.918 672.829C337.918 673.188 338.007 673.517 338.184 673.816C338.362 674.115 338.6 674.355 338.898 674.537C339.197 674.714 339.528 674.803 339.892 674.803Z" fill="#1C1B1B"/>
<path d="M851.43 653V646.93H849.1V645.8H854.965V646.93H852.635V653H851.43ZM859.309 653.15C858.589 653.15 857.973 652.993 857.459 652.68C856.946 652.363 856.551 651.923 856.274 651.36C856.001 650.797 855.864 650.143 855.864 649.4C855.864 648.657 856.001 648.003 856.274 647.44C856.551 646.877 856.946 646.438 857.459 646.125C857.973 645.808 858.589 645.65 859.309 645.65C860.029 645.65 860.646 645.808 861.159 646.125C861.676 646.438 862.071 646.877 862.344 647.44C862.621 648.003 862.759 648.657 862.759 649.4C862.759 650.143 862.621 650.797 862.344 651.36C862.071 651.923 861.676 652.363 861.159 652.68C860.646 652.993 860.029 653.15 859.309 653.15ZM859.309 652.015C859.793 652.018 860.194 651.912 860.514 651.695C860.838 651.478 861.079 651.173 861.239 650.78C861.403 650.387 861.484 649.927 861.484 649.4C861.484 648.873 861.403 648.417 861.239 648.03C861.079 647.64 860.838 647.337 860.514 647.12C860.194 646.903 859.793 646.792 859.309 646.785C858.826 646.782 858.424 646.888 858.104 647.105C857.784 647.322 857.543 647.627 857.379 648.02C857.219 648.413 857.139 648.873 857.139 649.4C857.139 649.927 857.219 650.385 857.379 650.775C857.539 651.162 857.779 651.463 858.099 651.68C858.423 651.897 858.826 652.008 859.309 652.015ZM865.789 653V646.93H863.459V645.8H869.324V646.93H866.994V653H865.789ZM869.929 653L872.199 645.8H873.964L876.234 653H874.994L872.934 646.54H873.204L871.169 653H869.929ZM871.194 651.44V650.315H874.974V651.44H871.194ZM877.738 653V645.8H878.943V651.87H882.123V653H877.738ZM885.473 653V645.8H888.448C888.518 645.8 888.608 645.803 888.718 645.81C888.828 645.813 888.93 645.823 889.023 645.84C889.44 645.903 889.783 646.042 890.053 646.255C890.327 646.468 890.528 646.738 890.658 647.065C890.792 647.388 890.858 647.748 890.858 648.145C890.858 648.732 890.71 649.237 890.413 649.66C890.117 650.08 889.662 650.34 889.048 650.44L888.533 650.485H886.678V653H885.473ZM889.608 653L888.188 650.07L889.413 649.8L890.973 653H889.608ZM886.678 649.36H888.398C888.465 649.36 888.54 649.357 888.623 649.35C888.707 649.343 888.783 649.33 888.853 649.31C889.053 649.26 889.21 649.172 889.323 649.045C889.44 648.918 889.522 648.775 889.568 648.615C889.618 648.455 889.643 648.298 889.643 648.145C889.643 647.992 889.618 647.835 889.568 647.675C889.522 647.512 889.44 647.367 889.323 647.24C889.21 647.113 889.053 647.025 888.853 646.975C888.783 646.955 888.707 646.943 888.623 646.94C888.54 646.933 888.465 646.93 888.398 646.93H886.678V649.36ZM892.575 653V645.8H897.225V646.93H893.78V648.705H896.625V649.835H893.78V651.87H897.225V653H892.575ZM901.716 653.15C900.996 653.15 900.379 652.993 899.866 652.68C899.352 652.363 898.957 651.923 898.681 651.36C898.407 650.797 898.271 650.143 898.271 649.4C898.271 648.657 898.407 648.003 898.681 647.44C898.957 646.877 899.352 646.438 899.866 646.125C900.379 645.808 900.996 645.65 901.716 645.65C902.546 645.65 903.237 645.858 903.791 646.275C904.344 646.688 904.732 647.247 904.956 647.95L903.741 648.285C903.601 647.815 903.362 647.448 903.026 647.185C902.689 646.918 902.252 646.785 901.716 646.785C901.232 646.785 900.829 646.893 900.506 647.11C900.186 647.327 899.944 647.632 899.781 648.025C899.621 648.415 899.539 648.873 899.536 649.4C899.536 649.927 899.616 650.387 899.776 650.78C899.939 651.17 900.182 651.473 900.506 651.69C900.829 651.907 901.232 652.015 901.716 652.015C902.252 652.015 902.689 651.882 903.026 651.615C903.362 651.348 903.601 650.982 903.741 650.515L904.956 650.85C904.732 651.553 904.344 652.113 903.791 652.53C903.237 652.943 902.546 653.15 901.716 653.15ZM906.554 653V645.8H911.204V646.93H907.759V648.705H910.604V649.835H907.759V651.87H911.204V653H906.554ZM913.003 653V645.8H914.208V653H913.003ZM917.826 653L915.556 645.8H916.796L918.696 651.83L920.621 645.8H921.861L919.591 653H917.826ZM923.112 653V645.8H927.762V646.93H924.317V648.705H927.162V649.835H924.317V651.87H927.762V653H923.112ZM929.462 653V645.8H931.757C931.817 645.8 931.935 645.802 932.112 645.805C932.292 645.808 932.465 645.82 932.632 645.84C933.202 645.913 933.683 646.117 934.077 646.45C934.473 646.78 934.773 647.202 934.977 647.715C935.18 648.228 935.282 648.79 935.282 649.4C935.282 650.01 935.18 650.572 934.977 651.085C934.773 651.598 934.473 652.022 934.077 652.355C933.683 652.685 933.202 652.887 932.632 652.96C932.468 652.98 932.297 652.992 932.117 652.995C931.937 652.998 931.817 653 931.757 653H929.462ZM930.687 651.865H931.757C931.857 651.865 931.983 651.862 932.137 651.855C932.293 651.848 932.432 651.833 932.552 651.81C932.892 651.747 933.168 651.595 933.382 651.355C933.595 651.115 933.752 650.823 933.852 650.48C933.955 650.137 934.007 649.777 934.007 649.4C934.007 649.01 933.955 648.643 933.852 648.3C933.748 647.957 933.588 647.668 933.372 647.435C933.158 647.202 932.885 647.053 932.552 646.99C932.432 646.963 932.293 646.948 932.137 646.945C931.983 646.938 931.857 646.935 931.757 646.935H930.687V651.865Z" fill="#A1A1AA"/>
<path d="M852.626 677.393V675.755H854.089V677.393H852.626ZM852.626 666.172V664.527H854.089V666.172H852.626ZM853.431 676.21C852.731 676.21 852.106 676.084 851.555 675.832C851.004 675.58 850.552 675.223 850.197 674.761C849.847 674.294 849.618 673.744 849.511 673.109L850.96 672.878C851.1 673.475 851.399 673.951 851.856 674.306C852.313 674.656 852.862 674.831 853.501 674.831C854.136 674.831 854.651 674.679 855.048 674.376C855.449 674.073 855.65 673.685 855.65 673.214C855.65 672.878 855.547 672.605 855.342 672.395C855.141 672.185 854.812 672.008 854.355 671.863L851.989 671.135C850.589 670.701 849.889 669.861 849.889 668.615C849.889 668.027 850.029 667.516 850.309 667.082C850.594 666.648 850.993 666.312 851.506 666.074C852.019 665.836 852.619 665.717 853.305 665.717C853.963 665.726 854.546 665.848 855.055 666.081C855.568 666.314 855.993 666.65 856.329 667.089C856.67 667.528 856.905 668.055 857.036 668.671L855.545 668.937C855.48 668.578 855.342 668.26 855.132 667.985C854.927 667.71 854.665 667.495 854.348 667.341C854.035 667.187 853.683 667.108 853.291 667.103C852.922 667.094 852.591 667.152 852.297 667.278C852.008 667.399 851.777 667.572 851.604 667.796C851.436 668.015 851.352 668.265 851.352 668.545C851.352 668.853 851.471 669.114 851.709 669.329C851.947 669.544 852.323 669.728 852.836 669.882L854.691 670.421C855.54 670.673 856.154 671.011 856.532 671.436C856.91 671.861 857.099 672.425 857.099 673.13C857.099 673.746 856.945 674.285 856.637 674.747C856.334 675.204 855.907 675.564 855.356 675.825C854.805 676.082 854.164 676.21 853.431 676.21ZM862.863 676V674.243H858.313V672.857L861.589 665.92H863.262L859.986 672.857H862.863V670.127H864.347V672.857H865.348V674.243H864.347V676H862.863ZM866.615 677.673L866.706 677.022C866.907 677.036 867.063 676.999 867.175 676.91C867.287 676.821 867.362 676.698 867.399 676.539C867.437 676.38 867.444 676.201 867.42 676H866.615V674.313H868.162V676.14C868.162 676.691 868.029 677.106 867.763 677.386C867.502 677.666 867.119 677.762 866.615 677.673ZM874.043 676.21C873.385 676.21 872.802 676.079 872.293 675.818C871.789 675.552 871.392 675.183 871.103 674.712C870.818 674.241 870.676 673.695 870.676 673.074C870.676 672.495 870.811 671.966 871.082 671.485C871.353 671.004 871.756 670.626 872.293 670.351L872.265 670.855C871.836 670.589 871.504 670.258 871.271 669.861C871.042 669.46 870.928 669.012 870.928 668.517C870.928 667.943 871.061 667.446 871.327 667.026C871.593 666.606 871.959 666.282 872.426 666.053C872.897 665.824 873.436 665.71 874.043 665.71C874.65 665.71 875.186 665.824 875.653 666.053C876.12 666.282 876.486 666.606 876.752 667.026C877.018 667.446 877.151 667.943 877.151 668.517C877.151 669.012 877.041 669.457 876.822 669.854C876.603 670.251 876.267 670.584 875.814 670.855L875.793 670.365C876.325 670.626 876.729 671 877.004 671.485C877.279 671.966 877.417 672.495 877.417 673.074C877.417 673.695 877.272 674.241 876.983 674.712C876.694 675.183 876.295 675.552 875.786 675.818C875.277 676.079 874.696 676.21 874.043 676.21ZM874.043 674.817C874.584 674.817 875.023 674.67 875.359 674.376C875.695 674.077 875.863 673.643 875.863 673.074C875.863 672.505 875.695 672.071 875.359 671.772C875.028 671.469 874.589 671.317 874.043 671.317C873.497 671.317 873.056 671.469 872.72 671.772C872.389 672.071 872.223 672.505 872.223 673.074C872.223 673.643 872.391 674.077 872.727 674.376C873.063 674.67 873.502 674.817 874.043 674.817ZM874.043 669.917C874.505 669.917 874.878 669.803 875.163 669.574C875.452 669.341 875.597 668.988 875.597 668.517C875.597 668.046 875.452 667.693 875.163 667.46C874.878 667.222 874.505 667.103 874.043 667.103C873.581 667.103 873.205 667.222 872.916 667.46C872.627 667.693 872.482 668.046 872.482 668.517C872.482 668.988 872.627 669.341 872.916 669.574C873.205 669.803 873.581 669.917 874.043 669.917ZM882.752 676.21C882.066 676.21 881.459 676.061 880.932 675.762C880.404 675.459 879.989 675.043 879.686 674.516C879.387 673.989 879.238 673.382 879.238 672.696V669.224C879.238 668.538 879.387 667.931 879.686 667.404C879.989 666.877 880.404 666.464 880.932 666.165C881.459 665.862 882.066 665.71 882.752 665.71C883.438 665.71 884.044 665.862 884.572 666.165C885.099 666.464 885.512 666.877 885.811 667.404C886.114 667.931 886.266 668.538 886.266 669.224V672.696C886.266 673.382 886.114 673.989 885.811 674.516C885.512 675.043 885.099 675.459 884.572 675.762C884.044 676.061 883.438 676.21 882.752 676.21ZM882.752 674.81C883.125 674.81 883.463 674.721 883.767 674.544C884.075 674.362 884.32 674.119 884.502 673.816C884.684 673.508 884.775 673.165 884.775 672.787V669.119C884.775 668.746 884.684 668.407 884.502 668.104C884.32 667.796 884.075 667.553 883.767 667.376C883.463 667.194 883.125 667.103 882.752 667.103C882.378 667.103 882.038 667.194 881.73 667.376C881.426 667.553 881.184 667.796 881.002 668.104C880.82 668.407 880.729 668.746 880.729 669.119V672.787C880.729 673.165 880.82 673.508 881.002 673.816C881.184 674.119 881.426 674.362 881.73 674.544C882.038 674.721 882.378 674.81 882.752 674.81ZM891.734 676.21C891.048 676.21 890.442 676.061 889.914 675.762C889.387 675.459 888.972 675.043 888.668 674.516C888.37 673.989 888.22 673.382 888.22 672.696V669.224C888.22 668.538 888.37 667.931 888.668 667.404C888.972 666.877 889.387 666.464 889.914 666.165C890.442 665.862 891.048 665.71 891.734 665.71C892.42 665.71 893.027 665.862 893.554 666.165C894.082 666.464 894.495 666.877 894.793 667.404C895.097 667.931 895.248 668.538 895.248 669.224V672.696C895.248 673.382 895.097 673.989 894.793 674.516C894.495 675.043 894.082 675.459 893.554 675.762C893.027 676.061 892.42 676.21 891.734 676.21ZM891.734 674.81C892.108 674.81 892.446 674.721 892.749 674.544C893.057 674.362 893.302 674.119 893.484 673.816C893.666 673.508 893.757 673.165 893.757 672.787V669.119C893.757 668.746 893.666 668.407 893.484 668.104C893.302 667.796 893.057 667.553 892.749 667.376C892.446 667.194 892.108 667.103 891.734 667.103C891.361 667.103 891.02 667.194 890.712 667.376C890.409 667.553 890.166 667.796 889.984 668.104C889.802 668.407 889.711 668.746 889.711 669.119V672.787C889.711 673.165 889.802 673.508 889.984 673.816C890.166 674.119 890.409 674.362 890.712 674.544C891.02 674.721 891.361 674.81 891.734 674.81Z" fill="#1C1B1B"/>
<rect x="218" y="673" width="843" height="168" rx="24" fill="white"/>
<rect x="242" y="697" width="48" height="48" rx="16" fill="#FFDBD0"/>
<path d="M262.8 719.95L264.95 717.775L263.55 716.35L262.45 717.45L261.05 716.05L262.125 714.95L261 713.825L258.825 716L262.8 719.95ZM271 728.175L273.175 726L272.05 724.875L270.95 725.95L269.55 724.55L270.625 723.45L269.2 722.05L267.05 724.2L271 728.175ZM271.6 714L273.025 715.425L271.6 714ZM261.25 730H257V725.75L261.375 721.375L256 716L261 711L266.4 716.4L270.175 712.6C270.375 712.4 270.6 712.25 270.85 712.15C271.1 712.05 271.358 712 271.625 712C271.892 712 272.15 712.05 272.4 712.15C272.65 712.25 272.875 712.4 273.075 712.6L274.4 713.95C274.6 714.15 274.75 714.375 274.85 714.625C274.95 714.875 275 715.133 275 715.4C275 715.667 274.95 715.921 274.85 716.162C274.75 716.404 274.6 716.625 274.4 716.825L270.625 720.625L276 726L271 731L265.625 725.625L261.25 730ZM259 728H260.4L270.2 718.225L268.775 716.8L259 726.6V728ZM269.5 717.525L268.775 716.8L270.2 718.225L269.5 717.525Z" fill="#9D4224"/>
<path d="M306.98 712V701.92H310.088C310.188 701.92 310.367 701.922 310.623 701.927C310.88 701.932 311.126 701.95 311.362 701.983C312.139 702.086 312.791 702.369 313.317 702.834C313.843 703.298 314.239 703.888 314.505 704.603C314.771 705.318 314.904 706.104 314.904 706.96C314.904 707.819 314.771 708.606 314.505 709.321C314.239 710.036 313.843 710.625 313.317 711.088C312.791 711.551 312.139 711.834 311.362 711.937C311.129 711.967 310.882 711.985 310.622 711.991C310.362 711.997 310.184 712 310.088 712H306.98ZM308.261 710.81H310.088C310.263 710.81 310.461 710.805 310.681 710.794C310.902 710.784 311.094 710.763 311.257 710.733C311.808 710.633 312.253 710.402 312.594 710.042C312.935 709.681 313.184 709.233 313.343 708.698C313.502 708.162 313.581 707.583 313.581 706.96C313.581 706.325 313.5 705.74 313.339 705.205C313.179 704.669 312.927 704.224 312.585 703.868C312.243 703.512 311.801 703.285 311.257 703.187C311.094 703.154 310.9 703.133 310.676 703.124C310.452 703.115 310.256 703.11 310.088 703.11H308.261V710.81ZM319.79 712.21C319.046 712.21 318.397 712.046 317.844 711.718C317.291 711.39 316.861 710.931 316.554 710.339C316.247 709.748 316.094 709.058 316.094 708.269C316.094 707.443 316.245 706.728 316.547 706.123C316.849 705.519 317.273 705.053 317.818 704.724C318.363 704.394 319.001 704.23 319.734 704.23C320.492 704.23 321.139 704.405 321.673 704.755C322.207 705.105 322.609 705.604 322.879 706.253C323.148 706.902 323.263 707.674 323.224 708.57H321.967V708.122C321.953 707.193 321.764 706.499 321.4 706.04C321.036 705.58 320.495 705.35 319.776 705.35C319.004 705.35 318.417 705.597 318.017 706.092C317.617 706.587 317.417 707.296 317.417 708.22C317.417 709.111 317.617 709.802 318.017 710.292C318.417 710.782 318.99 711.027 319.734 711.027C320.233 711.027 320.667 710.913 321.036 710.684C321.405 710.455 321.694 710.126 321.904 709.697L323.101 710.11C322.805 710.777 322.362 711.294 321.773 711.66C321.184 712.027 320.523 712.21 319.79 712.21ZM316.997 708.57V707.569H322.583V708.57H316.997ZM327.637 712.203C326.734 712.203 325.995 712.006 325.42 711.611C324.845 711.217 324.492 710.665 324.361 709.956L325.635 709.753C325.738 710.164 325.973 710.489 326.342 710.729C326.711 710.97 327.168 711.09 327.714 711.09C328.23 711.09 328.635 710.983 328.93 710.77C329.225 710.556 329.373 710.264 329.373 709.893C329.373 709.681 329.324 709.508 329.226 709.375C329.128 709.242 328.926 709.117 328.621 709.001C328.315 708.884 327.854 708.743 327.238 708.577C326.571 708.4 326.045 708.216 325.661 708.026C325.277 707.836 325.004 707.614 324.842 707.362C324.68 707.111 324.599 706.804 324.599 706.442C324.599 705.999 324.72 705.611 324.963 705.278C325.206 704.946 325.545 704.688 325.98 704.505C326.415 704.322 326.923 704.23 327.504 704.23C328.078 704.23 328.591 704.322 329.042 704.505C329.494 704.688 329.858 704.946 330.136 705.278C330.414 705.611 330.579 705.999 330.633 706.442L329.359 706.673C329.298 706.269 329.103 705.95 328.773 705.716C328.443 705.481 328.02 705.357 327.504 705.343C327.014 705.327 326.616 705.414 326.311 705.605C326.005 705.797 325.852 706.055 325.852 706.379C325.852 706.563 325.909 706.72 326.022 706.85C326.135 706.979 326.347 707.102 326.659 707.219C326.97 707.336 327.422 707.469 328.015 707.618C328.68 707.788 329.205 707.972 329.59 708.169C329.975 708.366 330.25 708.6 330.414 708.869C330.579 709.139 330.661 709.468 330.661 709.858C330.661 710.588 330.393 711.162 329.856 711.578C329.319 711.995 328.58 712.203 327.637 712.203ZM332.348 703.103V701.815H333.594V703.103H332.348ZM332.348 712V704.44H333.594V712H332.348ZM338.753 715.57C338.356 715.57 337.969 715.51 337.591 715.39C337.213 715.27 336.867 715.087 336.552 714.842C336.237 714.597 335.974 714.287 335.764 713.911L336.905 713.309C337.092 713.68 337.356 713.949 337.698 714.116C338.04 714.283 338.394 714.366 338.76 714.366C339.241 714.366 339.639 714.279 339.955 714.104C340.271 713.929 340.506 713.668 340.659 713.323C340.812 712.978 340.886 712.548 340.881 712.035V709.97H341.028V704.44H342.134V712.049C342.134 712.257 342.128 712.456 342.115 712.646C342.102 712.836 342.078 713.024 342.043 713.211C341.945 713.748 341.751 714.19 341.462 714.538C341.173 714.885 340.799 715.144 340.342 715.315C339.885 715.485 339.355 715.57 338.753 715.57ZM338.662 712.21C337.957 712.21 337.352 712.034 336.847 711.683C336.342 711.332 335.954 710.855 335.682 710.252C335.41 709.649 335.274 708.969 335.274 708.213C335.274 707.457 335.41 706.779 335.682 706.178C335.954 705.577 336.342 705.102 336.847 704.753C337.352 704.404 337.955 704.23 338.655 704.23C339.367 704.23 339.966 704.403 340.452 704.75C340.939 705.096 341.307 705.57 341.557 706.171C341.806 706.772 341.931 707.452 341.931 708.213C341.931 708.967 341.806 709.645 341.557 710.248C341.307 710.851 340.939 711.329 340.454 711.682C339.969 712.034 339.371 712.21 338.662 712.21ZM338.816 711.069C339.325 711.069 339.742 710.947 340.069 710.702C340.396 710.456 340.637 710.119 340.794 709.688C340.95 709.258 341.028 708.766 341.028 708.213C341.028 707.655 340.949 707.162 340.792 706.734C340.634 706.306 340.395 705.972 340.073 705.731C339.751 705.491 339.343 705.371 338.851 705.371C338.338 705.371 337.914 705.497 337.581 705.749C337.247 706.001 337 706.342 336.839 706.771C336.678 707.2 336.597 707.681 336.597 708.213C336.597 708.75 336.679 709.234 336.842 709.666C337.005 710.097 337.251 710.439 337.579 710.691C337.907 710.943 338.319 711.069 338.816 711.069ZM349.477 712V708.213C349.477 707.856 349.445 707.512 349.381 707.181C349.317 706.849 349.206 706.551 349.05 706.286C348.894 706.021 348.684 705.812 348.42 705.658C348.156 705.504 347.825 705.427 347.426 705.427C347.113 705.427 346.829 705.48 346.574 705.586C346.318 705.692 346.099 705.852 345.917 706.066C345.735 706.279 345.595 706.548 345.496 706.872C345.397 707.197 345.347 707.578 345.347 708.017L344.528 707.765C344.528 707.035 344.66 706.406 344.923 705.88C345.187 705.354 345.558 704.95 346.036 704.667C346.515 704.385 347.078 704.244 347.727 704.244C348.215 704.244 348.632 704.321 348.978 704.475C349.325 704.629 349.612 704.834 349.841 705.089C350.07 705.345 350.249 705.629 350.38 705.943C350.511 706.257 350.603 706.577 350.656 706.902C350.71 707.228 350.737 707.534 350.737 707.821V712H349.477ZM344.087 712V704.44H345.207V706.463H345.347V712H344.087ZM358.934 712.21C358.22 712.21 357.577 712.089 357.005 711.846C356.434 711.603 355.962 711.257 355.591 710.808C355.22 710.359 354.979 709.825 354.867 709.207L356.155 709.004C356.316 709.639 356.654 710.135 357.17 710.492C357.686 710.849 358.295 711.027 358.997 711.027C359.447 711.027 359.856 710.956 360.222 710.814C360.588 710.671 360.879 710.468 361.095 710.203C361.311 709.938 361.419 709.622 361.419 709.256C361.419 709.034 361.38 708.842 361.302 708.68C361.224 708.518 361.119 708.38 360.987 708.267C360.855 708.154 360.704 708.058 360.535 707.978C360.366 707.899 360.192 707.833 360.012 707.779L357.443 707.016C357.163 706.934 356.892 706.829 356.631 706.701C356.37 706.573 356.136 706.412 355.931 706.218C355.726 706.024 355.562 705.79 355.441 705.516C355.32 705.242 355.259 704.918 355.259 704.545C355.259 703.95 355.414 703.441 355.723 703.017C356.032 702.594 356.452 702.271 356.984 702.048C357.516 701.825 358.117 701.715 358.787 701.717C359.464 701.722 360.069 701.842 360.603 702.077C361.138 702.313 361.581 702.65 361.932 703.089C362.283 703.528 362.52 704.053 362.644 704.664L361.321 704.895C361.251 704.487 361.096 704.134 360.855 703.836C360.615 703.539 360.315 703.309 359.954 703.148C359.594 702.987 359.2 702.905 358.773 702.9C358.36 702.895 357.988 702.961 357.656 703.098C357.325 703.234 357.062 703.423 356.867 703.663C356.672 703.903 356.575 704.179 356.575 704.489C356.575 704.799 356.663 705.049 356.839 705.238C357.015 705.427 357.233 705.576 357.492 705.684C357.751 705.793 358.005 705.882 358.255 705.952L360.173 706.505C360.392 706.566 360.645 706.65 360.932 706.757C361.219 706.864 361.498 707.015 361.769 707.21C362.04 707.405 362.264 707.662 362.441 707.98C362.618 708.299 362.707 708.701 362.707 709.186C362.707 709.674 362.61 710.106 362.415 710.483C362.22 710.86 361.95 711.176 361.604 711.431C361.259 711.687 360.858 711.88 360.402 712.012C359.946 712.144 359.457 712.21 358.934 712.21ZM367.047 712.196C366.559 712.196 366.142 712.119 365.796 711.965C365.449 711.811 365.162 711.606 364.933 711.351C364.704 711.095 364.525 710.811 364.394 710.497C364.263 710.183 364.171 709.863 364.117 709.538C364.064 709.212 364.037 708.906 364.037 708.619V704.44H365.297V708.227C365.297 708.582 365.329 708.925 365.393 709.258C365.457 709.59 365.568 709.889 365.724 710.154C365.88 710.419 366.09 710.628 366.354 710.782C366.618 710.936 366.949 711.013 367.348 711.013C367.661 711.013 367.945 710.96 368.2 710.854C368.456 710.748 368.674 710.588 368.856 710.374C369.038 710.161 369.179 709.891 369.278 709.566C369.377 709.24 369.427 708.859 369.427 708.423L370.246 708.675C370.246 709.405 370.114 710.034 369.85 710.56C369.587 711.086 369.216 711.49 368.737 711.773C368.259 712.055 367.696 712.196 367.047 712.196ZM369.567 712V709.977H369.427V704.44H370.68V712H369.567ZM376.112 712.21C375.403 712.21 374.805 712.034 374.32 711.682C373.835 711.329 373.467 710.851 373.218 710.248C372.968 709.645 372.843 708.967 372.843 708.213C372.843 707.452 372.968 706.772 373.218 706.171C373.467 705.57 373.835 705.096 374.322 704.75C374.808 704.403 375.407 704.23 376.119 704.23C376.819 704.23 377.422 704.404 377.927 704.753C378.432 705.102 378.82 705.577 379.092 706.178C379.364 706.779 379.5 707.457 379.5 708.213C379.5 708.969 379.364 709.649 379.092 710.252C378.82 710.855 378.432 711.332 377.927 711.683C377.422 712.034 376.817 712.21 376.112 712.21ZM372.633 715.36V704.44H373.746V710.005H373.886V715.36H372.633ZM375.958 711.069C376.455 711.069 376.867 710.943 377.195 710.691C377.523 710.439 377.769 710.097 377.932 709.666C378.095 709.234 378.177 708.75 378.177 708.213C378.177 707.681 378.096 707.2 377.934 706.771C377.772 706.342 377.524 706.001 377.192 705.749C376.859 705.497 376.436 705.371 375.923 705.371C375.431 705.371 375.024 705.491 374.702 705.731C374.38 705.972 374.14 706.306 373.982 706.734C373.825 707.162 373.746 707.655 373.746 708.213C373.746 708.766 373.824 709.258 373.981 709.688C374.137 710.119 374.378 710.456 374.705 710.702C375.032 710.947 375.449 711.069 375.958 711.069ZM384.512 712.21C383.803 712.21 383.205 712.034 382.72 711.682C382.235 711.329 381.867 710.851 381.617 710.248C381.368 709.645 381.243 708.967 381.243 708.213C381.243 707.452 381.368 706.772 381.617 706.171C381.867 705.57 382.235 705.096 382.722 704.75C383.208 704.403 383.807 704.23 384.519 704.23C385.219 704.23 385.822 704.404 386.327 704.753C386.832 705.102 387.22 705.577 387.492 706.178C387.764 706.779 387.9 707.457 387.9 708.213C387.9 708.969 387.764 709.649 387.492 710.252C387.22 710.855 386.832 711.332 386.327 711.683C385.822 712.034 385.217 712.21 384.512 712.21ZM381.033 715.36V704.44H382.146V710.005H382.286V715.36H381.033ZM384.358 711.069C384.855 711.069 385.267 710.943 385.595 710.691C385.923 710.439 386.169 710.097 386.332 709.666C386.495 709.234 386.577 708.75 386.577 708.213C386.577 707.681 386.496 707.2 386.334 706.771C386.172 706.342 385.924 706.001 385.592 705.749C385.259 705.497 384.836 705.371 384.323 705.371C383.831 705.371 383.423 705.491 383.101 705.731C382.779 705.972 382.54 706.306 382.382 706.734C382.225 707.162 382.146 707.655 382.146 708.213C382.146 708.766 382.224 709.258 382.38 709.688C382.537 710.119 382.778 710.456 383.105 710.702C383.432 710.947 383.849 711.069 384.358 711.069ZM392.66 712.21C391.906 712.21 391.258 712.04 390.714 711.699C390.17 711.358 389.752 710.888 389.459 710.287C389.166 709.686 389.02 708.995 389.02 708.213C389.02 707.422 389.169 706.727 389.468 706.129C389.767 705.53 390.188 705.064 390.733 704.731C391.278 704.397 391.92 704.23 392.66 704.23C393.416 704.23 394.066 704.4 394.611 704.739C395.156 705.079 395.575 705.548 395.868 706.146C396.161 706.745 396.307 707.434 396.307 708.213C396.307 709.004 396.159 709.699 395.864 710.299C395.569 710.899 395.148 711.367 394.602 711.704C394.056 712.041 393.409 712.21 392.66 712.21ZM392.66 711.027C393.442 711.027 394.024 710.766 394.408 710.243C394.792 709.72 394.984 709.044 394.984 708.213C394.984 707.361 394.79 706.682 394.403 706.174C394.016 705.667 393.435 705.413 392.66 705.413C392.133 705.413 391.698 705.532 391.356 705.77C391.014 706.008 390.76 706.337 390.593 706.757C390.426 707.177 390.343 707.662 390.343 708.213C390.343 709.065 390.539 709.747 390.931 710.259C391.323 710.771 391.899 711.027 392.66 711.027ZM397.847 712V704.44H398.96V706.267L398.778 706.029C398.867 705.796 398.982 705.581 399.124 705.385C399.267 705.189 399.427 705.028 399.604 704.902C399.798 704.746 400.019 704.625 400.267 704.541C400.516 704.457 400.768 704.407 401.025 704.391C401.282 704.375 401.522 704.391 401.746 704.44V705.609C401.485 705.541 401.197 705.524 400.883 705.557C400.569 705.589 400.281 705.702 400.017 705.896C399.772 706.071 399.584 706.282 399.452 706.528C399.32 706.774 399.228 707.041 399.177 707.327C399.126 707.614 399.1 707.907 399.1 708.206V712H397.847ZM407.297 712C406.847 712.091 406.404 712.128 405.969 712.112C405.534 712.096 405.145 712.007 404.803 711.846C404.461 711.685 404.203 711.433 404.028 711.09C403.879 710.794 403.798 710.493 403.787 710.187C403.775 709.881 403.769 709.534 403.769 709.144V702.34H405.015V709.088C405.015 709.398 405.019 709.663 405.026 709.881C405.033 710.099 405.08 710.287 405.169 710.446C405.337 710.747 405.604 710.923 405.971 710.973C406.337 711.023 406.779 711.008 407.297 710.929V712ZM402.236 705.469V704.44H407.297V705.469H402.236ZM411.497 708.101V707.072H420.737V708.101H411.497ZM428.934 712.21C428.22 712.21 427.577 712.089 427.005 711.846C426.434 711.603 425.962 711.257 425.591 710.808C425.22 710.359 424.979 709.825 424.867 709.207L426.155 709.004C426.316 709.639 426.654 710.135 427.17 710.492C427.686 710.849 428.295 711.027 428.997 711.027C429.447 711.027 429.856 710.956 430.222 710.814C430.588 710.671 430.879 710.468 431.095 710.203C431.311 709.938 431.419 709.622 431.419 709.256C431.419 709.034 431.38 708.842 431.302 708.68C431.224 708.518 431.119 708.38 430.987 708.267C430.855 708.154 430.704 708.058 430.535 707.978C430.366 707.899 430.192 707.833 430.012 707.779L427.443 707.016C427.163 706.934 426.892 706.829 426.631 706.701C426.37 706.573 426.136 706.412 425.931 706.218C425.726 706.024 425.562 705.79 425.441 705.516C425.32 705.242 425.259 704.918 425.259 704.545C425.259 703.95 425.414 703.441 425.723 703.017C426.032 702.594 426.452 702.271 426.984 702.048C427.516 701.825 428.117 701.715 428.787 701.717C429.464 701.722 430.069 701.842 430.603 702.077C431.138 702.313 431.581 702.65 431.932 703.089C432.283 703.528 432.52 704.053 432.644 704.664L431.321 704.895C431.251 704.487 431.096 704.134 430.855 703.836C430.615 703.539 430.315 703.309 429.954 703.148C429.594 702.987 429.2 702.905 428.773 702.9C428.36 702.895 427.988 702.961 427.656 703.098C427.325 703.234 427.062 703.423 426.867 703.663C426.672 703.903 426.575 704.179 426.575 704.489C426.575 704.799 426.663 705.049 426.839 705.238C427.015 705.427 427.233 705.576 427.492 705.684C427.751 705.793 428.005 705.882 428.255 705.952L430.173 706.505C430.392 706.566 430.645 706.65 430.932 706.757C431.219 706.864 431.498 707.015 431.769 707.21C432.04 707.405 432.264 707.662 432.441 707.98C432.618 708.299 432.707 708.701 432.707 709.186C432.707 709.674 432.61 710.106 432.415 710.483C432.22 710.86 431.95 711.176 431.604 711.431C431.259 711.687 430.858 711.88 430.402 712.012C429.946 712.144 429.457 712.21 428.934 712.21ZM438.398 712C437.948 712.091 437.505 712.128 437.07 712.112C436.635 712.096 436.246 712.007 435.904 711.846C435.562 711.685 435.304 711.433 435.129 711.09C434.98 710.794 434.899 710.493 434.887 710.187C434.876 709.881 434.87 709.534 434.87 709.144V702.34H436.116V709.088C436.116 709.398 436.119 709.663 436.126 709.881C436.133 710.099 436.181 710.287 436.27 710.446C436.438 710.747 436.705 710.923 437.071 710.973C437.438 711.023 437.88 711.008 438.398 710.929V712ZM433.337 705.469V704.44H438.398V705.469H433.337ZM442.808 712.196C442.32 712.196 441.903 712.119 441.557 711.965C441.21 711.811 440.923 711.606 440.694 711.351C440.465 711.095 440.286 710.811 440.155 710.497C440.024 710.183 439.932 709.863 439.878 709.538C439.825 709.212 439.798 708.906 439.798 708.619V704.44H441.058V708.227C441.058 708.582 441.09 708.925 441.154 709.258C441.218 709.59 441.329 709.889 441.485 710.154C441.641 710.419 441.851 710.628 442.115 710.782C442.379 710.936 442.71 711.013 443.109 711.013C443.422 711.013 443.706 710.96 443.961 710.854C444.217 710.748 444.435 710.588 444.617 710.374C444.799 710.161 444.94 709.891 445.039 709.566C445.138 709.24 445.188 708.859 445.188 708.423L446.007 708.675C446.007 709.405 445.875 710.034 445.611 710.56C445.348 711.086 444.977 711.49 444.498 711.773C444.02 712.055 443.457 712.196 442.808 712.196ZM445.328 712V709.977H445.188V704.44H446.441V712H445.328ZM451.369 712.21C450.664 712.21 450.059 712.034 449.554 711.683C449.049 711.332 448.661 710.855 448.389 710.252C448.117 709.649 447.981 708.969 447.981 708.213C447.981 707.457 448.117 706.779 448.389 706.178C448.661 705.577 449.049 705.102 449.554 704.753C450.059 704.404 450.662 704.23 451.362 704.23C452.074 704.23 452.673 704.403 453.159 704.75C453.646 705.096 454.014 705.57 454.264 706.171C454.513 706.772 454.638 707.452 454.638 708.213C454.638 708.967 454.513 709.645 454.264 710.248C454.014 710.851 453.646 711.329 453.161 711.682C452.676 712.034 452.078 712.21 451.369 712.21ZM451.523 711.069C452.032 711.069 452.449 710.947 452.776 710.702C453.103 710.456 453.344 710.119 453.501 709.688C453.657 709.258 453.735 708.766 453.735 708.213C453.735 707.655 453.656 707.162 453.499 706.734C453.341 706.306 453.102 705.972 452.78 705.731C452.458 705.491 452.05 705.371 451.558 705.371C451.045 705.371 450.621 705.497 450.288 705.749C449.954 706.001 449.707 706.342 449.546 706.771C449.385 707.2 449.304 707.681 449.304 708.213C449.304 708.75 449.386 709.234 449.549 709.666C449.712 710.097 449.958 710.439 450.286 710.691C450.614 710.943 451.026 711.069 451.523 711.069ZM453.735 712V706.435H453.595V701.92H454.848V712H453.735ZM456.948 703.103V701.815H458.194V703.103H456.948ZM456.948 712V704.44H458.194V712H456.948ZM463.514 712.21C462.76 712.21 462.112 712.04 461.568 711.699C461.024 711.358 460.606 710.888 460.313 710.287C460.02 709.686 459.874 708.995 459.874 708.213C459.874 707.422 460.023 706.727 460.322 706.129C460.621 705.53 461.042 705.064 461.587 704.731C462.132 704.397 462.774 704.23 463.514 704.23C464.27 704.23 464.92 704.4 465.465 704.739C466.01 705.079 466.429 705.548 466.722 706.146C467.015 706.745 467.161 707.434 467.161 708.213C467.161 709.004 467.013 709.699 466.718 710.299C466.423 710.899 466.002 711.367 465.456 711.704C464.91 712.041 464.263 712.21 463.514 712.21ZM463.514 711.027C464.296 711.027 464.878 710.766 465.262 710.243C465.646 709.72 465.838 709.044 465.838 708.213C465.838 707.361 465.644 706.682 465.257 706.174C464.87 705.667 464.289 705.413 463.514 705.413C462.987 705.413 462.552 705.532 462.21 705.77C461.868 706.008 461.614 706.337 461.447 706.757C461.28 707.177 461.197 707.662 461.197 708.213C461.197 709.065 461.393 709.747 461.785 710.259C462.177 710.771 462.753 711.027 463.514 711.027ZM471.501 712V701.92H477.381V703.166H472.747V706.337H476.541V707.583H472.747V712H471.501ZM478.781 712V701.71H480.027V712H478.781ZM484.997 712.196C484.509 712.196 484.092 712.119 483.746 711.965C483.399 711.811 483.112 711.606 482.883 711.351C482.654 711.095 482.475 710.811 482.344 710.497C482.213 710.183 482.121 709.863 482.068 709.538C482.014 709.212 481.987 708.906 481.987 708.619V704.44H483.247V708.227C483.247 708.582 483.279 708.925 483.343 709.258C483.407 709.59 483.518 709.889 483.674 710.154C483.83 710.419 484.04 710.628 484.304 710.782C484.568 710.936 484.899 711.013 485.298 711.013C485.611 711.013 485.895 710.96 486.15 710.854C486.406 710.748 486.625 710.588 486.807 710.374C486.989 710.161 487.129 709.891 487.228 709.566C487.327 709.24 487.377 708.859 487.377 708.423L488.196 708.675C488.196 709.405 488.064 710.034 487.801 710.56C487.537 711.086 487.166 711.49 486.688 711.773C486.209 712.055 485.646 712.196 484.997 712.196ZM487.517 712V709.977H487.377V704.44H488.63V712H487.517ZM489.75 712L492.641 708.178L489.813 704.44H491.297L493.369 707.212L495.42 704.44H496.904L494.076 708.178L496.974 712H495.483L493.369 709.144L491.241 712H489.75Z" fill="#3C4A46"/>
<path d="M312.74 738.74C311.807 738.74 310.93 738.57 310.11 738.23C309.29 737.89 308.583 737.407 307.99 736.78C307.397 736.153 306.953 735.413 306.66 734.56L309.2 733.42C309.573 734.233 310.09 734.873 310.75 735.34C311.41 735.807 312.14 736.04 312.94 736.04C313.367 736.04 313.733 735.973 314.04 735.84C314.347 735.707 314.587 735.523 314.76 735.29C314.933 735.057 315.02 734.78 315.02 734.46C315.02 734.113 314.913 733.817 314.7 733.57C314.487 733.323 314.153 733.127 313.7 732.98L310.78 732.02C309.593 731.633 308.7 731.083 308.1 730.37C307.5 729.657 307.2 728.8 307.2 727.8C307.2 726.92 307.417 726.147 307.85 725.48C308.283 724.813 308.89 724.293 309.67 723.92C310.45 723.547 311.347 723.36 312.36 723.36C313.253 723.36 314.08 723.513 314.84 723.82C315.6 724.127 316.257 724.56 316.81 725.12C317.363 725.68 317.78 726.353 318.06 727.14L315.54 728.28C315.26 727.587 314.84 727.043 314.28 726.65C313.72 726.257 313.08 726.06 312.36 726.06C311.947 726.06 311.58 726.127 311.26 726.26C310.94 726.393 310.693 726.583 310.52 726.83C310.347 727.077 310.26 727.36 310.26 727.68C310.26 728.027 310.373 728.33 310.6 728.59C310.827 728.85 311.167 729.053 311.62 729.2L314.48 730.12C315.68 730.507 316.577 731.047 317.17 731.74C317.763 732.433 318.06 733.28 318.06 734.28C318.06 735.147 317.833 735.917 317.38 736.59C316.927 737.263 316.303 737.79 315.51 738.17C314.717 738.55 313.793 738.74 312.74 738.74ZM311.76 740.5V721.6H313.56V740.5H311.76ZM322.34 738.5V726.22H319.44V723.6H325.44V738.5H322.34ZM329.4 741.8V740.3C329.867 740.193 330.25 739.99 330.55 739.69C330.85 739.39 331.047 738.993 331.14 738.5H329.8V735.5H332.8V737.24C332.8 738.507 332.513 739.527 331.94 740.3C331.367 741.073 330.52 741.573 329.4 741.8ZM335.76 738.5V736.1L339.76 731.98C340.547 731.167 341.143 730.523 341.55 730.05C341.957 729.577 342.237 729.18 342.39 728.86C342.543 728.54 342.62 728.227 342.62 727.92C342.62 727.373 342.443 726.943 342.09 726.63C341.737 726.317 341.293 726.16 340.76 726.16C340.213 726.16 339.727 726.317 339.3 726.63C338.873 726.943 338.56 727.42 338.36 728.06L335.66 727.18C335.82 726.407 336.153 725.733 336.66 725.16C337.167 724.587 337.78 724.143 338.5 723.83C339.22 723.517 339.973 723.36 340.76 723.36C341.747 723.36 342.613 723.533 343.36 723.88C344.107 724.227 344.687 724.713 345.1 725.34C345.513 725.967 345.72 726.7 345.72 727.54C345.72 728.073 345.627 728.597 345.44 729.11C345.253 729.623 344.97 730.143 344.59 730.67C344.21 731.197 343.72 731.767 343.12 732.38L339.7 735.9H345.86V738.5H335.76ZM353.84 738.74C352.651 738.74 351.607 738.42 350.708 737.78C349.809 737.14 349.107 736.24 348.6 735.081C348.093 733.922 347.84 732.572 347.84 731.031C347.84 729.49 348.091 728.145 348.593 726.996C349.094 725.847 349.793 724.954 350.688 724.316C351.583 723.679 352.627 723.36 353.82 723.36C355.033 723.36 356.089 723.68 356.986 724.32C357.883 724.96 358.583 725.857 359.086 727.01C359.589 728.163 359.84 729.507 359.84 731.04C359.84 732.573 359.59 733.917 359.09 735.07C358.59 736.223 357.89 737.123 356.99 737.77C356.09 738.417 355.04 738.74 353.84 738.74ZM353.85 735.94C354.47 735.94 354.993 735.747 355.42 735.36C355.847 734.973 356.173 734.413 356.4 733.68C356.627 732.947 356.74 732.067 356.74 731.04C356.74 730.013 356.627 729.137 356.4 728.41C356.173 727.683 355.843 727.127 355.41 726.74C354.977 726.353 354.448 726.16 353.823 726.16C353.208 726.16 352.687 726.353 352.26 726.74C351.833 727.127 351.507 727.683 351.28 728.41C351.053 729.137 350.94 730.013 350.94 731.038C350.94 732.053 351.053 732.927 351.28 733.66C351.507 734.393 351.837 734.957 352.27 735.35C352.703 735.743 353.23 735.94 353.85 735.94ZM367.84 738.74C366.651 738.74 365.607 738.42 364.708 737.78C363.809 737.14 363.107 736.24 362.6 735.081C362.093 733.922 361.84 732.572 361.84 731.031C361.84 729.49 362.091 728.145 362.593 726.996C363.094 725.847 363.793 724.954 364.688 724.316C365.583 723.679 366.627 723.36 367.82 723.36C369.033 723.36 370.089 723.68 370.986 724.32C371.883 724.96 372.583 725.857 373.086 727.01C373.589 728.163 373.84 729.507 373.84 731.04C373.84 732.573 373.59 733.917 373.09 735.07C372.59 736.223 371.89 737.123 370.99 737.77C370.09 738.417 369.04 738.74 367.84 738.74ZM367.85 735.94C368.47 735.94 368.993 735.747 369.42 735.36C369.847 734.973 370.173 734.413 370.4 733.68C370.627 732.947 370.74 732.067 370.74 731.04C370.74 730.013 370.627 729.137 370.4 728.41C370.173 727.683 369.843 727.127 369.41 726.74C368.977 726.353 368.448 726.16 367.823 726.16C367.208 726.16 366.687 726.353 366.26 726.74C365.833 727.127 365.507 727.683 365.28 728.41C365.053 729.137 364.94 730.013 364.94 731.038C364.94 732.053 365.053 732.927 365.28 733.66C365.507 734.393 365.837 734.957 366.27 735.35C366.703 735.743 367.23 735.94 367.85 735.94Z" fill="#1C1B1B"/>
<path d="M382.688 739.168C382.098 739.168 381.575 739.071 381.119 738.877C380.663 738.684 380.276 738.415 379.96 738.071C379.644 737.727 379.403 737.332 379.237 736.886C379.072 736.44 378.989 735.962 378.989 735.451C378.989 735.309 378.995 735.17 379.008 735.036C379.021 734.902 379.044 734.781 379.076 734.674H384.956V736.074H380.119L380.991 735.423C380.902 735.845 380.921 736.226 381.047 736.566C381.173 736.905 381.381 737.173 381.672 737.369C381.962 737.565 382.301 737.663 382.688 737.663C383.078 737.663 383.421 737.566 383.716 737.372C384.011 737.179 384.237 736.898 384.395 736.529C384.552 736.16 384.611 735.717 384.571 735.199C384.611 734.725 384.549 734.311 384.384 733.957C384.22 733.602 383.977 733.326 383.656 733.129C383.335 732.932 382.961 732.833 382.534 732.833C382.119 732.833 381.765 732.922 381.472 733.099C381.179 733.276 380.947 733.512 380.774 733.806L379.29 733.088C379.449 732.722 379.685 732.399 379.999 732.119C380.313 731.839 380.688 731.62 381.124 731.461C381.56 731.302 382.037 731.223 382.555 731.223C383.339 731.223 384.025 731.4 384.613 731.755C385.201 732.11 385.659 732.589 385.987 733.192C386.315 733.795 386.479 734.469 386.479 735.213C386.479 735.967 386.313 736.643 385.982 737.241C385.651 737.84 385.199 738.31 384.626 738.654C384.053 738.997 383.407 739.168 382.688 739.168ZM389.184 739L386.388 728.57H388.435L390.626 737.456H390.094L392.387 728.57H394.364L396.653 737.456H396.118L398.312 728.57H400.36L397.563 739H395.376L393.069 730.355H393.678L391.372 739H389.184ZM404.528 739.168C403.744 739.168 403.058 738.991 402.469 738.636C401.88 738.281 401.422 737.802 401.095 737.198C400.768 736.593 400.605 735.92 400.605 735.178C400.605 734.415 400.772 733.737 401.107 733.143C401.442 732.549 401.895 732.081 402.465 731.737C403.036 731.395 403.679 731.223 404.395 731.223C404.986 731.223 405.509 731.32 405.965 731.514C406.421 731.707 406.808 731.976 407.124 732.32C407.44 732.664 407.681 733.059 407.846 733.505C408.012 733.951 408.095 734.429 408.095 734.94C408.095 735.075 408.089 735.212 408.076 735.35C408.063 735.487 408.04 735.61 408.007 735.717H402.127V734.317H406.964L406.093 734.968C406.184 734.539 406.166 734.156 406.039 733.82C405.912 733.484 405.705 733.218 405.419 733.022C405.133 732.826 404.792 732.728 404.395 732.728C404.006 732.728 403.663 732.825 403.368 733.019C403.073 733.212 402.848 733.493 402.694 733.86C402.54 734.228 402.48 734.672 402.512 735.192C402.473 735.663 402.535 736.077 402.7 736.433C402.864 736.789 403.107 737.065 403.428 737.262C403.749 737.459 404.122 737.558 404.549 737.558C404.967 737.558 405.322 737.469 405.615 737.292C405.908 737.115 406.14 736.879 406.31 736.585L407.794 737.302C407.645 737.666 407.411 737.989 407.092 738.27C406.774 738.551 406.397 738.771 405.962 738.93C405.527 739.089 405.049 739.168 404.528 739.168ZM413.096 739.168C412.312 739.168 411.626 738.991 411.037 738.636C410.448 738.281 409.99 737.802 409.663 737.198C409.336 736.593 409.173 735.92 409.173 735.178C409.173 734.415 409.34 733.737 409.675 733.143C410.01 732.549 410.463 732.081 411.033 731.737C411.604 731.395 412.247 731.223 412.963 731.223C413.554 731.223 414.077 731.32 414.533 731.514C414.989 731.707 415.376 731.976 415.692 732.32C416.008 732.664 416.249 733.059 416.414 733.505C416.58 733.951 416.663 734.429 416.663 734.94C416.663 735.075 416.657 735.212 416.644 735.35C416.631 735.487 416.608 735.61 416.575 735.717H410.695V734.317H415.532L414.661 734.968C414.752 734.539 414.734 734.156 414.607 733.82C414.48 733.484 414.273 733.218 413.987 733.022C413.701 732.826 413.36 732.728 412.963 732.728C412.574 732.728 412.231 732.825 411.936 733.019C411.641 733.212 411.416 733.493 411.262 733.86C411.108 734.228 411.048 734.672 411.08 735.192C411.041 735.663 411.103 736.077 411.268 736.433C411.432 736.789 411.675 737.065 411.996 737.262C412.317 737.459 412.69 737.558 413.117 737.558C413.535 737.558 413.89 737.469 414.183 737.292C414.476 737.115 414.708 736.879 414.878 736.585L416.362 737.302C416.213 737.666 415.979 737.989 415.66 738.27C415.342 738.551 414.965 738.771 414.53 738.93C414.095 739.089 413.617 739.168 413.096 739.168ZM418.049 739V728.402H419.886V735.35L419.186 735.143L422.77 731.391H425.052L422.238 734.453L425.108 739H423.008L420.523 735.052L421.605 734.835L419.316 737.299L419.886 736.168V739H418.049ZM426.127 739V728.402H427.964V739H426.127ZM430.586 742.08C430.381 742.08 430.18 742.063 429.984 742.029C429.788 741.995 429.612 741.94 429.455 741.863V740.327C429.577 740.357 429.722 740.385 429.891 740.412C430.06 740.439 430.22 740.452 430.369 740.452C430.791 740.452 431.099 740.357 431.293 740.166C431.487 739.974 431.655 739.72 431.797 739.403L432.304 738.23L432.276 739.774L428.962 731.391H430.936L433.256 737.579H432.553L434.87 731.391H436.851L433.536 739.774C433.345 740.257 433.109 740.672 432.828 741.02C432.547 741.367 432.221 741.631 431.851 741.81C431.481 741.99 431.06 742.08 430.586 742.08Z" fill="#3C4A46" fill-opacity="0.6"/>
<rect x="971.41" y="697" width="65.59" height="23" rx="11.5" fill="#00C2A8" fill-opacity="0.1"/>
<path d="M983.61 712L985.81 704.8H987.84L990.04 712H988.64L986.68 705.65H986.94L985.01 712H983.61ZM984.93 710.5V709.23H988.73V710.5H984.93ZM994.83 712.15C994.11 712.15 993.489 711.993 992.968 711.68C992.446 711.367 992.044 710.928 991.763 710.365C991.481 709.802 991.34 709.147 991.34 708.4C991.34 707.653 991.481 706.998 991.763 706.435C992.044 705.872 992.446 705.433 992.968 705.12C993.489 704.807 994.11 704.65 994.83 704.65C995.657 704.65 996.351 704.855 996.913 705.265C997.474 705.675 997.87 706.23 998.1 706.93L996.73 707.31C996.597 706.873 996.372 706.534 996.055 706.293C995.738 706.051 995.33 705.93 994.83 705.93C994.373 705.93 993.993 706.032 993.688 706.235C993.383 706.438 993.153 706.725 993 707.095C992.847 707.465 992.77 707.9 992.77 708.4C992.77 708.9 992.847 709.335 993 709.705C993.153 710.075 993.383 710.362 993.688 710.565C993.993 710.768 994.373 710.87 994.83 710.87C995.33 710.87 995.738 710.748 996.055 710.505C996.372 710.262 996.597 709.923 996.73 709.49L998.1 709.87C997.87 710.57 997.474 711.125 996.913 711.535C996.351 711.945 995.657 712.15 994.83 712.15ZM1001.87 712V706.07H999.6V704.8H1005.5V706.07H1003.23V712H1001.87ZM1007.4 712V704.8H1008.76V712H1007.4ZM1012.81 712L1010.61 704.8H1012.01L1013.81 710.72L1015.64 704.8H1017.04L1014.84 712H1012.81ZM1018.79 712V704.8H1023.49V706.07H1020.15V707.61H1022.89V708.88H1020.15V710.73H1023.49V712H1018.79Z" fill="#006B5C"/>
<mask id="path-55-inside-7_3768_757" fill="white">
<path d="M242 761H1037V817H242V761Z"/>
</mask>
<path d="M242 761V762H1037V761V760H242V761Z" fill="#BBCAC4" fill-opacity="0.1" mask="url(#path-55-inside-7_3768_757)"/>
<path d="M242.7 789V781.8H243.92L247.26 786.875V781.8H248.48V789H247.26L243.92 783.925V789H242.7ZM250.378 789V781.8H255.028V782.93H251.583V784.705H254.428V785.835H251.583V787.87H255.028V789H250.378ZM256.127 789L258.567 785.36L256.197 781.8H257.672L259.312 784.335L260.937 781.8H262.422L260.052 785.36L262.482 789H261.007L259.312 786.385L257.612 789H256.127ZM265.91 789V782.93H263.58V781.8H269.445V782.93H267.115V789H265.91ZM272.944 789V781.8H275.919C275.989 781.8 276.079 781.803 276.189 781.81C276.299 781.813 276.401 781.823 276.494 781.84C276.911 781.903 277.254 782.042 277.524 782.255C277.797 782.468 277.999 782.738 278.129 783.065C278.262 783.388 278.329 783.748 278.329 784.145C278.329 784.538 278.262 784.898 278.129 785.225C277.996 785.548 277.792 785.817 277.519 786.03C277.249 786.243 276.907 786.382 276.494 786.445C276.401 786.458 276.297 786.468 276.184 786.475C276.074 786.482 275.986 786.485 275.919 786.485H274.149V789H272.944ZM274.149 785.36H275.869C275.936 785.36 276.011 785.357 276.094 785.35C276.177 785.343 276.254 785.33 276.324 785.31C276.524 785.26 276.681 785.172 276.794 785.045C276.911 784.918 276.992 784.775 277.039 784.615C277.089 784.455 277.114 784.298 277.114 784.145C277.114 783.992 277.089 783.835 277.039 783.675C276.992 783.512 276.911 783.367 276.794 783.24C276.681 783.113 276.524 783.025 276.324 782.975C276.254 782.955 276.177 782.943 276.094 782.94C276.011 782.933 275.936 782.93 275.869 782.93H274.149V785.36ZM278.833 789L281.103 781.8H282.868L285.138 789H283.898L281.838 782.54H282.108L280.073 789H278.833ZM280.098 787.44V786.315H283.878V787.44H280.098ZM287.696 789V786.05L285.246 781.8H286.651L288.306 784.67L289.956 781.8H291.361L288.916 786.05V789H287.696ZM292.559 789V781.8H293.644L296.134 786.9L298.624 781.8H299.709V789H298.584V784.385L296.374 789H295.894L293.689 784.385V789H292.559ZM301.614 789V781.8H306.264V782.93H302.819V784.705H305.664V785.835H302.819V787.87H306.264V789H301.614ZM307.964 789V781.8H309.184L312.524 786.875V781.8H313.744V789H312.524L309.184 783.925V789H307.964ZM317.371 789V782.93H315.041V781.8H320.906V782.93H318.576V789H317.371Z" fill="#A1A1AA"/>
<path d="M242.98 812V801.92H244.303L247.957 809.501L251.59 801.92H252.927V811.993H251.541V805.098L248.286 812H247.621L244.359 805.098V812H242.98ZM257.023 812.21C256.463 812.21 255.994 812.107 255.616 811.902C255.238 811.692 254.951 811.417 254.755 811.076C254.564 810.731 254.468 810.353 254.468 809.942C254.468 809.559 254.536 809.223 254.671 808.934C254.807 808.645 255.007 808.4 255.273 808.199C255.539 807.994 255.866 807.828 256.253 807.702C256.589 807.604 256.97 807.518 257.394 807.443C257.819 807.368 258.265 807.298 258.731 807.233C259.203 807.168 259.669 807.102 260.131 807.037L259.599 807.331C259.609 806.738 259.483 806.3 259.221 806.015C258.965 805.726 258.521 805.581 257.891 805.581C257.495 805.581 257.131 805.674 256.799 805.861C256.468 806.043 256.237 806.346 256.106 806.771L254.741 806.351C254.928 805.702 255.283 805.187 255.805 804.804C256.333 804.421 257.033 804.23 257.905 804.23C258.582 804.23 259.17 804.347 259.669 804.58C260.173 804.809 260.542 805.173 260.775 805.672C260.897 805.919 260.971 806.181 260.999 806.456C261.027 806.731 261.041 807.028 261.041 807.345V812H259.746V810.271L259.998 810.495C259.686 811.074 259.287 811.505 258.801 811.79C258.321 812.07 257.728 812.21 257.023 812.21ZM257.282 811.013C257.698 811.013 258.055 810.941 258.353 810.796C258.652 810.647 258.892 810.458 259.074 810.229C259.256 810 259.375 809.762 259.431 809.515C259.511 809.291 259.555 809.039 259.564 808.759C259.578 808.479 259.585 808.255 259.585 808.087L260.061 808.262C259.599 808.332 259.179 808.395 258.801 808.451C258.423 808.507 258.08 808.563 257.772 808.619C257.469 808.67 257.198 808.733 256.96 808.808C256.76 808.878 256.58 808.962 256.421 809.06C256.267 809.158 256.144 809.277 256.05 809.417C255.962 809.557 255.917 809.727 255.917 809.928C255.917 810.124 255.966 810.306 256.064 810.474C256.162 810.637 256.312 810.768 256.512 810.866C256.713 810.964 256.97 811.013 257.282 811.013ZM262.859 812V804.44H264.161V806.274L263.979 806.036C264.072 805.793 264.194 805.572 264.343 805.371C264.492 805.166 264.665 804.998 264.861 804.867C265.052 804.727 265.265 804.62 265.498 804.545C265.736 804.466 265.979 804.419 266.226 804.405C266.473 804.386 266.711 804.398 266.94 804.44V805.812C266.693 805.747 266.417 805.728 266.114 805.756C265.815 805.784 265.54 805.88 265.288 806.043C265.05 806.197 264.861 806.384 264.721 806.603C264.586 806.822 264.488 807.067 264.427 807.338C264.366 807.604 264.336 807.886 264.336 808.185V812H262.859ZM271.37 812.21C270.596 812.21 269.938 812.037 269.396 811.692C268.855 811.347 268.44 810.873 268.15 810.271C267.866 809.669 267.721 808.985 267.716 808.22C267.721 807.441 267.87 806.752 268.164 806.155C268.458 805.553 268.878 805.082 269.424 804.741C269.97 804.4 270.626 804.23 271.391 804.23C272.217 804.23 272.922 804.435 273.505 804.846C274.093 805.257 274.481 805.819 274.667 806.533L273.211 806.953C273.067 806.528 272.829 806.199 272.497 805.966C272.171 805.728 271.795 805.609 271.37 805.609C270.89 805.609 270.495 805.723 270.187 805.952C269.879 806.176 269.651 806.484 269.501 806.876C269.352 807.268 269.275 807.716 269.27 808.22C269.275 808.999 269.452 809.629 269.802 810.11C270.157 810.591 270.68 810.831 271.37 810.831C271.842 810.831 272.222 810.724 272.511 810.509C272.805 810.29 273.029 809.977 273.183 809.571L274.667 809.921C274.42 810.658 274.012 811.225 273.442 811.622C272.873 812.014 272.182 812.21 271.37 812.21ZM281.399 812V808.283C281.399 807.989 281.374 807.688 281.322 807.38C281.276 807.067 281.182 806.778 281.042 806.512C280.907 806.246 280.713 806.031 280.461 805.868C280.214 805.705 279.89 805.623 279.488 805.623C279.227 805.623 278.98 805.667 278.746 805.756C278.513 805.84 278.308 805.978 278.13 806.169C277.958 806.36 277.82 806.612 277.717 806.925C277.619 807.238 277.57 807.618 277.57 808.066L276.66 807.723C276.66 807.037 276.789 806.433 277.045 805.91C277.302 805.383 277.671 804.972 278.151 804.678C278.632 804.384 279.213 804.237 279.894 804.237C280.417 804.237 280.856 804.321 281.21 804.489C281.565 804.657 281.852 804.879 282.071 805.154C282.295 805.425 282.466 805.721 282.582 806.043C282.699 806.365 282.778 806.68 282.82 806.988C282.862 807.296 282.883 807.567 282.883 807.8V812H281.399ZM276.086 812V801.92H277.395V807.359H277.57V812H276.086ZM287.229 811.993L287.236 810.691L291.625 806.757C291.98 806.444 292.22 806.146 292.346 805.861C292.477 805.576 292.542 805.292 292.542 805.007C292.542 804.648 292.463 804.326 292.304 804.041C292.146 803.752 291.926 803.523 291.646 803.355C291.366 803.187 291.044 803.103 290.68 803.103C290.307 803.103 289.973 803.192 289.679 803.369C289.39 803.542 289.164 803.773 289 804.062C288.837 804.351 288.758 804.664 288.762 805H287.264C287.264 804.347 287.411 803.775 287.705 803.285C288.004 802.79 288.412 802.405 288.93 802.13C289.448 801.85 290.041 801.71 290.708 801.71C291.343 801.71 291.912 801.855 292.416 802.144C292.92 802.429 293.317 802.821 293.606 803.32C293.9 803.819 294.047 804.389 294.047 805.028C294.047 805.49 293.987 805.882 293.865 806.204C293.744 806.526 293.562 806.825 293.319 807.1C293.077 807.375 292.773 807.674 292.409 807.996L289.021 811.02L288.86 810.6H294.047V811.993H287.229ZM298.953 812.21C298.295 812.21 297.712 812.079 297.203 811.818C296.699 811.552 296.302 811.183 296.013 810.712C295.728 810.241 295.586 809.695 295.586 809.074C295.586 808.495 295.721 807.966 295.992 807.485C296.263 807.004 296.666 806.626 297.203 806.351L297.175 806.855C296.746 806.589 296.414 806.258 296.181 805.861C295.952 805.46 295.838 805.012 295.838 804.517C295.838 803.943 295.971 803.446 296.237 803.026C296.503 802.606 296.869 802.282 297.336 802.053C297.807 801.824 298.346 801.71 298.953 801.71C299.56 801.71 300.096 801.824 300.563 802.053C301.03 802.282 301.396 802.606 301.662 803.026C301.928 803.446 302.061 803.943 302.061 804.517C302.061 805.012 301.951 805.457 301.732 805.854C301.513 806.251 301.177 806.584 300.724 806.855L300.703 806.365C301.235 806.626 301.639 807 301.914 807.485C302.189 807.966 302.327 808.495 302.327 809.074C302.327 809.695 302.182 810.241 301.893 810.712C301.604 811.183 301.205 811.552 300.696 811.818C300.187 812.079 299.606 812.21 298.953 812.21ZM298.953 810.817C299.494 810.817 299.933 810.67 300.269 810.376C300.605 810.077 300.773 809.643 300.773 809.074C300.773 808.505 300.605 808.071 300.269 807.772C299.938 807.469 299.499 807.317 298.953 807.317C298.407 807.317 297.966 807.469 297.63 807.772C297.299 808.071 297.133 808.505 297.133 809.074C297.133 809.643 297.301 810.077 297.637 810.376C297.973 810.67 298.412 810.817 298.953 810.817ZM298.953 805.917C299.415 805.917 299.788 805.803 300.073 805.574C300.362 805.341 300.507 804.988 300.507 804.517C300.507 804.046 300.362 803.693 300.073 803.46C299.788 803.222 299.415 803.103 298.953 803.103C298.491 803.103 298.115 803.222 297.826 803.46C297.537 803.693 297.392 804.046 297.392 804.517C297.392 804.988 297.537 805.341 297.826 805.574C298.115 805.803 298.491 805.917 298.953 805.917ZM304.008 813.673L304.099 813.022C304.3 813.036 304.456 812.999 304.568 812.91C304.68 812.821 304.755 812.698 304.792 812.539C304.829 812.38 304.836 812.201 304.813 812H304.008V810.313H305.555V812.14C305.555 812.691 305.422 813.106 305.156 813.386C304.895 813.666 304.512 813.762 304.008 813.673ZM310.731 811.993L310.738 810.691L315.127 806.757C315.482 806.444 315.722 806.146 315.848 805.861C315.979 805.576 316.044 805.292 316.044 805.007C316.044 804.648 315.965 804.326 315.806 804.041C315.648 803.752 315.428 803.523 315.148 803.355C314.868 803.187 314.546 803.103 314.182 803.103C313.809 803.103 313.475 803.192 313.181 803.369C312.892 803.542 312.666 803.773 312.502 804.062C312.339 804.351 312.26 804.664 312.264 805H310.766C310.766 804.347 310.913 803.775 311.207 803.285C311.506 802.79 311.914 802.405 312.432 802.13C312.95 801.85 313.543 801.71 314.21 801.71C314.845 801.71 315.414 801.855 315.918 802.144C316.422 802.429 316.819 802.821 317.108 803.32C317.402 803.819 317.549 804.389 317.549 805.028C317.549 805.49 317.489 805.882 317.367 806.204C317.246 806.526 317.064 806.825 316.821 807.1C316.579 807.375 316.275 807.674 315.911 807.996L312.523 811.02L312.362 810.6H317.549V811.993H310.731ZM322.742 812.21C322.056 812.21 321.449 812.061 320.922 811.762C320.395 811.459 319.979 811.043 319.676 810.516C319.377 809.989 319.228 809.382 319.228 808.696V805.224C319.228 804.538 319.377 803.931 319.676 803.404C319.979 802.877 320.395 802.464 320.922 802.165C321.449 801.862 322.056 801.71 322.742 801.71C323.428 801.71 324.035 801.862 324.562 802.165C325.089 802.464 325.502 802.877 325.801 803.404C326.104 803.931 326.256 804.538 326.256 805.224V808.696C326.256 809.382 326.104 809.989 325.801 810.516C325.502 811.043 325.089 811.459 324.562 811.762C324.035 812.061 323.428 812.21 322.742 812.21ZM322.742 810.81C323.115 810.81 323.454 810.721 323.757 810.544C324.065 810.362 324.31 810.119 324.492 809.816C324.674 809.508 324.765 809.165 324.765 808.787V805.119C324.765 804.746 324.674 804.407 324.492 804.104C324.31 803.796 324.065 803.553 323.757 803.376C323.454 803.194 323.115 803.103 322.742 803.103C322.369 803.103 322.028 803.194 321.72 803.376C321.417 803.553 321.174 803.796 320.992 804.104C320.81 804.407 320.719 804.746 320.719 805.119V808.787C320.719 809.165 320.81 809.508 320.992 809.816C321.174 810.119 321.417 810.362 321.72 810.544C322.028 810.721 322.369 810.81 322.742 810.81ZM327.93 811.993L327.937 810.691L332.326 806.757C332.681 806.444 332.921 806.146 333.047 805.861C333.178 805.576 333.243 805.292 333.243 805.007C333.243 804.648 333.164 804.326 333.005 804.041C332.847 803.752 332.627 803.523 332.347 803.355C332.067 803.187 331.745 803.103 331.381 803.103C331.008 803.103 330.674 803.192 330.38 803.369C330.091 803.542 329.865 803.773 329.701 804.062C329.538 804.351 329.459 804.664 329.463 805H327.965C327.965 804.347 328.112 803.775 328.406 803.285C328.705 802.79 329.113 802.405 329.631 802.13C330.149 801.85 330.742 801.71 331.409 801.71C332.044 801.71 332.613 801.855 333.117 802.144C333.621 802.429 334.018 802.821 334.307 803.32C334.601 803.819 334.748 804.389 334.748 805.028C334.748 805.49 334.688 805.882 334.566 806.204C334.445 806.526 334.263 806.825 334.02 807.1C333.778 807.375 333.474 807.674 333.11 807.996L329.722 811.02L329.561 810.6H334.748V811.993H327.93ZM339.892 812.21C339.239 812.21 338.651 812.056 338.128 811.748C337.606 811.435 337.19 811.008 336.882 810.467C336.579 809.926 336.427 809.31 336.427 808.619V805.406C336.427 804.673 336.579 804.029 336.882 803.474C337.19 802.919 337.615 802.487 338.156 802.179C338.702 801.871 339.33 801.717 340.039 801.717C340.571 801.717 341.071 801.817 341.537 802.018C342.004 802.219 342.408 802.517 342.748 802.914L341.677 803.915C341.486 803.668 341.246 803.472 340.956 803.327C340.672 803.178 340.366 803.103 340.039 803.103C339.619 803.103 339.251 803.203 338.933 803.404C338.616 803.6 338.366 803.859 338.184 804.181C338.007 804.503 337.918 804.848 337.918 805.217V807.065L337.631 806.743C337.921 806.365 338.28 806.066 338.709 805.847C339.139 805.628 339.598 805.518 340.088 805.518C340.714 805.518 341.271 805.665 341.761 805.959C342.256 806.248 342.643 806.643 342.923 807.142C343.208 807.641 343.35 808.204 343.35 808.829C343.35 809.459 343.192 810.031 342.874 810.544C342.562 811.053 342.142 811.459 341.614 811.762C341.092 812.061 340.518 812.21 339.892 812.21ZM339.892 810.803C340.256 810.803 340.588 810.714 340.886 810.537C341.185 810.36 341.423 810.122 341.6 809.823C341.778 809.524 341.866 809.193 341.866 808.829C341.866 808.465 341.778 808.134 341.6 807.835C341.428 807.536 341.192 807.298 340.893 807.121C340.595 806.944 340.263 806.855 339.899 806.855C339.535 806.855 339.202 806.944 338.898 807.121C338.6 807.298 338.362 807.536 338.184 807.835C338.007 808.134 337.918 808.465 337.918 808.829C337.918 809.188 338.007 809.517 338.184 809.816C338.362 810.115 338.6 810.355 338.898 810.537C339.197 810.714 339.528 810.803 339.892 810.803Z" fill="#1C1B1B"/>
<path d="M851.43 789V782.93H849.1V781.8H854.965V782.93H852.635V789H851.43ZM859.309 789.15C858.589 789.15 857.973 788.993 857.459 788.68C856.946 788.363 856.551 787.923 856.274 787.36C856.001 786.797 855.864 786.143 855.864 785.4C855.864 784.657 856.001 784.003 856.274 783.44C856.551 782.877 856.946 782.438 857.459 782.125C857.973 781.808 858.589 781.65 859.309 781.65C860.029 781.65 860.646 781.808 861.159 782.125C861.676 782.438 862.071 782.877 862.344 783.44C862.621 784.003 862.759 784.657 862.759 785.4C862.759 786.143 862.621 786.797 862.344 787.36C862.071 787.923 861.676 788.363 861.159 788.68C860.646 788.993 860.029 789.15 859.309 789.15ZM859.309 788.015C859.793 788.018 860.194 787.912 860.514 787.695C860.838 787.478 861.079 787.173 861.239 786.78C861.403 786.387 861.484 785.927 861.484 785.4C861.484 784.873 861.403 784.417 861.239 784.03C861.079 783.64 860.838 783.337 860.514 783.12C860.194 782.903 859.793 782.792 859.309 782.785C858.826 782.782 858.424 782.888 858.104 783.105C857.784 783.322 857.543 783.627 857.379 784.02C857.219 784.413 857.139 784.873 857.139 785.4C857.139 785.927 857.219 786.385 857.379 786.775C857.539 787.162 857.779 787.463 858.099 787.68C858.423 787.897 858.826 788.008 859.309 788.015ZM865.789 789V782.93H863.459V781.8H869.324V782.93H866.994V789H865.789ZM869.929 789L872.199 781.8H873.964L876.234 789H874.994L872.934 782.54H873.204L871.169 789H869.929ZM871.194 787.44V786.315H874.974V787.44H871.194ZM877.738 789V781.8H878.943V787.87H882.123V789H877.738ZM885.473 789V781.8H888.448C888.518 781.8 888.608 781.803 888.718 781.81C888.828 781.813 888.93 781.823 889.023 781.84C889.44 781.903 889.783 782.042 890.053 782.255C890.327 782.468 890.528 782.738 890.658 783.065C890.792 783.388 890.858 783.748 890.858 784.145C890.858 784.732 890.71 785.237 890.413 785.66C890.117 786.08 889.662 786.34 889.048 786.44L888.533 786.485H886.678V789H885.473ZM889.608 789L888.188 786.07L889.413 785.8L890.973 789H889.608ZM886.678 785.36H888.398C888.465 785.36 888.54 785.357 888.623 785.35C888.707 785.343 888.783 785.33 888.853 785.31C889.053 785.26 889.21 785.172 889.323 785.045C889.44 784.918 889.522 784.775 889.568 784.615C889.618 784.455 889.643 784.298 889.643 784.145C889.643 783.992 889.618 783.835 889.568 783.675C889.522 783.512 889.44 783.367 889.323 783.24C889.21 783.113 889.053 783.025 888.853 782.975C888.783 782.955 888.707 782.943 888.623 782.94C888.54 782.933 888.465 782.93 888.398 782.93H886.678V785.36ZM892.575 789V781.8H897.225V782.93H893.78V784.705H896.625V785.835H893.78V787.87H897.225V789H892.575ZM901.716 789.15C900.996 789.15 900.379 788.993 899.866 788.68C899.352 788.363 898.957 787.923 898.681 787.36C898.407 786.797 898.271 786.143 898.271 785.4C898.271 784.657 898.407 784.003 898.681 783.44C898.957 782.877 899.352 782.438 899.866 782.125C900.379 781.808 900.996 781.65 901.716 781.65C902.546 781.65 903.237 781.858 903.791 782.275C904.344 782.688 904.732 783.247 904.956 783.95L903.741 784.285C903.601 783.815 903.362 783.448 903.026 783.185C902.689 782.918 902.252 782.785 901.716 782.785C901.232 782.785 900.829 782.893 900.506 783.11C900.186 783.327 899.944 783.632 899.781 784.025C899.621 784.415 899.539 784.873 899.536 785.4C899.536 785.927 899.616 786.387 899.776 786.78C899.939 787.17 900.182 787.473 900.506 787.69C900.829 787.907 901.232 788.015 901.716 788.015C902.252 788.015 902.689 787.882 903.026 787.615C903.362 787.348 903.601 786.982 903.741 786.515L904.956 786.85C904.732 787.553 904.344 788.113 903.791 788.53C903.237 788.943 902.546 789.15 901.716 789.15ZM906.554 789V781.8H911.204V782.93H907.759V784.705H910.604V785.835H907.759V787.87H911.204V789H906.554ZM913.003 789V781.8H914.208V789H913.003ZM917.826 789L915.556 781.8H916.796L918.696 787.83L920.621 781.8H921.861L919.591 789H917.826ZM923.112 789V781.8H927.762V782.93H924.317V784.705H927.162V785.835H924.317V787.87H927.762V789H923.112ZM929.462 789V781.8H931.757C931.817 781.8 931.935 781.802 932.112 781.805C932.292 781.808 932.465 781.82 932.632 781.84C933.202 781.913 933.683 782.117 934.077 782.45C934.473 782.78 934.773 783.202 934.977 783.715C935.18 784.228 935.282 784.79 935.282 785.4C935.282 786.01 935.18 786.572 934.977 787.085C934.773 787.598 934.473 788.022 934.077 788.355C933.683 788.685 933.202 788.887 932.632 788.96C932.468 788.98 932.297 788.992 932.117 788.995C931.937 788.998 931.817 789 931.757 789H929.462ZM930.687 787.865H931.757C931.857 787.865 931.983 787.862 932.137 787.855C932.293 787.848 932.432 787.833 932.552 787.81C932.892 787.747 933.168 787.595 933.382 787.355C933.595 787.115 933.752 786.823 933.852 786.48C933.955 786.137 934.007 785.777 934.007 785.4C934.007 785.01 933.955 784.643 933.852 784.3C933.748 783.957 933.588 783.668 933.372 783.435C933.158 783.202 932.885 783.053 932.552 782.99C932.432 782.963 932.293 782.948 932.137 782.945C931.983 782.938 931.857 782.935 931.757 782.935H930.687V787.865Z" fill="#A1A1AA"/>
<path d="M852.626 813.393V811.755H854.089V813.393H852.626ZM852.626 802.172V800.527H854.089V802.172H852.626ZM853.431 812.21C852.731 812.21 852.106 812.084 851.555 811.832C851.004 811.58 850.552 811.223 850.197 810.761C849.847 810.294 849.618 809.744 849.511 809.109L850.96 808.878C851.1 809.475 851.399 809.951 851.856 810.306C852.313 810.656 852.862 810.831 853.501 810.831C854.136 810.831 854.651 810.679 855.048 810.376C855.449 810.073 855.65 809.685 855.65 809.214C855.65 808.878 855.547 808.605 855.342 808.395C855.141 808.185 854.812 808.008 854.355 807.863L851.989 807.135C850.589 806.701 849.889 805.861 849.889 804.615C849.889 804.027 850.029 803.516 850.309 803.082C850.594 802.648 850.993 802.312 851.506 802.074C852.019 801.836 852.619 801.717 853.305 801.717C853.963 801.726 854.546 801.848 855.055 802.081C855.568 802.314 855.993 802.65 856.329 803.089C856.67 803.528 856.905 804.055 857.036 804.671L855.545 804.937C855.48 804.578 855.342 804.26 855.132 803.985C854.927 803.71 854.665 803.495 854.348 803.341C854.035 803.187 853.683 803.108 853.291 803.103C852.922 803.094 852.591 803.152 852.297 803.278C852.008 803.399 851.777 803.572 851.604 803.796C851.436 804.015 851.352 804.265 851.352 804.545C851.352 804.853 851.471 805.114 851.709 805.329C851.947 805.544 852.323 805.728 852.836 805.882L854.691 806.421C855.54 806.673 856.154 807.011 856.532 807.436C856.91 807.861 857.099 808.425 857.099 809.13C857.099 809.746 856.945 810.285 856.637 810.747C856.334 811.204 855.907 811.564 855.356 811.825C854.805 812.082 854.164 812.21 853.431 812.21ZM862.863 812V810.243H858.313V808.857L861.589 801.92H863.262L859.986 808.857H862.863V806.127H864.347V808.857H865.348V810.243H864.347V812H862.863ZM866.615 813.673L866.706 813.022C866.907 813.036 867.063 812.999 867.175 812.91C867.287 812.821 867.362 812.698 867.399 812.539C867.437 812.38 867.444 812.201 867.42 812H866.615V810.313H868.162V812.14C868.162 812.691 868.029 813.106 867.763 813.386C867.502 813.666 867.119 813.762 866.615 813.673ZM874.043 812.21C873.385 812.21 872.802 812.079 872.293 811.818C871.789 811.552 871.392 811.183 871.103 810.712C870.818 810.241 870.676 809.695 870.676 809.074C870.676 808.495 870.811 807.966 871.082 807.485C871.353 807.004 871.756 806.626 872.293 806.351L872.265 806.855C871.836 806.589 871.504 806.258 871.271 805.861C871.042 805.46 870.928 805.012 870.928 804.517C870.928 803.943 871.061 803.446 871.327 803.026C871.593 802.606 871.959 802.282 872.426 802.053C872.897 801.824 873.436 801.71 874.043 801.71C874.65 801.71 875.186 801.824 875.653 802.053C876.12 802.282 876.486 802.606 876.752 803.026C877.018 803.446 877.151 803.943 877.151 804.517C877.151 805.012 877.041 805.457 876.822 805.854C876.603 806.251 876.267 806.584 875.814 806.855L875.793 806.365C876.325 806.626 876.729 807 877.004 807.485C877.279 807.966 877.417 808.495 877.417 809.074C877.417 809.695 877.272 810.241 876.983 810.712C876.694 811.183 876.295 811.552 875.786 811.818C875.277 812.079 874.696 812.21 874.043 812.21ZM874.043 810.817C874.584 810.817 875.023 810.67 875.359 810.376C875.695 810.077 875.863 809.643 875.863 809.074C875.863 808.505 875.695 808.071 875.359 807.772C875.028 807.469 874.589 807.317 874.043 807.317C873.497 807.317 873.056 807.469 872.72 807.772C872.389 808.071 872.223 808.505 872.223 809.074C872.223 809.643 872.391 810.077 872.727 810.376C873.063 810.67 873.502 810.817 874.043 810.817ZM874.043 805.917C874.505 805.917 874.878 805.803 875.163 805.574C875.452 805.341 875.597 804.988 875.597 804.517C875.597 804.046 875.452 803.693 875.163 803.46C874.878 803.222 874.505 803.103 874.043 803.103C873.581 803.103 873.205 803.222 872.916 803.46C872.627 803.693 872.482 804.046 872.482 804.517C872.482 804.988 872.627 805.341 872.916 805.574C873.205 805.803 873.581 805.917 874.043 805.917ZM882.752 812.21C882.066 812.21 881.459 812.061 880.932 811.762C880.404 811.459 879.989 811.043 879.686 810.516C879.387 809.989 879.238 809.382 879.238 808.696V805.224C879.238 804.538 879.387 803.931 879.686 803.404C879.989 802.877 880.404 802.464 880.932 802.165C881.459 801.862 882.066 801.71 882.752 801.71C883.438 801.71 884.044 801.862 884.572 802.165C885.099 802.464 885.512 802.877 885.811 803.404C886.114 803.931 886.266 804.538 886.266 805.224V808.696C886.266 809.382 886.114 809.989 885.811 810.516C885.512 811.043 885.099 811.459 884.572 811.762C884.044 812.061 883.438 812.21 882.752 812.21ZM882.752 810.81C883.125 810.81 883.463 810.721 883.767 810.544C884.075 810.362 884.32 810.119 884.502 809.816C884.684 809.508 884.775 809.165 884.775 808.787V805.119C884.775 804.746 884.684 804.407 884.502 804.104C884.32 803.796 884.075 803.553 883.767 803.376C883.463 803.194 883.125 803.103 882.752 803.103C882.378 803.103 882.038 803.194 881.73 803.376C881.426 803.553 881.184 803.796 881.002 804.104C880.82 804.407 880.729 804.746 880.729 805.119V808.787C880.729 809.165 880.82 809.508 881.002 809.816C881.184 810.119 881.426 810.362 881.73 810.544C882.038 810.721 882.378 810.81 882.752 810.81ZM891.734 812.21C891.048 812.21 890.442 812.061 889.914 811.762C889.387 811.459 888.972 811.043 888.668 810.516C888.37 809.989 888.22 809.382 888.22 808.696V805.224C888.22 804.538 888.37 803.931 888.668 803.404C888.972 802.877 889.387 802.464 889.914 802.165C890.442 801.862 891.048 801.71 891.734 801.71C892.42 801.71 893.027 801.862 893.554 802.165C894.082 802.464 894.495 802.877 894.793 803.404C895.097 803.931 895.248 804.538 895.248 805.224V808.696C895.248 809.382 895.097 809.989 894.793 810.516C894.495 811.043 894.082 811.459 893.554 811.762C893.027 812.061 892.42 812.21 891.734 812.21ZM891.734 810.81C892.108 810.81 892.446 810.721 892.749 810.544C893.057 810.362 893.302 810.119 893.484 809.816C893.666 809.508 893.757 809.165 893.757 808.787V805.119C893.757 804.746 893.666 804.407 893.484 804.104C893.302 803.796 893.057 803.553 892.749 803.376C892.446 803.194 892.108 803.103 891.734 803.103C891.361 803.103 891.02 803.194 890.712 803.376C890.409 803.553 890.166 803.796 889.984 804.104C889.802 804.407 889.711 804.746 889.711 805.119V808.787C889.711 809.165 889.802 809.508 889.984 809.816C890.166 810.119 890.409 810.362 890.712 810.544C891.02 810.721 891.361 810.81 891.734 810.81Z" fill="#1C1B1B"/>
<rect x="218" y="861" width="843" height="168" rx="24" fill="white"/>
<rect x="242" y="885" width="48" height="48" rx="16" fill="#FFDBD0"/>
<path d="M262.8 907.95L264.95 905.775L263.55 904.35L262.45 905.45L261.05 904.05L262.125 902.95L261 901.825L258.825 904L262.8 907.95ZM271 916.175L273.175 914L272.05 912.875L270.95 913.95L269.55 912.55L270.625 911.45L269.2 910.05L267.05 912.2L271 916.175ZM271.6 902L273.025 903.425L271.6 902ZM261.25 918H257V913.75L261.375 909.375L256 904L261 899L266.4 904.4L270.175 900.6C270.375 900.4 270.6 900.25 270.85 900.15C271.1 900.05 271.358 900 271.625 900C271.892 900 272.15 900.05 272.4 900.15C272.65 900.25 272.875 900.4 273.075 900.6L274.4 901.95C274.6 902.15 274.75 902.375 274.85 902.625C274.95 902.875 275 903.133 275 903.4C275 903.667 274.95 903.921 274.85 904.162C274.75 904.404 274.6 904.625 274.4 904.825L270.625 908.625L276 914L271 919L265.625 913.625L261.25 918ZM259 916H260.4L270.2 906.225L268.775 904.8L259 914.6V916ZM269.5 905.525L268.775 904.8L270.2 906.225L269.5 905.525Z" fill="#9D4224"/>
<path d="M306.98 900V889.92H310.088C310.188 889.92 310.367 889.922 310.623 889.927C310.88 889.932 311.126 889.95 311.362 889.983C312.139 890.086 312.791 890.369 313.317 890.834C313.843 891.298 314.239 891.888 314.505 892.603C314.771 893.318 314.904 894.104 314.904 894.96C314.904 895.819 314.771 896.606 314.505 897.321C314.239 898.036 313.843 898.625 313.317 899.088C312.791 899.551 312.139 899.834 311.362 899.937C311.129 899.967 310.882 899.985 310.622 899.991C310.362 899.997 310.184 900 310.088 900H306.98ZM308.261 898.81H310.088C310.263 898.81 310.461 898.805 310.681 898.794C310.902 898.784 311.094 898.763 311.257 898.733C311.808 898.633 312.253 898.402 312.594 898.042C312.935 897.681 313.184 897.233 313.343 896.698C313.502 896.162 313.581 895.583 313.581 894.96C313.581 894.325 313.5 893.74 313.339 893.205C313.179 892.669 312.927 892.224 312.585 891.868C312.243 891.512 311.801 891.285 311.257 891.187C311.094 891.154 310.9 891.133 310.676 891.124C310.452 891.115 310.256 891.11 310.088 891.11H308.261V898.81ZM319.79 900.21C319.046 900.21 318.397 900.046 317.844 899.718C317.291 899.39 316.861 898.931 316.554 898.339C316.247 897.748 316.094 897.058 316.094 896.269C316.094 895.443 316.245 894.728 316.547 894.123C316.849 893.519 317.273 893.053 317.818 892.724C318.363 892.394 319.001 892.23 319.734 892.23C320.492 892.23 321.139 892.405 321.673 892.755C322.207 893.105 322.609 893.604 322.879 894.253C323.148 894.902 323.263 895.674 323.224 896.57H321.967V896.122C321.953 895.193 321.764 894.499 321.4 894.04C321.036 893.58 320.495 893.35 319.776 893.35C319.004 893.35 318.417 893.597 318.017 894.092C317.617 894.587 317.417 895.296 317.417 896.22C317.417 897.111 317.617 897.802 318.017 898.292C318.417 898.782 318.99 899.027 319.734 899.027C320.233 899.027 320.667 898.913 321.036 898.684C321.405 898.455 321.694 898.126 321.904 897.697L323.101 898.11C322.805 898.777 322.362 899.294 321.773 899.66C321.184 900.027 320.523 900.21 319.79 900.21ZM316.997 896.57V895.569H322.583V896.57H316.997ZM327.637 900.203C326.734 900.203 325.995 900.006 325.42 899.611C324.845 899.217 324.492 898.665 324.361 897.956L325.635 897.753C325.738 898.164 325.973 898.489 326.342 898.729C326.711 898.97 327.168 899.09 327.714 899.09C328.23 899.09 328.635 898.983 328.93 898.77C329.225 898.556 329.373 898.264 329.373 897.893C329.373 897.681 329.324 897.508 329.226 897.375C329.128 897.242 328.926 897.117 328.621 897.001C328.315 896.884 327.854 896.743 327.238 896.577C326.571 896.4 326.045 896.216 325.661 896.026C325.277 895.836 325.004 895.614 324.842 895.362C324.68 895.111 324.599 894.804 324.599 894.442C324.599 893.999 324.72 893.611 324.963 893.278C325.206 892.946 325.545 892.688 325.98 892.505C326.415 892.322 326.923 892.23 327.504 892.23C328.078 892.23 328.591 892.322 329.042 892.505C329.494 892.688 329.858 892.946 330.136 893.278C330.414 893.611 330.579 893.999 330.633 894.442L329.359 894.673C329.298 894.269 329.103 893.95 328.773 893.716C328.443 893.481 328.02 893.357 327.504 893.343C327.014 893.327 326.616 893.414 326.311 893.605C326.005 893.797 325.852 894.055 325.852 894.379C325.852 894.563 325.909 894.72 326.022 894.85C326.135 894.979 326.347 895.102 326.659 895.219C326.97 895.336 327.422 895.469 328.015 895.618C328.68 895.788 329.205 895.972 329.59 896.169C329.975 896.366 330.25 896.6 330.414 896.869C330.579 897.139 330.661 897.468 330.661 897.858C330.661 898.588 330.393 899.162 329.856 899.578C329.319 899.995 328.58 900.203 327.637 900.203ZM332.348 891.103V889.815H333.594V891.103H332.348ZM332.348 900V892.44H333.594V900H332.348ZM338.753 903.57C338.356 903.57 337.969 903.51 337.591 903.39C337.213 903.27 336.867 903.087 336.552 902.842C336.237 902.597 335.974 902.287 335.764 901.911L336.905 901.309C337.092 901.68 337.356 901.949 337.698 902.116C338.04 902.283 338.394 902.366 338.76 902.366C339.241 902.366 339.639 902.279 339.955 902.104C340.271 901.929 340.506 901.668 340.659 901.323C340.812 900.978 340.886 900.548 340.881 900.035V897.97H341.028V892.44H342.134V900.049C342.134 900.257 342.128 900.456 342.115 900.646C342.102 900.836 342.078 901.024 342.043 901.211C341.945 901.748 341.751 902.19 341.462 902.538C341.173 902.885 340.799 903.144 340.342 903.315C339.885 903.485 339.355 903.57 338.753 903.57ZM338.662 900.21C337.957 900.21 337.352 900.034 336.847 899.683C336.342 899.332 335.954 898.855 335.682 898.252C335.41 897.649 335.274 896.969 335.274 896.213C335.274 895.457 335.41 894.779 335.682 894.178C335.954 893.577 336.342 893.102 336.847 892.753C337.352 892.404 337.955 892.23 338.655 892.23C339.367 892.23 339.966 892.403 340.452 892.75C340.939 893.096 341.307 893.57 341.557 894.171C341.806 894.772 341.931 895.452 341.931 896.213C341.931 896.967 341.806 897.645 341.557 898.248C341.307 898.851 340.939 899.329 340.454 899.682C339.969 900.034 339.371 900.21 338.662 900.21ZM338.816 899.069C339.325 899.069 339.742 898.947 340.069 898.702C340.396 898.456 340.637 898.119 340.794 897.688C340.95 897.258 341.028 896.766 341.028 896.213C341.028 895.655 340.949 895.162 340.792 894.734C340.634 894.306 340.395 893.972 340.073 893.731C339.751 893.491 339.343 893.371 338.851 893.371C338.338 893.371 337.914 893.497 337.581 893.749C337.247 894.001 337 894.342 336.839 894.771C336.678 895.2 336.597 895.681 336.597 896.213C336.597 896.75 336.679 897.234 336.842 897.666C337.005 898.097 337.251 898.439 337.579 898.691C337.907 898.943 338.319 899.069 338.816 899.069ZM349.477 900V896.213C349.477 895.856 349.445 895.512 349.381 895.181C349.317 894.849 349.206 894.551 349.05 894.286C348.894 894.021 348.684 893.812 348.42 893.658C348.156 893.504 347.825 893.427 347.426 893.427C347.113 893.427 346.829 893.48 346.574 893.586C346.318 893.692 346.099 893.852 345.917 894.066C345.735 894.279 345.595 894.548 345.496 894.872C345.397 895.197 345.347 895.578 345.347 896.017L344.528 895.765C344.528 895.035 344.66 894.406 344.923 893.88C345.187 893.354 345.558 892.95 346.036 892.667C346.515 892.385 347.078 892.244 347.727 892.244C348.215 892.244 348.632 892.321 348.978 892.475C349.325 892.629 349.612 892.834 349.841 893.089C350.07 893.345 350.249 893.629 350.38 893.943C350.511 894.257 350.603 894.577 350.656 894.902C350.71 895.228 350.737 895.534 350.737 895.821V900H349.477ZM344.087 900V892.44H345.207V894.463H345.347V900H344.087ZM358.934 900.21C358.22 900.21 357.577 900.089 357.005 899.846C356.434 899.603 355.962 899.257 355.591 898.808C355.22 898.359 354.979 897.825 354.867 897.207L356.155 897.004C356.316 897.639 356.654 898.135 357.17 898.492C357.686 898.849 358.295 899.027 358.997 899.027C359.447 899.027 359.856 898.956 360.222 898.814C360.588 898.671 360.879 898.468 361.095 898.203C361.311 897.938 361.419 897.622 361.419 897.256C361.419 897.034 361.38 896.842 361.302 896.68C361.224 896.518 361.119 896.38 360.987 896.267C360.855 896.154 360.704 896.058 360.535 895.978C360.366 895.899 360.192 895.833 360.012 895.779L357.443 895.016C357.163 894.934 356.892 894.829 356.631 894.701C356.37 894.573 356.136 894.412 355.931 894.218C355.726 894.024 355.562 893.79 355.441 893.516C355.32 893.242 355.259 892.918 355.259 892.545C355.259 891.95 355.414 891.441 355.723 891.017C356.032 890.594 356.452 890.271 356.984 890.048C357.516 889.825 358.117 889.715 358.787 889.717C359.464 889.722 360.069 889.842 360.603 890.077C361.138 890.313 361.581 890.65 361.932 891.089C362.283 891.528 362.52 892.053 362.644 892.664L361.321 892.895C361.251 892.487 361.096 892.134 360.855 891.836C360.615 891.539 360.315 891.309 359.954 891.148C359.594 890.987 359.2 890.905 358.773 890.9C358.36 890.895 357.988 890.961 357.656 891.098C357.325 891.234 357.062 891.423 356.867 891.663C356.672 891.903 356.575 892.179 356.575 892.489C356.575 892.799 356.663 893.049 356.839 893.238C357.015 893.427 357.233 893.576 357.492 893.684C357.751 893.793 358.005 893.882 358.255 893.952L360.173 894.505C360.392 894.566 360.645 894.65 360.932 894.757C361.219 894.864 361.498 895.015 361.769 895.21C362.04 895.405 362.264 895.662 362.441 895.98C362.618 896.299 362.707 896.701 362.707 897.186C362.707 897.674 362.61 898.106 362.415 898.483C362.22 898.86 361.95 899.176 361.604 899.431C361.259 899.687 360.858 899.88 360.402 900.012C359.946 900.144 359.457 900.21 358.934 900.21ZM367.047 900.196C366.559 900.196 366.142 900.119 365.796 899.965C365.449 899.811 365.162 899.606 364.933 899.351C364.704 899.095 364.525 898.811 364.394 898.497C364.263 898.183 364.171 897.863 364.117 897.538C364.064 897.212 364.037 896.906 364.037 896.619V892.44H365.297V896.227C365.297 896.582 365.329 896.925 365.393 897.258C365.457 897.59 365.568 897.889 365.724 898.154C365.88 898.419 366.09 898.628 366.354 898.782C366.618 898.936 366.949 899.013 367.348 899.013C367.661 899.013 367.945 898.96 368.2 898.854C368.456 898.748 368.674 898.588 368.856 898.374C369.038 898.161 369.179 897.891 369.278 897.566C369.377 897.24 369.427 896.859 369.427 896.423L370.246 896.675C370.246 897.405 370.114 898.034 369.85 898.56C369.587 899.086 369.216 899.49 368.737 899.773C368.259 900.055 367.696 900.196 367.047 900.196ZM369.567 900V897.977H369.427V892.44H370.68V900H369.567ZM376.112 900.21C375.403 900.21 374.805 900.034 374.32 899.682C373.835 899.329 373.467 898.851 373.218 898.248C372.968 897.645 372.843 896.967 372.843 896.213C372.843 895.452 372.968 894.772 373.218 894.171C373.467 893.57 373.835 893.096 374.322 892.75C374.808 892.403 375.407 892.23 376.119 892.23C376.819 892.23 377.422 892.404 377.927 892.753C378.432 893.102 378.82 893.577 379.092 894.178C379.364 894.779 379.5 895.457 379.5 896.213C379.5 896.969 379.364 897.649 379.092 898.252C378.82 898.855 378.432 899.332 377.927 899.683C377.422 900.034 376.817 900.21 376.112 900.21ZM372.633 903.36V892.44H373.746V898.005H373.886V903.36H372.633ZM375.958 899.069C376.455 899.069 376.867 898.943 377.195 898.691C377.523 898.439 377.769 898.097 377.932 897.666C378.095 897.234 378.177 896.75 378.177 896.213C378.177 895.681 378.096 895.2 377.934 894.771C377.772 894.342 377.524 894.001 377.192 893.749C376.859 893.497 376.436 893.371 375.923 893.371C375.431 893.371 375.024 893.491 374.702 893.731C374.38 893.972 374.14 894.306 373.982 894.734C373.825 895.162 373.746 895.655 373.746 896.213C373.746 896.766 373.824 897.258 373.981 897.688C374.137 898.119 374.378 898.456 374.705 898.702C375.032 898.947 375.449 899.069 375.958 899.069ZM384.512 900.21C383.803 900.21 383.205 900.034 382.72 899.682C382.235 899.329 381.867 898.851 381.617 898.248C381.368 897.645 381.243 896.967 381.243 896.213C381.243 895.452 381.368 894.772 381.617 894.171C381.867 893.57 382.235 893.096 382.722 892.75C383.208 892.403 383.807 892.23 384.519 892.23C385.219 892.23 385.822 892.404 386.327 892.753C386.832 893.102 387.22 893.577 387.492 894.178C387.764 894.779 387.9 895.457 387.9 896.213C387.9 896.969 387.764 897.649 387.492 898.252C387.22 898.855 386.832 899.332 386.327 899.683C385.822 900.034 385.217 900.21 384.512 900.21ZM381.033 903.36V892.44H382.146V898.005H382.286V903.36H381.033ZM384.358 899.069C384.855 899.069 385.267 898.943 385.595 898.691C385.923 898.439 386.169 898.097 386.332 897.666C386.495 897.234 386.577 896.75 386.577 896.213C386.577 895.681 386.496 895.2 386.334 894.771C386.172 894.342 385.924 894.001 385.592 893.749C385.259 893.497 384.836 893.371 384.323 893.371C383.831 893.371 383.423 893.491 383.101 893.731C382.779 893.972 382.54 894.306 382.382 894.734C382.225 895.162 382.146 895.655 382.146 896.213C382.146 896.766 382.224 897.258 382.38 897.688C382.537 898.119 382.778 898.456 383.105 898.702C383.432 898.947 383.849 899.069 384.358 899.069ZM392.66 900.21C391.906 900.21 391.258 900.04 390.714 899.699C390.17 899.358 389.752 898.888 389.459 898.287C389.166 897.686 389.02 896.995 389.02 896.213C389.02 895.422 389.169 894.727 389.468 894.129C389.767 893.53 390.188 893.064 390.733 892.731C391.278 892.397 391.92 892.23 392.66 892.23C393.416 892.23 394.066 892.4 394.611 892.739C395.156 893.079 395.575 893.548 395.868 894.146C396.161 894.745 396.307 895.434 396.307 896.213C396.307 897.004 396.159 897.699 395.864 898.299C395.569 898.899 395.148 899.367 394.602 899.704C394.056 900.041 393.409 900.21 392.66 900.21ZM392.66 899.027C393.442 899.027 394.024 898.766 394.408 898.243C394.792 897.72 394.984 897.044 394.984 896.213C394.984 895.361 394.79 894.682 394.403 894.174C394.016 893.667 393.435 893.413 392.66 893.413C392.133 893.413 391.698 893.532 391.356 893.77C391.014 894.008 390.76 894.337 390.593 894.757C390.426 895.177 390.343 895.662 390.343 896.213C390.343 897.065 390.539 897.747 390.931 898.259C391.323 898.771 391.899 899.027 392.66 899.027ZM397.847 900V892.44H398.96V894.267L398.778 894.029C398.867 893.796 398.982 893.581 399.124 893.385C399.267 893.189 399.427 893.028 399.604 892.902C399.798 892.746 400.019 892.625 400.267 892.541C400.516 892.457 400.768 892.407 401.025 892.391C401.282 892.375 401.522 892.391 401.746 892.44V893.609C401.485 893.541 401.197 893.524 400.883 893.557C400.569 893.589 400.281 893.702 400.017 893.896C399.772 894.071 399.584 894.282 399.452 894.528C399.32 894.774 399.228 895.041 399.177 895.327C399.126 895.614 399.1 895.907 399.1 896.206V900H397.847ZM407.297 900C406.847 900.091 406.404 900.128 405.969 900.112C405.534 900.096 405.145 900.007 404.803 899.846C404.461 899.685 404.203 899.433 404.028 899.09C403.879 898.794 403.798 898.493 403.787 898.187C403.775 897.881 403.769 897.534 403.769 897.144V890.34H405.015V897.088C405.015 897.398 405.019 897.663 405.026 897.881C405.033 898.099 405.08 898.287 405.169 898.446C405.337 898.747 405.604 898.923 405.971 898.973C406.337 899.023 406.779 899.008 407.297 898.929V900ZM402.236 893.469V892.44H407.297V893.469H402.236ZM411.497 896.101V895.072H420.737V896.101H411.497ZM428.934 900.21C428.22 900.21 427.577 900.089 427.005 899.846C426.434 899.603 425.962 899.257 425.591 898.808C425.22 898.359 424.979 897.825 424.867 897.207L426.155 897.004C426.316 897.639 426.654 898.135 427.17 898.492C427.686 898.849 428.295 899.027 428.997 899.027C429.447 899.027 429.856 898.956 430.222 898.814C430.588 898.671 430.879 898.468 431.095 898.203C431.311 897.938 431.419 897.622 431.419 897.256C431.419 897.034 431.38 896.842 431.302 896.68C431.224 896.518 431.119 896.38 430.987 896.267C430.855 896.154 430.704 896.058 430.535 895.978C430.366 895.899 430.192 895.833 430.012 895.779L427.443 895.016C427.163 894.934 426.892 894.829 426.631 894.701C426.37 894.573 426.136 894.412 425.931 894.218C425.726 894.024 425.562 893.79 425.441 893.516C425.32 893.242 425.259 892.918 425.259 892.545C425.259 891.95 425.414 891.441 425.723 891.017C426.032 890.594 426.452 890.271 426.984 890.048C427.516 889.825 428.117 889.715 428.787 889.717C429.464 889.722 430.069 889.842 430.603 890.077C431.138 890.313 431.581 890.65 431.932 891.089C432.283 891.528 432.52 892.053 432.644 892.664L431.321 892.895C431.251 892.487 431.096 892.134 430.855 891.836C430.615 891.539 430.315 891.309 429.954 891.148C429.594 890.987 429.2 890.905 428.773 890.9C428.36 890.895 427.988 890.961 427.656 891.098C427.325 891.234 427.062 891.423 426.867 891.663C426.672 891.903 426.575 892.179 426.575 892.489C426.575 892.799 426.663 893.049 426.839 893.238C427.015 893.427 427.233 893.576 427.492 893.684C427.751 893.793 428.005 893.882 428.255 893.952L430.173 894.505C430.392 894.566 430.645 894.65 430.932 894.757C431.219 894.864 431.498 895.015 431.769 895.21C432.04 895.405 432.264 895.662 432.441 895.98C432.618 896.299 432.707 896.701 432.707 897.186C432.707 897.674 432.61 898.106 432.415 898.483C432.22 898.86 431.95 899.176 431.604 899.431C431.259 899.687 430.858 899.88 430.402 900.012C429.946 900.144 429.457 900.21 428.934 900.21ZM438.398 900C437.948 900.091 437.505 900.128 437.07 900.112C436.635 900.096 436.246 900.007 435.904 899.846C435.562 899.685 435.304 899.433 435.129 899.09C434.98 898.794 434.899 898.493 434.887 898.187C434.876 897.881 434.87 897.534 434.87 897.144V890.34H436.116V897.088C436.116 897.398 436.119 897.663 436.126 897.881C436.133 898.099 436.181 898.287 436.27 898.446C436.438 898.747 436.705 898.923 437.071 898.973C437.438 899.023 437.88 899.008 438.398 898.929V900ZM433.337 893.469V892.44H438.398V893.469H433.337ZM442.808 900.196C442.32 900.196 441.903 900.119 441.557 899.965C441.21 899.811 440.923 899.606 440.694 899.351C440.465 899.095 440.286 898.811 440.155 898.497C440.024 898.183 439.932 897.863 439.878 897.538C439.825 897.212 439.798 896.906 439.798 896.619V892.44H441.058V896.227C441.058 896.582 441.09 896.925 441.154 897.258C441.218 897.59 441.329 897.889 441.485 898.154C441.641 898.419 441.851 898.628 442.115 898.782C442.379 898.936 442.71 899.013 443.109 899.013C443.422 899.013 443.706 898.96 443.961 898.854C444.217 898.748 444.435 898.588 444.617 898.374C444.799 898.161 444.94 897.891 445.039 897.566C445.138 897.24 445.188 896.859 445.188 896.423L446.007 896.675C446.007 897.405 445.875 898.034 445.611 898.56C445.348 899.086 444.977 899.49 444.498 899.773C444.02 900.055 443.457 900.196 442.808 900.196ZM445.328 900V897.977H445.188V892.44H446.441V900H445.328ZM451.369 900.21C450.664 900.21 450.059 900.034 449.554 899.683C449.049 899.332 448.661 898.855 448.389 898.252C448.117 897.649 447.981 896.969 447.981 896.213C447.981 895.457 448.117 894.779 448.389 894.178C448.661 893.577 449.049 893.102 449.554 892.753C450.059 892.404 450.662 892.23 451.362 892.23C452.074 892.23 452.673 892.403 453.159 892.75C453.646 893.096 454.014 893.57 454.264 894.171C454.513 894.772 454.638 895.452 454.638 896.213C454.638 896.967 454.513 897.645 454.264 898.248C454.014 898.851 453.646 899.329 453.161 899.682C452.676 900.034 452.078 900.21 451.369 900.21ZM451.523 899.069C452.032 899.069 452.449 898.947 452.776 898.702C453.103 898.456 453.344 898.119 453.501 897.688C453.657 897.258 453.735 896.766 453.735 896.213C453.735 895.655 453.656 895.162 453.499 894.734C453.341 894.306 453.102 893.972 452.78 893.731C452.458 893.491 452.05 893.371 451.558 893.371C451.045 893.371 450.621 893.497 450.288 893.749C449.954 894.001 449.707 894.342 449.546 894.771C449.385 895.2 449.304 895.681 449.304 896.213C449.304 896.75 449.386 897.234 449.549 897.666C449.712 898.097 449.958 898.439 450.286 898.691C450.614 898.943 451.026 899.069 451.523 899.069ZM453.735 900V894.435H453.595V889.92H454.848V900H453.735ZM456.948 891.103V889.815H458.194V891.103H456.948ZM456.948 900V892.44H458.194V900H456.948ZM463.514 900.21C462.76 900.21 462.112 900.04 461.568 899.699C461.024 899.358 460.606 898.888 460.313 898.287C460.02 897.686 459.874 896.995 459.874 896.213C459.874 895.422 460.023 894.727 460.322 894.129C460.621 893.53 461.042 893.064 461.587 892.731C462.132 892.397 462.774 892.23 463.514 892.23C464.27 892.23 464.92 892.4 465.465 892.739C466.01 893.079 466.429 893.548 466.722 894.146C467.015 894.745 467.161 895.434 467.161 896.213C467.161 897.004 467.013 897.699 466.718 898.299C466.423 898.899 466.002 899.367 465.456 899.704C464.91 900.041 464.263 900.21 463.514 900.21ZM463.514 899.027C464.296 899.027 464.878 898.766 465.262 898.243C465.646 897.72 465.838 897.044 465.838 896.213C465.838 895.361 465.644 894.682 465.257 894.174C464.87 893.667 464.289 893.413 463.514 893.413C462.987 893.413 462.552 893.532 462.21 893.77C461.868 894.008 461.614 894.337 461.447 894.757C461.28 895.177 461.197 895.662 461.197 896.213C461.197 897.065 461.393 897.747 461.785 898.259C462.177 898.771 462.753 899.027 463.514 899.027ZM471.501 900V889.92H477.381V891.166H472.747V894.337H476.541V895.583H472.747V900H471.501ZM478.781 900V889.71H480.027V900H478.781ZM484.997 900.196C484.509 900.196 484.092 900.119 483.746 899.965C483.399 899.811 483.112 899.606 482.883 899.351C482.654 899.095 482.475 898.811 482.344 898.497C482.213 898.183 482.121 897.863 482.068 897.538C482.014 897.212 481.987 896.906 481.987 896.619V892.44H483.247V896.227C483.247 896.582 483.279 896.925 483.343 897.258C483.407 897.59 483.518 897.889 483.674 898.154C483.83 898.419 484.04 898.628 484.304 898.782C484.568 898.936 484.899 899.013 485.298 899.013C485.611 899.013 485.895 898.96 486.15 898.854C486.406 898.748 486.625 898.588 486.807 898.374C486.989 898.161 487.129 897.891 487.228 897.566C487.327 897.24 487.377 896.859 487.377 896.423L488.196 896.675C488.196 897.405 488.064 898.034 487.801 898.56C487.537 899.086 487.166 899.49 486.688 899.773C486.209 900.055 485.646 900.196 484.997 900.196ZM487.517 900V897.977H487.377V892.44H488.63V900H487.517ZM489.75 900L492.641 896.178L489.813 892.44H491.297L493.369 895.212L495.42 892.44H496.904L494.076 896.178L496.974 900H495.483L493.369 897.144L491.241 900H489.75Z" fill="#3C4A46"/>
<path d="M312.74 926.74C311.807 926.74 310.93 926.57 310.11 926.23C309.29 925.89 308.583 925.407 307.99 924.78C307.397 924.153 306.953 923.413 306.66 922.56L309.2 921.42C309.573 922.233 310.09 922.873 310.75 923.34C311.41 923.807 312.14 924.04 312.94 924.04C313.367 924.04 313.733 923.973 314.04 923.84C314.347 923.707 314.587 923.523 314.76 923.29C314.933 923.057 315.02 922.78 315.02 922.46C315.02 922.113 314.913 921.817 314.7 921.57C314.487 921.323 314.153 921.127 313.7 920.98L310.78 920.02C309.593 919.633 308.7 919.083 308.1 918.37C307.5 917.657 307.2 916.8 307.2 915.8C307.2 914.92 307.417 914.147 307.85 913.48C308.283 912.813 308.89 912.293 309.67 911.92C310.45 911.547 311.347 911.36 312.36 911.36C313.253 911.36 314.08 911.513 314.84 911.82C315.6 912.127 316.257 912.56 316.81 913.12C317.363 913.68 317.78 914.353 318.06 915.14L315.54 916.28C315.26 915.587 314.84 915.043 314.28 914.65C313.72 914.257 313.08 914.06 312.36 914.06C311.947 914.06 311.58 914.127 311.26 914.26C310.94 914.393 310.693 914.583 310.52 914.83C310.347 915.077 310.26 915.36 310.26 915.68C310.26 916.027 310.373 916.33 310.6 916.59C310.827 916.85 311.167 917.053 311.62 917.2L314.48 918.12C315.68 918.507 316.577 919.047 317.17 919.74C317.763 920.433 318.06 921.28 318.06 922.28C318.06 923.147 317.833 923.917 317.38 924.59C316.927 925.263 316.303 925.79 315.51 926.17C314.717 926.55 313.793 926.74 312.74 926.74ZM311.76 928.5V909.6H313.56V928.5H311.76ZM322.34 926.5V914.22H319.44V911.6H325.44V926.5H322.34ZM329.4 929.8V928.3C329.867 928.193 330.25 927.99 330.55 927.69C330.85 927.39 331.047 926.993 331.14 926.5H329.8V923.5H332.8V925.24C332.8 926.507 332.513 927.527 331.94 928.3C331.367 929.073 330.52 929.573 329.4 929.8ZM335.76 926.5V924.1L339.76 919.98C340.547 919.167 341.143 918.523 341.55 918.05C341.957 917.577 342.237 917.18 342.39 916.86C342.543 916.54 342.62 916.227 342.62 915.92C342.62 915.373 342.443 914.943 342.09 914.63C341.737 914.317 341.293 914.16 340.76 914.16C340.213 914.16 339.727 914.317 339.3 914.63C338.873 914.943 338.56 915.42 338.36 916.06L335.66 915.18C335.82 914.407 336.153 913.733 336.66 913.16C337.167 912.587 337.78 912.143 338.5 911.83C339.22 911.517 339.973 911.36 340.76 911.36C341.747 911.36 342.613 911.533 343.36 911.88C344.107 912.227 344.687 912.713 345.1 913.34C345.513 913.967 345.72 914.7 345.72 915.54C345.72 916.073 345.627 916.597 345.44 917.11C345.253 917.623 344.97 918.143 344.59 918.67C344.21 919.197 343.72 919.767 343.12 920.38L339.7 923.9H345.86V926.5H335.76ZM353.84 926.74C352.651 926.74 351.607 926.42 350.708 925.78C349.809 925.14 349.107 924.24 348.6 923.081C348.093 921.922 347.84 920.572 347.84 919.031C347.84 917.49 348.091 916.145 348.593 914.996C349.094 913.847 349.793 912.954 350.688 912.316C351.583 911.679 352.627 911.36 353.82 911.36C355.033 911.36 356.089 911.68 356.986 912.32C357.883 912.96 358.583 913.857 359.086 915.01C359.589 916.163 359.84 917.507 359.84 919.04C359.84 920.573 359.59 921.917 359.09 923.07C358.59 924.223 357.89 925.123 356.99 925.77C356.09 926.417 355.04 926.74 353.84 926.74ZM353.85 923.94C354.47 923.94 354.993 923.747 355.42 923.36C355.847 922.973 356.173 922.413 356.4 921.68C356.627 920.947 356.74 920.067 356.74 919.04C356.74 918.013 356.627 917.137 356.4 916.41C356.173 915.683 355.843 915.127 355.41 914.74C354.977 914.353 354.448 914.16 353.823 914.16C353.208 914.16 352.687 914.353 352.26 914.74C351.833 915.127 351.507 915.683 351.28 916.41C351.053 917.137 350.94 918.013 350.94 919.038C350.94 920.053 351.053 920.927 351.28 921.66C351.507 922.393 351.837 922.957 352.27 923.35C352.703 923.743 353.23 923.94 353.85 923.94ZM367.84 926.74C366.651 926.74 365.607 926.42 364.708 925.78C363.809 925.14 363.107 924.24 362.6 923.081C362.093 921.922 361.84 920.572 361.84 919.031C361.84 917.49 362.091 916.145 362.593 914.996C363.094 913.847 363.793 912.954 364.688 912.316C365.583 911.679 366.627 911.36 367.82 911.36C369.033 911.36 370.089 911.68 370.986 912.32C371.883 912.96 372.583 913.857 373.086 915.01C373.589 916.163 373.84 917.507 373.84 919.04C373.84 920.573 373.59 921.917 373.09 923.07C372.59 924.223 371.89 925.123 370.99 925.77C370.09 926.417 369.04 926.74 367.84 926.74ZM367.85 923.94C368.47 923.94 368.993 923.747 369.42 923.36C369.847 922.973 370.173 922.413 370.4 921.68C370.627 920.947 370.74 920.067 370.74 919.04C370.74 918.013 370.627 917.137 370.4 916.41C370.173 915.683 369.843 915.127 369.41 914.74C368.977 914.353 368.448 914.16 367.823 914.16C367.208 914.16 366.687 914.353 366.26 914.74C365.833 915.127 365.507 915.683 365.28 916.41C365.053 917.137 364.94 918.013 364.94 919.038C364.94 920.053 365.053 920.927 365.28 921.66C365.507 922.393 365.837 922.957 366.27 923.35C366.703 923.743 367.23 923.94 367.85 923.94Z" fill="#1C1B1B"/>
<path d="M382.688 927.168C382.098 927.168 381.575 927.071 381.119 926.877C380.663 926.684 380.276 926.415 379.96 926.071C379.644 925.727 379.403 925.332 379.237 924.886C379.072 924.44 378.989 923.962 378.989 923.451C378.989 923.309 378.995 923.17 379.008 923.036C379.021 922.902 379.044 922.781 379.076 922.674H384.956V924.074H380.119L380.991 923.423C380.902 923.845 380.921 924.226 381.047 924.566C381.173 924.905 381.381 925.173 381.672 925.369C381.962 925.565 382.301 925.663 382.688 925.663C383.078 925.663 383.421 925.566 383.716 925.372C384.011 925.179 384.237 924.898 384.395 924.529C384.552 924.16 384.611 923.717 384.571 923.199C384.611 922.725 384.549 922.311 384.384 921.957C384.22 921.602 383.977 921.326 383.656 921.129C383.335 920.932 382.961 920.833 382.534 920.833C382.119 920.833 381.765 920.922 381.472 921.099C381.179 921.276 380.947 921.512 380.774 921.806L379.29 921.088C379.449 920.722 379.685 920.399 379.999 920.119C380.313 919.839 380.688 919.62 381.124 919.461C381.56 919.302 382.037 919.223 382.555 919.223C383.339 919.223 384.025 919.4 384.613 919.755C385.201 920.11 385.659 920.589 385.987 921.192C386.315 921.795 386.479 922.469 386.479 923.213C386.479 923.967 386.313 924.643 385.982 925.241C385.651 925.84 385.199 926.31 384.626 926.654C384.053 926.997 383.407 927.168 382.688 927.168ZM389.184 927L386.388 916.57H388.435L390.626 925.456H390.094L392.387 916.57H394.364L396.653 925.456H396.118L398.312 916.57H400.36L397.563 927H395.376L393.069 918.355H393.678L391.372 927H389.184ZM404.528 927.168C403.744 927.168 403.058 926.991 402.469 926.636C401.88 926.281 401.422 925.802 401.095 925.198C400.768 924.593 400.605 923.92 400.605 923.178C400.605 922.415 400.772 921.737 401.107 921.143C401.442 920.549 401.895 920.081 402.465 919.737C403.036 919.395 403.679 919.223 404.395 919.223C404.986 919.223 405.509 919.32 405.965 919.514C406.421 919.707 406.808 919.976 407.124 920.32C407.44 920.664 407.681 921.059 407.846 921.505C408.012 921.951 408.095 922.429 408.095 922.94C408.095 923.075 408.089 923.212 408.076 923.35C408.063 923.487 408.04 923.61 408.007 923.717H402.127V922.317H406.964L406.093 922.968C406.184 922.539 406.166 922.156 406.039 921.82C405.912 921.484 405.705 921.218 405.419 921.022C405.133 920.826 404.792 920.728 404.395 920.728C404.006 920.728 403.663 920.825 403.368 921.019C403.073 921.212 402.848 921.493 402.694 921.86C402.54 922.228 402.48 922.672 402.512 923.192C402.473 923.663 402.535 924.077 402.7 924.433C402.864 924.789 403.107 925.065 403.428 925.262C403.749 925.459 404.122 925.558 404.549 925.558C404.967 925.558 405.322 925.469 405.615 925.292C405.908 925.115 406.14 924.879 406.31 924.585L407.794 925.302C407.645 925.666 407.411 925.989 407.092 926.27C406.774 926.551 406.397 926.771 405.962 926.93C405.527 927.089 405.049 927.168 404.528 927.168ZM413.096 927.168C412.312 927.168 411.626 926.991 411.037 926.636C410.448 926.281 409.99 925.802 409.663 925.198C409.336 924.593 409.173 923.92 409.173 923.178C409.173 922.415 409.34 921.737 409.675 921.143C410.01 920.549 410.463 920.081 411.033 919.737C411.604 919.395 412.247 919.223 412.963 919.223C413.554 919.223 414.077 919.32 414.533 919.514C414.989 919.707 415.376 919.976 415.692 920.32C416.008 920.664 416.249 921.059 416.414 921.505C416.58 921.951 416.663 922.429 416.663 922.94C416.663 923.075 416.657 923.212 416.644 923.35C416.631 923.487 416.608 923.61 416.575 923.717H410.695V922.317H415.532L414.661 922.968C414.752 922.539 414.734 922.156 414.607 921.82C414.48 921.484 414.273 921.218 413.987 921.022C413.701 920.826 413.36 920.728 412.963 920.728C412.574 920.728 412.231 920.825 411.936 921.019C411.641 921.212 411.416 921.493 411.262 921.86C411.108 922.228 411.048 922.672 411.08 923.192C411.041 923.663 411.103 924.077 411.268 924.433C411.432 924.789 411.675 925.065 411.996 925.262C412.317 925.459 412.69 925.558 413.117 925.558C413.535 925.558 413.89 925.469 414.183 925.292C414.476 925.115 414.708 924.879 414.878 924.585L416.362 925.302C416.213 925.666 415.979 925.989 415.66 926.27C415.342 926.551 414.965 926.771 414.53 926.93C414.095 927.089 413.617 927.168 413.096 927.168ZM418.049 927V916.402H419.886V923.35L419.186 923.143L422.77 919.391H425.052L422.238 922.453L425.108 927H423.008L420.523 923.052L421.605 922.835L419.316 925.299L419.886 924.168V927H418.049ZM426.127 927V916.402H427.964V927H426.127ZM430.586 930.08C430.381 930.08 430.18 930.063 429.984 930.029C429.788 929.995 429.612 929.94 429.455 929.863V928.327C429.577 928.357 429.722 928.385 429.891 928.412C430.06 928.439 430.22 928.452 430.369 928.452C430.791 928.452 431.099 928.357 431.293 928.166C431.487 927.974 431.655 927.72 431.797 927.403L432.304 926.23L432.276 927.774L428.962 919.391H430.936L433.256 925.579H432.553L434.87 919.391H436.851L433.536 927.774C433.345 928.257 433.109 928.672 432.828 929.02C432.547 929.367 432.221 929.631 431.851 929.81C431.481 929.99 431.06 930.08 430.586 930.08Z" fill="#3C4A46" fill-opacity="0.6"/>
<rect x="971.41" y="885" width="65.59" height="23" rx="11.5" fill="#00C2A8" fill-opacity="0.1"/>
<path d="M983.61 900L985.81 892.8H987.84L990.04 900H988.64L986.68 893.65H986.94L985.01 900H983.61ZM984.93 898.5V897.23H988.73V898.5H984.93ZM994.83 900.15C994.11 900.15 993.489 899.993 992.968 899.68C992.446 899.367 992.044 898.928 991.763 898.365C991.481 897.802 991.34 897.147 991.34 896.4C991.34 895.653 991.481 894.998 991.763 894.435C992.044 893.872 992.446 893.433 992.968 893.12C993.489 892.807 994.11 892.65 994.83 892.65C995.657 892.65 996.351 892.855 996.913 893.265C997.474 893.675 997.87 894.23 998.1 894.93L996.73 895.31C996.597 894.873 996.372 894.534 996.055 894.293C995.738 894.051 995.33 893.93 994.83 893.93C994.373 893.93 993.993 894.032 993.688 894.235C993.383 894.438 993.153 894.725 993 895.095C992.847 895.465 992.77 895.9 992.77 896.4C992.77 896.9 992.847 897.335 993 897.705C993.153 898.075 993.383 898.362 993.688 898.565C993.993 898.768 994.373 898.87 994.83 898.87C995.33 898.87 995.738 898.748 996.055 898.505C996.372 898.262 996.597 897.923 996.73 897.49L998.1 897.87C997.87 898.57 997.474 899.125 996.913 899.535C996.351 899.945 995.657 900.15 994.83 900.15ZM1001.87 900V894.07H999.6V892.8H1005.5V894.07H1003.23V900H1001.87ZM1007.4 900V892.8H1008.76V900H1007.4ZM1012.81 900L1010.61 892.8H1012.01L1013.81 898.72L1015.64 892.8H1017.04L1014.84 900H1012.81ZM1018.79 900V892.8H1023.49V894.07H1020.15V895.61H1022.89V896.88H1020.15V898.73H1023.49V900H1018.79Z" fill="#006B5C"/>
<mask id="path-69-inside-8_3768_757" fill="white">
<path d="M242 949H1037V1005H242V949Z"/>
</mask>
<path d="M242 949V950H1037V949V948H242V949Z" fill="#BBCAC4" fill-opacity="0.1" mask="url(#path-69-inside-8_3768_757)"/>
<path d="M242.7 977V969.8H243.92L247.26 974.875V969.8H248.48V977H247.26L243.92 971.925V977H242.7ZM250.378 977V969.8H255.028V970.93H251.583V972.705H254.428V973.835H251.583V975.87H255.028V977H250.378ZM256.127 977L258.567 973.36L256.197 969.8H257.672L259.312 972.335L260.937 969.8H262.422L260.052 973.36L262.482 977H261.007L259.312 974.385L257.612 977H256.127ZM265.91 977V970.93H263.58V969.8H269.445V970.93H267.115V977H265.91ZM272.944 977V969.8H275.919C275.989 969.8 276.079 969.803 276.189 969.81C276.299 969.813 276.401 969.823 276.494 969.84C276.911 969.903 277.254 970.042 277.524 970.255C277.797 970.468 277.999 970.738 278.129 971.065C278.262 971.388 278.329 971.748 278.329 972.145C278.329 972.538 278.262 972.898 278.129 973.225C277.996 973.548 277.792 973.817 277.519 974.03C277.249 974.243 276.907 974.382 276.494 974.445C276.401 974.458 276.297 974.468 276.184 974.475C276.074 974.482 275.986 974.485 275.919 974.485H274.149V977H272.944ZM274.149 973.36H275.869C275.936 973.36 276.011 973.357 276.094 973.35C276.177 973.343 276.254 973.33 276.324 973.31C276.524 973.26 276.681 973.172 276.794 973.045C276.911 972.918 276.992 972.775 277.039 972.615C277.089 972.455 277.114 972.298 277.114 972.145C277.114 971.992 277.089 971.835 277.039 971.675C276.992 971.512 276.911 971.367 276.794 971.24C276.681 971.113 276.524 971.025 276.324 970.975C276.254 970.955 276.177 970.943 276.094 970.94C276.011 970.933 275.936 970.93 275.869 970.93H274.149V973.36ZM278.833 977L281.103 969.8H282.868L285.138 977H283.898L281.838 970.54H282.108L280.073 977H278.833ZM280.098 975.44V974.315H283.878V975.44H280.098ZM287.696 977V974.05L285.246 969.8H286.651L288.306 972.67L289.956 969.8H291.361L288.916 974.05V977H287.696ZM292.559 977V969.8H293.644L296.134 974.9L298.624 969.8H299.709V977H298.584V972.385L296.374 977H295.894L293.689 972.385V977H292.559ZM301.614 977V969.8H306.264V970.93H302.819V972.705H305.664V973.835H302.819V975.87H306.264V977H301.614ZM307.964 977V969.8H309.184L312.524 974.875V969.8H313.744V977H312.524L309.184 971.925V977H307.964ZM317.371 977V970.93H315.041V969.8H320.906V970.93H318.576V977H317.371Z" fill="#A1A1AA"/>
<path d="M242.98 1000V989.92H244.303L247.957 997.501L251.59 989.92H252.927V999.993H251.541V993.098L248.286 1000H247.621L244.359 993.098V1000H242.98ZM257.023 1000.21C256.463 1000.21 255.994 1000.11 255.616 999.902C255.238 999.692 254.951 999.417 254.755 999.076C254.564 998.731 254.468 998.353 254.468 997.942C254.468 997.559 254.536 997.223 254.671 996.934C254.807 996.645 255.007 996.4 255.273 996.199C255.539 995.994 255.866 995.828 256.253 995.702C256.589 995.604 256.97 995.518 257.394 995.443C257.819 995.368 258.265 995.298 258.731 995.233C259.203 995.168 259.669 995.102 260.131 995.037L259.599 995.331C259.609 994.738 259.483 994.3 259.221 994.015C258.965 993.726 258.521 993.581 257.891 993.581C257.495 993.581 257.131 993.674 256.799 993.861C256.468 994.043 256.237 994.346 256.106 994.771L254.741 994.351C254.928 993.702 255.283 993.187 255.805 992.804C256.333 992.421 257.033 992.23 257.905 992.23C258.582 992.23 259.17 992.347 259.669 992.58C260.173 992.809 260.542 993.173 260.775 993.672C260.897 993.919 260.971 994.181 260.999 994.456C261.027 994.731 261.041 995.028 261.041 995.345V1000H259.746V998.271L259.998 998.495C259.686 999.074 259.287 999.505 258.801 999.79C258.321 1000.07 257.728 1000.21 257.023 1000.21ZM257.282 999.013C257.698 999.013 258.055 998.941 258.353 998.796C258.652 998.647 258.892 998.458 259.074 998.229C259.256 998 259.375 997.762 259.431 997.515C259.511 997.291 259.555 997.039 259.564 996.759C259.578 996.479 259.585 996.255 259.585 996.087L260.061 996.262C259.599 996.332 259.179 996.395 258.801 996.451C258.423 996.507 258.08 996.563 257.772 996.619C257.469 996.67 257.198 996.733 256.96 996.808C256.76 996.878 256.58 996.962 256.421 997.06C256.267 997.158 256.144 997.277 256.05 997.417C255.962 997.557 255.917 997.727 255.917 997.928C255.917 998.124 255.966 998.306 256.064 998.474C256.162 998.637 256.312 998.768 256.512 998.866C256.713 998.964 256.97 999.013 257.282 999.013ZM262.859 1000V992.44H264.161V994.274L263.979 994.036C264.072 993.793 264.194 993.572 264.343 993.371C264.492 993.166 264.665 992.998 264.861 992.867C265.052 992.727 265.265 992.62 265.498 992.545C265.736 992.466 265.979 992.419 266.226 992.405C266.473 992.386 266.711 992.398 266.94 992.44V993.812C266.693 993.747 266.417 993.728 266.114 993.756C265.815 993.784 265.54 993.88 265.288 994.043C265.05 994.197 264.861 994.384 264.721 994.603C264.586 994.822 264.488 995.067 264.427 995.338C264.366 995.604 264.336 995.886 264.336 996.185V1000H262.859ZM271.37 1000.21C270.596 1000.21 269.938 1000.04 269.396 999.692C268.855 999.347 268.44 998.873 268.15 998.271C267.866 997.669 267.721 996.985 267.716 996.22C267.721 995.441 267.87 994.752 268.164 994.155C268.458 993.553 268.878 993.082 269.424 992.741C269.97 992.4 270.626 992.23 271.391 992.23C272.217 992.23 272.922 992.435 273.505 992.846C274.093 993.257 274.481 993.819 274.667 994.533L273.211 994.953C273.067 994.528 272.829 994.199 272.497 993.966C272.171 993.728 271.795 993.609 271.37 993.609C270.89 993.609 270.495 993.723 270.187 993.952C269.879 994.176 269.651 994.484 269.501 994.876C269.352 995.268 269.275 995.716 269.27 996.22C269.275 996.999 269.452 997.629 269.802 998.11C270.157 998.591 270.68 998.831 271.37 998.831C271.842 998.831 272.222 998.724 272.511 998.509C272.805 998.29 273.029 997.977 273.183 997.571L274.667 997.921C274.42 998.658 274.012 999.225 273.442 999.622C272.873 1000.01 272.182 1000.21 271.37 1000.21ZM281.399 1000V996.283C281.399 995.989 281.374 995.688 281.322 995.38C281.276 995.067 281.182 994.778 281.042 994.512C280.907 994.246 280.713 994.031 280.461 993.868C280.214 993.705 279.89 993.623 279.488 993.623C279.227 993.623 278.98 993.667 278.746 993.756C278.513 993.84 278.308 993.978 278.13 994.169C277.958 994.36 277.82 994.612 277.717 994.925C277.619 995.238 277.57 995.618 277.57 996.066L276.66 995.723C276.66 995.037 276.789 994.433 277.045 993.91C277.302 993.383 277.671 992.972 278.151 992.678C278.632 992.384 279.213 992.237 279.894 992.237C280.417 992.237 280.856 992.321 281.21 992.489C281.565 992.657 281.852 992.879 282.071 993.154C282.295 993.425 282.466 993.721 282.582 994.043C282.699 994.365 282.778 994.68 282.82 994.988C282.862 995.296 282.883 995.567 282.883 995.8V1000H281.399ZM276.086 1000V989.92H277.395V995.359H277.57V1000H276.086ZM287.229 999.993L287.236 998.691L291.625 994.757C291.98 994.444 292.22 994.146 292.346 993.861C292.477 993.576 292.542 993.292 292.542 993.007C292.542 992.648 292.463 992.326 292.304 992.041C292.146 991.752 291.926 991.523 291.646 991.355C291.366 991.187 291.044 991.103 290.68 991.103C290.307 991.103 289.973 991.192 289.679 991.369C289.39 991.542 289.164 991.773 289 992.062C288.837 992.351 288.758 992.664 288.762 993H287.264C287.264 992.347 287.411 991.775 287.705 991.285C288.004 990.79 288.412 990.405 288.93 990.13C289.448 989.85 290.041 989.71 290.708 989.71C291.343 989.71 291.912 989.855 292.416 990.144C292.92 990.429 293.317 990.821 293.606 991.32C293.9 991.819 294.047 992.389 294.047 993.028C294.047 993.49 293.987 993.882 293.865 994.204C293.744 994.526 293.562 994.825 293.319 995.1C293.077 995.375 292.773 995.674 292.409 995.996L289.021 999.02L288.86 998.6H294.047V999.993H287.229ZM298.953 1000.21C298.295 1000.21 297.712 1000.08 297.203 999.818C296.699 999.552 296.302 999.183 296.013 998.712C295.728 998.241 295.586 997.695 295.586 997.074C295.586 996.495 295.721 995.966 295.992 995.485C296.263 995.004 296.666 994.626 297.203 994.351L297.175 994.855C296.746 994.589 296.414 994.258 296.181 993.861C295.952 993.46 295.838 993.012 295.838 992.517C295.838 991.943 295.971 991.446 296.237 991.026C296.503 990.606 296.869 990.282 297.336 990.053C297.807 989.824 298.346 989.71 298.953 989.71C299.56 989.71 300.096 989.824 300.563 990.053C301.03 990.282 301.396 990.606 301.662 991.026C301.928 991.446 302.061 991.943 302.061 992.517C302.061 993.012 301.951 993.457 301.732 993.854C301.513 994.251 301.177 994.584 300.724 994.855L300.703 994.365C301.235 994.626 301.639 995 301.914 995.485C302.189 995.966 302.327 996.495 302.327 997.074C302.327 997.695 302.182 998.241 301.893 998.712C301.604 999.183 301.205 999.552 300.696 999.818C300.187 1000.08 299.606 1000.21 298.953 1000.21ZM298.953 998.817C299.494 998.817 299.933 998.67 300.269 998.376C300.605 998.077 300.773 997.643 300.773 997.074C300.773 996.505 300.605 996.071 300.269 995.772C299.938 995.469 299.499 995.317 298.953 995.317C298.407 995.317 297.966 995.469 297.63 995.772C297.299 996.071 297.133 996.505 297.133 997.074C297.133 997.643 297.301 998.077 297.637 998.376C297.973 998.67 298.412 998.817 298.953 998.817ZM298.953 993.917C299.415 993.917 299.788 993.803 300.073 993.574C300.362 993.341 300.507 992.988 300.507 992.517C300.507 992.046 300.362 991.693 300.073 991.46C299.788 991.222 299.415 991.103 298.953 991.103C298.491 991.103 298.115 991.222 297.826 991.46C297.537 991.693 297.392 992.046 297.392 992.517C297.392 992.988 297.537 993.341 297.826 993.574C298.115 993.803 298.491 993.917 298.953 993.917ZM304.008 1001.67L304.099 1001.02C304.3 1001.04 304.456 1001 304.568 1000.91C304.68 1000.82 304.755 1000.7 304.792 1000.54C304.829 1000.38 304.836 1000.2 304.813 1000H304.008V998.313H305.555V1000.14C305.555 1000.69 305.422 1001.11 305.156 1001.39C304.895 1001.67 304.512 1001.76 304.008 1001.67ZM310.731 999.993L310.738 998.691L315.127 994.757C315.482 994.444 315.722 994.146 315.848 993.861C315.979 993.576 316.044 993.292 316.044 993.007C316.044 992.648 315.965 992.326 315.806 992.041C315.648 991.752 315.428 991.523 315.148 991.355C314.868 991.187 314.546 991.103 314.182 991.103C313.809 991.103 313.475 991.192 313.181 991.369C312.892 991.542 312.666 991.773 312.502 992.062C312.339 992.351 312.26 992.664 312.264 993H310.766C310.766 992.347 310.913 991.775 311.207 991.285C311.506 990.79 311.914 990.405 312.432 990.13C312.95 989.85 313.543 989.71 314.21 989.71C314.845 989.71 315.414 989.855 315.918 990.144C316.422 990.429 316.819 990.821 317.108 991.32C317.402 991.819 317.549 992.389 317.549 993.028C317.549 993.49 317.489 993.882 317.367 994.204C317.246 994.526 317.064 994.825 316.821 995.1C316.579 995.375 316.275 995.674 315.911 995.996L312.523 999.02L312.362 998.6H317.549V999.993H310.731ZM322.742 1000.21C322.056 1000.21 321.449 1000.06 320.922 999.762C320.395 999.459 319.979 999.043 319.676 998.516C319.377 997.989 319.228 997.382 319.228 996.696V993.224C319.228 992.538 319.377 991.931 319.676 991.404C319.979 990.877 320.395 990.464 320.922 990.165C321.449 989.862 322.056 989.71 322.742 989.71C323.428 989.71 324.035 989.862 324.562 990.165C325.089 990.464 325.502 990.877 325.801 991.404C326.104 991.931 326.256 992.538 326.256 993.224V996.696C326.256 997.382 326.104 997.989 325.801 998.516C325.502 999.043 325.089 999.459 324.562 999.762C324.035 1000.06 323.428 1000.21 322.742 1000.21ZM322.742 998.81C323.115 998.81 323.454 998.721 323.757 998.544C324.065 998.362 324.31 998.119 324.492 997.816C324.674 997.508 324.765 997.165 324.765 996.787V993.119C324.765 992.746 324.674 992.407 324.492 992.104C324.31 991.796 324.065 991.553 323.757 991.376C323.454 991.194 323.115 991.103 322.742 991.103C322.369 991.103 322.028 991.194 321.72 991.376C321.417 991.553 321.174 991.796 320.992 992.104C320.81 992.407 320.719 992.746 320.719 993.119V996.787C320.719 997.165 320.81 997.508 320.992 997.816C321.174 998.119 321.417 998.362 321.72 998.544C322.028 998.721 322.369 998.81 322.742 998.81ZM327.93 999.993L327.937 998.691L332.326 994.757C332.681 994.444 332.921 994.146 333.047 993.861C333.178 993.576 333.243 993.292 333.243 993.007C333.243 992.648 333.164 992.326 333.005 992.041C332.847 991.752 332.627 991.523 332.347 991.355C332.067 991.187 331.745 991.103 331.381 991.103C331.008 991.103 330.674 991.192 330.38 991.369C330.091 991.542 329.865 991.773 329.701 992.062C329.538 992.351 329.459 992.664 329.463 993H327.965C327.965 992.347 328.112 991.775 328.406 991.285C328.705 990.79 329.113 990.405 329.631 990.13C330.149 989.85 330.742 989.71 331.409 989.71C332.044 989.71 332.613 989.855 333.117 990.144C333.621 990.429 334.018 990.821 334.307 991.32C334.601 991.819 334.748 992.389 334.748 993.028C334.748 993.49 334.688 993.882 334.566 994.204C334.445 994.526 334.263 994.825 334.02 995.1C333.778 995.375 333.474 995.674 333.11 995.996L329.722 999.02L329.561 998.6H334.748V999.993H327.93ZM339.892 1000.21C339.239 1000.21 338.651 1000.06 338.128 999.748C337.606 999.435 337.19 999.008 336.882 998.467C336.579 997.926 336.427 997.31 336.427 996.619V993.406C336.427 992.673 336.579 992.029 336.882 991.474C337.19 990.919 337.615 990.487 338.156 990.179C338.702 989.871 339.33 989.717 340.039 989.717C340.571 989.717 341.071 989.817 341.537 990.018C342.004 990.219 342.408 990.517 342.748 990.914L341.677 991.915C341.486 991.668 341.246 991.472 340.956 991.327C340.672 991.178 340.366 991.103 340.039 991.103C339.619 991.103 339.251 991.203 338.933 991.404C338.616 991.6 338.366 991.859 338.184 992.181C338.007 992.503 337.918 992.848 337.918 993.217V995.065L337.631 994.743C337.921 994.365 338.28 994.066 338.709 993.847C339.139 993.628 339.598 993.518 340.088 993.518C340.714 993.518 341.271 993.665 341.761 993.959C342.256 994.248 342.643 994.643 342.923 995.142C343.208 995.641 343.35 996.204 343.35 996.829C343.35 997.459 343.192 998.031 342.874 998.544C342.562 999.053 342.142 999.459 341.614 999.762C341.092 1000.06 340.518 1000.21 339.892 1000.21ZM339.892 998.803C340.256 998.803 340.588 998.714 340.886 998.537C341.185 998.36 341.423 998.122 341.6 997.823C341.778 997.524 341.866 997.193 341.866 996.829C341.866 996.465 341.778 996.134 341.6 995.835C341.428 995.536 341.192 995.298 340.893 995.121C340.595 994.944 340.263 994.855 339.899 994.855C339.535 994.855 339.202 994.944 338.898 995.121C338.6 995.298 338.362 995.536 338.184 995.835C338.007 996.134 337.918 996.465 337.918 996.829C337.918 997.188 338.007 997.517 338.184 997.816C338.362 998.115 338.6 998.355 338.898 998.537C339.197 998.714 339.528 998.803 339.892 998.803Z" fill="#1C1B1B"/>
<path d="M851.43 977V970.93H849.1V969.8H854.965V970.93H852.635V977H851.43ZM859.309 977.15C858.589 977.15 857.973 976.993 857.459 976.68C856.946 976.363 856.551 975.923 856.274 975.36C856.001 974.797 855.864 974.143 855.864 973.4C855.864 972.657 856.001 972.003 856.274 971.44C856.551 970.877 856.946 970.438 857.459 970.125C857.973 969.808 858.589 969.65 859.309 969.65C860.029 969.65 860.646 969.808 861.159 970.125C861.676 970.438 862.071 970.877 862.344 971.44C862.621 972.003 862.759 972.657 862.759 973.4C862.759 974.143 862.621 974.797 862.344 975.36C862.071 975.923 861.676 976.363 861.159 976.68C860.646 976.993 860.029 977.15 859.309 977.15ZM859.309 976.015C859.793 976.018 860.194 975.912 860.514 975.695C860.838 975.478 861.079 975.173 861.239 974.78C861.403 974.387 861.484 973.927 861.484 973.4C861.484 972.873 861.403 972.417 861.239 972.03C861.079 971.64 860.838 971.337 860.514 971.12C860.194 970.903 859.793 970.792 859.309 970.785C858.826 970.782 858.424 970.888 858.104 971.105C857.784 971.322 857.543 971.627 857.379 972.02C857.219 972.413 857.139 972.873 857.139 973.4C857.139 973.927 857.219 974.385 857.379 974.775C857.539 975.162 857.779 975.463 858.099 975.68C858.423 975.897 858.826 976.008 859.309 976.015ZM865.789 977V970.93H863.459V969.8H869.324V970.93H866.994V977H865.789ZM869.929 977L872.199 969.8H873.964L876.234 977H874.994L872.934 970.54H873.204L871.169 977H869.929ZM871.194 975.44V974.315H874.974V975.44H871.194ZM877.738 977V969.8H878.943V975.87H882.123V977H877.738ZM885.473 977V969.8H888.448C888.518 969.8 888.608 969.803 888.718 969.81C888.828 969.813 888.93 969.823 889.023 969.84C889.44 969.903 889.783 970.042 890.053 970.255C890.327 970.468 890.528 970.738 890.658 971.065C890.792 971.388 890.858 971.748 890.858 972.145C890.858 972.732 890.71 973.237 890.413 973.66C890.117 974.08 889.662 974.34 889.048 974.44L888.533 974.485H886.678V977H885.473ZM889.608 977L888.188 974.07L889.413 973.8L890.973 977H889.608ZM886.678 973.36H888.398C888.465 973.36 888.54 973.357 888.623 973.35C888.707 973.343 888.783 973.33 888.853 973.31C889.053 973.26 889.21 973.172 889.323 973.045C889.44 972.918 889.522 972.775 889.568 972.615C889.618 972.455 889.643 972.298 889.643 972.145C889.643 971.992 889.618 971.835 889.568 971.675C889.522 971.512 889.44 971.367 889.323 971.24C889.21 971.113 889.053 971.025 888.853 970.975C888.783 970.955 888.707 970.943 888.623 970.94C888.54 970.933 888.465 970.93 888.398 970.93H886.678V973.36ZM892.575 977V969.8H897.225V970.93H893.78V972.705H896.625V973.835H893.78V975.87H897.225V977H892.575ZM901.716 977.15C900.996 977.15 900.379 976.993 899.866 976.68C899.352 976.363 898.957 975.923 898.681 975.36C898.407 974.797 898.271 974.143 898.271 973.4C898.271 972.657 898.407 972.003 898.681 971.44C898.957 970.877 899.352 970.438 899.866 970.125C900.379 969.808 900.996 969.65 901.716 969.65C902.546 969.65 903.237 969.858 903.791 970.275C904.344 970.688 904.732 971.247 904.956 971.95L903.741 972.285C903.601 971.815 903.362 971.448 903.026 971.185C902.689 970.918 902.252 970.785 901.716 970.785C901.232 970.785 900.829 970.893 900.506 971.11C900.186 971.327 899.944 971.632 899.781 972.025C899.621 972.415 899.539 972.873 899.536 973.4C899.536 973.927 899.616 974.387 899.776 974.78C899.939 975.17 900.182 975.473 900.506 975.69C900.829 975.907 901.232 976.015 901.716 976.015C902.252 976.015 902.689 975.882 903.026 975.615C903.362 975.348 903.601 974.982 903.741 974.515L904.956 974.85C904.732 975.553 904.344 976.113 903.791 976.53C903.237 976.943 902.546 977.15 901.716 977.15ZM906.554 977V969.8H911.204V970.93H907.759V972.705H910.604V973.835H907.759V975.87H911.204V977H906.554ZM913.003 977V969.8H914.208V977H913.003ZM917.826 977L915.556 969.8H916.796L918.696 975.83L920.621 969.8H921.861L919.591 977H917.826ZM923.112 977V969.8H927.762V970.93H924.317V972.705H927.162V973.835H924.317V975.87H927.762V977H923.112ZM929.462 977V969.8H931.757C931.817 969.8 931.935 969.802 932.112 969.805C932.292 969.808 932.465 969.82 932.632 969.84C933.202 969.913 933.683 970.117 934.077 970.45C934.473 970.78 934.773 971.202 934.977 971.715C935.18 972.228 935.282 972.79 935.282 973.4C935.282 974.01 935.18 974.572 934.977 975.085C934.773 975.598 934.473 976.022 934.077 976.355C933.683 976.685 933.202 976.887 932.632 976.96C932.468 976.98 932.297 976.992 932.117 976.995C931.937 976.998 931.817 977 931.757 977H929.462ZM930.687 975.865H931.757C931.857 975.865 931.983 975.862 932.137 975.855C932.293 975.848 932.432 975.833 932.552 975.81C932.892 975.747 933.168 975.595 933.382 975.355C933.595 975.115 933.752 974.823 933.852 974.48C933.955 974.137 934.007 973.777 934.007 973.4C934.007 973.01 933.955 972.643 933.852 972.3C933.748 971.957 933.588 971.668 933.372 971.435C933.158 971.202 932.885 971.053 932.552 970.99C932.432 970.963 932.293 970.948 932.137 970.945C931.983 970.938 931.857 970.935 931.757 970.935H930.687V975.865Z" fill="#A1A1AA"/>
<path d="M852.626 1001.39V999.755H854.089V1001.39H852.626ZM852.626 990.172V988.527H854.089V990.172H852.626ZM853.431 1000.21C852.731 1000.21 852.106 1000.08 851.555 999.832C851.004 999.58 850.552 999.223 850.197 998.761C849.847 998.294 849.618 997.744 849.511 997.109L850.96 996.878C851.1 997.475 851.399 997.951 851.856 998.306C852.313 998.656 852.862 998.831 853.501 998.831C854.136 998.831 854.651 998.679 855.048 998.376C855.449 998.073 855.65 997.685 855.65 997.214C855.65 996.878 855.547 996.605 855.342 996.395C855.141 996.185 854.812 996.008 854.355 995.863L851.989 995.135C850.589 994.701 849.889 993.861 849.889 992.615C849.889 992.027 850.029 991.516 850.309 991.082C850.594 990.648 850.993 990.312 851.506 990.074C852.019 989.836 852.619 989.717 853.305 989.717C853.963 989.726 854.546 989.848 855.055 990.081C855.568 990.314 855.993 990.65 856.329 991.089C856.67 991.528 856.905 992.055 857.036 992.671L855.545 992.937C855.48 992.578 855.342 992.26 855.132 991.985C854.927 991.71 854.665 991.495 854.348 991.341C854.035 991.187 853.683 991.108 853.291 991.103C852.922 991.094 852.591 991.152 852.297 991.278C852.008 991.399 851.777 991.572 851.604 991.796C851.436 992.015 851.352 992.265 851.352 992.545C851.352 992.853 851.471 993.114 851.709 993.329C851.947 993.544 852.323 993.728 852.836 993.882L854.691 994.421C855.54 994.673 856.154 995.011 856.532 995.436C856.91 995.861 857.099 996.425 857.099 997.13C857.099 997.746 856.945 998.285 856.637 998.747C856.334 999.204 855.907 999.564 855.356 999.825C854.805 1000.08 854.164 1000.21 853.431 1000.21ZM862.863 1000V998.243H858.313V996.857L861.589 989.92H863.262L859.986 996.857H862.863V994.127H864.347V996.857H865.348V998.243H864.347V1000H862.863ZM866.615 1001.67L866.706 1001.02C866.907 1001.04 867.063 1001 867.175 1000.91C867.287 1000.82 867.362 1000.7 867.399 1000.54C867.437 1000.38 867.444 1000.2 867.42 1000H866.615V998.313H868.162V1000.14C868.162 1000.69 868.029 1001.11 867.763 1001.39C867.502 1001.67 867.119 1001.76 866.615 1001.67ZM874.043 1000.21C873.385 1000.21 872.802 1000.08 872.293 999.818C871.789 999.552 871.392 999.183 871.103 998.712C870.818 998.241 870.676 997.695 870.676 997.074C870.676 996.495 870.811 995.966 871.082 995.485C871.353 995.004 871.756 994.626 872.293 994.351L872.265 994.855C871.836 994.589 871.504 994.258 871.271 993.861C871.042 993.46 870.928 993.012 870.928 992.517C870.928 991.943 871.061 991.446 871.327 991.026C871.593 990.606 871.959 990.282 872.426 990.053C872.897 989.824 873.436 989.71 874.043 989.71C874.65 989.71 875.186 989.824 875.653 990.053C876.12 990.282 876.486 990.606 876.752 991.026C877.018 991.446 877.151 991.943 877.151 992.517C877.151 993.012 877.041 993.457 876.822 993.854C876.603 994.251 876.267 994.584 875.814 994.855L875.793 994.365C876.325 994.626 876.729 995 877.004 995.485C877.279 995.966 877.417 996.495 877.417 997.074C877.417 997.695 877.272 998.241 876.983 998.712C876.694 999.183 876.295 999.552 875.786 999.818C875.277 1000.08 874.696 1000.21 874.043 1000.21ZM874.043 998.817C874.584 998.817 875.023 998.67 875.359 998.376C875.695 998.077 875.863 997.643 875.863 997.074C875.863 996.505 875.695 996.071 875.359 995.772C875.028 995.469 874.589 995.317 874.043 995.317C873.497 995.317 873.056 995.469 872.72 995.772C872.389 996.071 872.223 996.505 872.223 997.074C872.223 997.643 872.391 998.077 872.727 998.376C873.063 998.67 873.502 998.817 874.043 998.817ZM874.043 993.917C874.505 993.917 874.878 993.803 875.163 993.574C875.452 993.341 875.597 992.988 875.597 992.517C875.597 992.046 875.452 991.693 875.163 991.46C874.878 991.222 874.505 991.103 874.043 991.103C873.581 991.103 873.205 991.222 872.916 991.46C872.627 991.693 872.482 992.046 872.482 992.517C872.482 992.988 872.627 993.341 872.916 993.574C873.205 993.803 873.581 993.917 874.043 993.917ZM882.752 1000.21C882.066 1000.21 881.459 1000.06 880.932 999.762C880.404 999.459 879.989 999.043 879.686 998.516C879.387 997.989 879.238 997.382 879.238 996.696V993.224C879.238 992.538 879.387 991.931 879.686 991.404C879.989 990.877 880.404 990.464 880.932 990.165C881.459 989.862 882.066 989.71 882.752 989.71C883.438 989.71 884.044 989.862 884.572 990.165C885.099 990.464 885.512 990.877 885.811 991.404C886.114 991.931 886.266 992.538 886.266 993.224V996.696C886.266 997.382 886.114 997.989 885.811 998.516C885.512 999.043 885.099 999.459 884.572 999.762C884.044 1000.06 883.438 1000.21 882.752 1000.21ZM882.752 998.81C883.125 998.81 883.463 998.721 883.767 998.544C884.075 998.362 884.32 998.119 884.502 997.816C884.684 997.508 884.775 997.165 884.775 996.787V993.119C884.775 992.746 884.684 992.407 884.502 992.104C884.32 991.796 884.075 991.553 883.767 991.376C883.463 991.194 883.125 991.103 882.752 991.103C882.378 991.103 882.038 991.194 881.73 991.376C881.426 991.553 881.184 991.796 881.002 992.104C880.82 992.407 880.729 992.746 880.729 993.119V996.787C880.729 997.165 880.82 997.508 881.002 997.816C881.184 998.119 881.426 998.362 881.73 998.544C882.038 998.721 882.378 998.81 882.752 998.81ZM891.734 1000.21C891.048 1000.21 890.442 1000.06 889.914 999.762C889.387 999.459 888.972 999.043 888.668 998.516C888.37 997.989 888.22 997.382 888.22 996.696V993.224C888.22 992.538 888.37 991.931 888.668 991.404C888.972 990.877 889.387 990.464 889.914 990.165C890.442 989.862 891.048 989.71 891.734 989.71C892.42 989.71 893.027 989.862 893.554 990.165C894.082 990.464 894.495 990.877 894.793 991.404C895.097 991.931 895.248 992.538 895.248 993.224V996.696C895.248 997.382 895.097 997.989 894.793 998.516C894.495 999.043 894.082 999.459 893.554 999.762C893.027 1000.06 892.42 1000.21 891.734 1000.21ZM891.734 998.81C892.108 998.81 892.446 998.721 892.749 998.544C893.057 998.362 893.302 998.119 893.484 997.816C893.666 997.508 893.757 997.165 893.757 996.787V993.119C893.757 992.746 893.666 992.407 893.484 992.104C893.302 991.796 893.057 991.553 892.749 991.376C892.446 991.194 892.108 991.103 891.734 991.103C891.361 991.103 891.02 991.194 890.712 991.376C890.409 991.553 890.166 991.796 889.984 992.104C889.802 992.407 889.711 992.746 889.711 993.119V996.787C889.711 997.165 889.802 997.508 889.984 997.816C890.166 998.119 890.409 998.362 890.712 998.544C891.02 998.721 891.361 998.81 891.734 998.81Z" fill="#1C1B1B"/>
<g clip-path="url(#clip0_3768_757)">
<rect x="218" y="1065" width="843" height="120" rx="32" fill="#006B5C"/>
<g opacity="0.3" filter="url(#filter1_f_3768_757)">
<rect x="933" y="1056.5" width="160" height="160" rx="80" fill="#00C2A8"/>
</g>
<g opacity="0.1" filter="url(#filter2_f_3768_757)">
<rect x="170" y="1065" width="128" height="128" rx="64" fill="white"/>
</g>
<path d="M251.4 1110V1095.6H260.2V1098.32H254.12V1101.44H259V1104.16H254.12V1110H251.4ZM262.205 1097.7V1095.3H264.925V1097.7H262.205ZM262.205 1110V1099.2H264.925V1110H262.205ZM275.283 1110V1104.9C275.283 1104.65 275.27 1104.34 275.243 1103.96C275.217 1103.57 275.133 1103.19 274.993 1102.8C274.853 1102.41 274.623 1102.09 274.303 1101.83C273.99 1101.57 273.543 1101.44 272.963 1101.44C272.73 1101.44 272.48 1101.48 272.213 1101.55C271.947 1101.62 271.697 1101.77 271.463 1101.98C271.23 1102.19 271.037 1102.49 270.883 1102.9C270.737 1103.31 270.663 1103.85 270.663 1104.52L269.103 1103.78C269.103 1102.93 269.277 1102.13 269.623 1101.38C269.97 1100.63 270.49 1100.03 271.183 1099.57C271.883 1099.11 272.763 1098.88 273.823 1098.88C274.67 1098.88 275.36 1099.02 275.893 1099.31C276.427 1099.6 276.84 1099.96 277.133 1100.4C277.433 1100.84 277.647 1101.3 277.773 1101.78C277.9 1102.25 277.977 1102.69 278.003 1103.08C278.03 1103.47 278.043 1103.76 278.043 1103.94V1110H275.283ZM267.903 1110V1099.2H270.323V1102.78H270.663V1110H267.903ZM283.638 1110.3C282.865 1110.3 282.208 1110.15 281.668 1109.86C281.135 1109.56 280.728 1109.16 280.448 1108.67C280.175 1108.17 280.038 1107.62 280.038 1107.02C280.038 1106.52 280.115 1106.06 280.268 1105.65C280.422 1105.24 280.668 1104.87 281.008 1104.56C281.355 1104.24 281.818 1103.97 282.398 1103.76C282.798 1103.61 283.275 1103.48 283.828 1103.37C284.382 1103.26 285.008 1103.15 285.708 1103.05C286.408 1102.94 287.178 1102.83 288.018 1102.7L287.038 1103.24C287.038 1102.6 286.885 1102.13 286.578 1101.83C286.272 1101.53 285.758 1101.38 285.038 1101.38C284.638 1101.38 284.222 1101.48 283.788 1101.67C283.355 1101.86 283.052 1102.21 282.878 1102.7L280.418 1101.92C280.692 1101.03 281.205 1100.3 281.958 1099.74C282.712 1099.18 283.738 1098.9 285.038 1098.9C285.992 1098.9 286.838 1099.05 287.578 1099.34C288.318 1099.63 288.878 1100.14 289.258 1100.86C289.472 1101.26 289.598 1101.66 289.638 1102.06C289.678 1102.46 289.698 1102.91 289.698 1103.4V1110H287.318V1107.78L287.658 1108.24C287.132 1108.97 286.562 1109.49 285.948 1109.82C285.342 1110.14 284.572 1110.3 283.638 1110.3ZM284.218 1108.16C284.718 1108.16 285.138 1108.07 285.478 1107.9C285.825 1107.72 286.098 1107.52 286.298 1107.29C286.505 1107.06 286.645 1106.87 286.718 1106.72C286.858 1106.43 286.938 1106.09 286.958 1105.7C286.985 1105.31 286.998 1104.98 286.998 1104.72L287.798 1104.92C286.992 1105.05 286.338 1105.17 285.838 1105.26C285.338 1105.35 284.935 1105.43 284.628 1105.5C284.322 1105.57 284.052 1105.65 283.818 1105.74C283.552 1105.85 283.335 1105.96 283.168 1106.09C283.008 1106.21 282.888 1106.34 282.808 1106.49C282.735 1106.64 282.698 1106.8 282.698 1106.98C282.698 1107.23 282.758 1107.44 282.878 1107.62C283.005 1107.79 283.182 1107.93 283.408 1108.02C283.635 1108.11 283.905 1108.16 284.218 1108.16ZM299.658 1110V1104.9C299.658 1104.65 299.645 1104.34 299.618 1103.96C299.592 1103.57 299.508 1103.19 299.368 1102.8C299.228 1102.41 298.998 1102.09 298.678 1101.83C298.365 1101.57 297.918 1101.44 297.338 1101.44C297.105 1101.44 296.855 1101.48 296.588 1101.55C296.322 1101.62 296.072 1101.77 295.838 1101.98C295.605 1102.19 295.412 1102.49 295.258 1102.9C295.112 1103.31 295.038 1103.85 295.038 1104.52L293.478 1103.78C293.478 1102.93 293.652 1102.13 293.998 1101.38C294.345 1100.63 294.865 1100.03 295.558 1099.57C296.258 1099.11 297.138 1098.88 298.198 1098.88C299.045 1098.88 299.735 1099.02 300.268 1099.31C300.802 1099.6 301.215 1099.96 301.508 1100.4C301.808 1100.84 302.022 1101.3 302.148 1101.78C302.275 1102.25 302.352 1102.69 302.378 1103.08C302.405 1103.47 302.418 1103.76 302.418 1103.94V1110H299.658ZM292.278 1110V1099.2H294.698V1102.78H295.038V1110H292.278ZM309.578 1110.3C308.458 1110.3 307.498 1110.05 306.698 1109.55C305.898 1109.05 305.285 1108.37 304.858 1107.51C304.431 1106.65 304.218 1105.68 304.218 1104.6C304.218 1103.51 304.438 1102.53 304.878 1101.67C305.325 1100.81 305.951 1100.13 306.758 1099.64C307.565 1099.15 308.518 1098.9 309.618 1098.9C310.891 1098.9 311.958 1099.22 312.818 1099.87C313.685 1100.51 314.238 1101.39 314.478 1102.5L311.758 1103.22C311.598 1102.66 311.318 1102.22 310.918 1101.91C310.525 1101.6 310.078 1101.44 309.578 1101.44C309.005 1101.44 308.535 1101.58 308.168 1101.86C307.801 1102.13 307.531 1102.51 307.358 1102.99C307.185 1103.46 307.098 1104 307.098 1104.6C307.098 1105.54 307.305 1106.3 307.718 1106.89C308.138 1107.47 308.758 1107.76 309.578 1107.76C310.191 1107.76 310.658 1107.62 310.978 1107.34C311.298 1107.06 311.538 1106.66 311.698 1106.14L314.478 1106.72C314.171 1107.87 313.591 1108.75 312.738 1109.37C311.885 1109.99 310.831 1110.3 309.578 1110.3ZM316.385 1097.7V1095.3H319.105V1097.7H316.385ZM316.385 1110V1099.2H319.105V1110H316.385ZM325.103 1110.3C324.33 1110.3 323.673 1110.15 323.133 1109.86C322.6 1109.56 322.193 1109.16 321.913 1108.67C321.64 1108.17 321.503 1107.62 321.503 1107.02C321.503 1106.52 321.58 1106.06 321.733 1105.65C321.886 1105.24 322.133 1104.87 322.473 1104.56C322.82 1104.24 323.283 1103.97 323.863 1103.76C324.263 1103.61 324.74 1103.48 325.293 1103.37C325.846 1103.26 326.473 1103.15 327.173 1103.05C327.873 1102.94 328.643 1102.83 329.483 1102.7L328.503 1103.24C328.503 1102.6 328.35 1102.13 328.043 1101.83C327.736 1101.53 327.223 1101.38 326.503 1101.38C326.103 1101.38 325.686 1101.48 325.253 1101.67C324.82 1101.86 324.516 1102.21 324.343 1102.7L321.883 1101.92C322.156 1101.03 322.67 1100.3 323.423 1099.74C324.176 1099.18 325.203 1098.9 326.503 1098.9C327.456 1098.9 328.303 1099.05 329.043 1099.34C329.783 1099.63 330.343 1100.14 330.723 1100.86C330.936 1101.26 331.063 1101.66 331.103 1102.06C331.143 1102.46 331.163 1102.91 331.163 1103.4V1110H328.783V1107.78L329.123 1108.24C328.596 1108.97 328.026 1109.49 327.413 1109.82C326.806 1110.14 326.036 1110.3 325.103 1110.3ZM325.683 1108.16C326.183 1108.16 326.603 1108.07 326.943 1107.9C327.29 1107.72 327.563 1107.52 327.763 1107.29C327.97 1107.06 328.11 1106.87 328.183 1106.72C328.323 1106.43 328.403 1106.09 328.423 1105.7C328.45 1105.31 328.463 1104.98 328.463 1104.72L329.263 1104.92C328.456 1105.05 327.803 1105.17 327.303 1105.26C326.803 1105.35 326.4 1105.43 326.093 1105.5C325.786 1105.57 325.516 1105.65 325.283 1105.74C325.016 1105.85 324.8 1105.96 324.633 1106.09C324.473 1106.21 324.353 1106.34 324.273 1106.49C324.2 1106.64 324.163 1106.8 324.163 1106.98C324.163 1107.23 324.223 1107.44 324.343 1107.62C324.47 1107.79 324.646 1107.93 324.873 1108.02C325.1 1108.11 325.37 1108.16 325.683 1108.16ZM333.963 1110V1095.3H336.683V1110H333.963ZM343.685 1110V1095.6H349.765C349.905 1095.6 350.092 1095.61 350.325 1095.62C350.565 1095.63 350.778 1095.65 350.965 1095.68C351.825 1095.81 352.528 1096.1 353.075 1096.53C353.628 1096.96 354.035 1097.51 354.295 1098.17C354.555 1098.82 354.685 1099.55 354.685 1100.36C354.685 1101.17 354.552 1101.9 354.285 1102.56C354.025 1103.21 353.618 1103.76 353.065 1104.19C352.518 1104.62 351.818 1104.91 350.965 1105.04C350.778 1105.07 350.565 1105.09 350.325 1105.1C350.085 1105.11 349.898 1105.12 349.765 1105.12H346.405V1110H343.685ZM346.405 1102.58H349.645C349.785 1102.58 349.938 1102.57 350.105 1102.56C350.272 1102.55 350.425 1102.52 350.565 1102.48C350.932 1102.38 351.215 1102.21 351.415 1101.98C351.615 1101.74 351.752 1101.48 351.825 1101.19C351.905 1100.9 351.945 1100.62 351.945 1100.36C351.945 1100.1 351.905 1099.83 351.825 1099.54C351.752 1099.25 351.615 1098.98 351.415 1098.75C351.215 1098.51 350.932 1098.34 350.565 1098.24C350.425 1098.2 350.272 1098.17 350.105 1098.16C349.938 1098.15 349.785 1098.14 349.645 1098.14H346.405V1102.58ZM361.518 1110.3C360.411 1110.3 359.434 1110.06 358.588 1109.59C357.748 1109.11 357.088 1108.45 356.608 1107.62C356.134 1106.78 355.898 1105.82 355.898 1104.74C355.898 1103.56 356.131 1102.53 356.598 1101.66C357.064 1100.79 357.708 1100.11 358.528 1099.63C359.348 1099.14 360.291 1098.9 361.358 1098.9C362.491 1098.9 363.454 1099.17 364.248 1099.7C365.041 1100.23 365.628 1100.98 366.008 1101.95C366.388 1102.92 366.521 1104.05 366.408 1105.36H363.718V1104.36C363.718 1103.26 363.541 1102.47 363.188 1101.99C362.841 1101.5 362.271 1101.26 361.478 1101.26C360.551 1101.26 359.868 1101.54 359.428 1102.11C358.994 1102.67 358.778 1103.5 358.778 1104.6C358.778 1105.61 358.994 1106.39 359.428 1106.94C359.868 1107.49 360.511 1107.76 361.358 1107.76C361.891 1107.76 362.348 1107.64 362.728 1107.41C363.108 1107.18 363.398 1106.84 363.598 1106.4L366.318 1107.18C365.911 1108.17 365.268 1108.93 364.388 1109.48C363.514 1110.03 362.558 1110.3 361.518 1110.3ZM357.938 1105.36V1103.34H365.098V1105.36H357.938ZM371.47 1110.3C370.697 1110.3 370.04 1110.15 369.5 1109.86C368.967 1109.56 368.56 1109.16 368.28 1108.67C368.007 1108.17 367.87 1107.62 367.87 1107.02C367.87 1106.52 367.947 1106.06 368.1 1105.65C368.254 1105.24 368.5 1104.87 368.84 1104.56C369.187 1104.24 369.65 1103.97 370.23 1103.76C370.63 1103.61 371.107 1103.48 371.66 1103.37C372.214 1103.26 372.84 1103.15 373.54 1103.05C374.24 1102.94 375.01 1102.83 375.85 1102.7L374.87 1103.24C374.87 1102.6 374.717 1102.13 374.41 1101.83C374.104 1101.53 373.59 1101.38 372.87 1101.38C372.47 1101.38 372.054 1101.48 371.62 1101.67C371.187 1101.86 370.884 1102.21 370.71 1102.7L368.25 1101.92C368.524 1101.03 369.037 1100.3 369.79 1099.74C370.544 1099.18 371.57 1098.9 372.87 1098.9C373.824 1098.9 374.67 1099.05 375.41 1099.34C376.15 1099.63 376.71 1100.14 377.09 1100.86C377.304 1101.26 377.43 1101.66 377.47 1102.06C377.51 1102.46 377.53 1102.91 377.53 1103.4V1110H375.15V1107.78L375.49 1108.24C374.964 1108.97 374.394 1109.49 373.78 1109.82C373.174 1110.14 372.404 1110.3 371.47 1110.3ZM372.05 1108.16C372.55 1108.16 372.97 1108.07 373.31 1107.9C373.657 1107.72 373.93 1107.52 374.13 1107.29C374.337 1107.06 374.477 1106.87 374.55 1106.72C374.69 1106.43 374.77 1106.09 374.79 1105.7C374.817 1105.31 374.83 1104.98 374.83 1104.72L375.63 1104.92C374.824 1105.05 374.17 1105.17 373.67 1105.26C373.17 1105.35 372.767 1105.43 372.46 1105.5C372.154 1105.57 371.884 1105.65 371.65 1105.74C371.384 1105.85 371.167 1105.96 371 1106.09C370.84 1106.21 370.72 1106.34 370.64 1106.49C370.567 1106.64 370.53 1106.8 370.53 1106.98C370.53 1107.23 370.59 1107.44 370.71 1107.62C370.837 1107.79 371.014 1107.93 371.24 1108.02C371.467 1108.11 371.737 1108.16 372.05 1108.16ZM384.89 1110.3C383.77 1110.3 382.81 1110.05 382.01 1109.55C381.21 1109.05 380.597 1108.37 380.17 1107.51C379.744 1106.65 379.53 1105.68 379.53 1104.6C379.53 1103.51 379.75 1102.53 380.19 1101.67C380.637 1100.81 381.264 1100.13 382.07 1099.64C382.877 1099.15 383.83 1098.9 384.93 1098.9C386.204 1098.9 387.27 1099.22 388.13 1099.87C388.997 1100.51 389.55 1101.39 389.79 1102.5L387.07 1103.22C386.91 1102.66 386.63 1102.22 386.23 1101.91C385.837 1101.6 385.39 1101.44 384.89 1101.44C384.317 1101.44 383.847 1101.58 383.48 1101.86C383.114 1102.13 382.844 1102.51 382.67 1102.99C382.497 1103.46 382.41 1104 382.41 1104.6C382.41 1105.54 382.617 1106.3 383.03 1106.89C383.45 1107.47 384.07 1107.76 384.89 1107.76C385.504 1107.76 385.97 1107.62 386.29 1107.34C386.61 1107.06 386.85 1106.66 387.01 1106.14L389.79 1106.72C389.484 1107.87 388.904 1108.75 388.05 1109.37C387.197 1109.99 386.144 1110.3 384.89 1110.3ZM396.518 1110.3C395.411 1110.3 394.434 1110.06 393.588 1109.59C392.748 1109.11 392.088 1108.45 391.608 1107.62C391.134 1106.78 390.898 1105.82 390.898 1104.74C390.898 1103.56 391.131 1102.53 391.598 1101.66C392.064 1100.79 392.708 1100.11 393.528 1099.63C394.348 1099.14 395.291 1098.9 396.358 1098.9C397.491 1098.9 398.454 1099.17 399.248 1099.7C400.041 1100.23 400.628 1100.98 401.008 1101.95C401.388 1102.92 401.521 1104.05 401.408 1105.36H398.718V1104.36C398.718 1103.26 398.541 1102.47 398.188 1101.99C397.841 1101.5 397.271 1101.26 396.478 1101.26C395.551 1101.26 394.868 1101.54 394.428 1102.11C393.994 1102.67 393.778 1103.5 393.778 1104.6C393.778 1105.61 393.994 1106.39 394.428 1106.94C394.868 1107.49 395.511 1107.76 396.358 1107.76C396.891 1107.76 397.348 1107.64 397.728 1107.41C398.108 1107.18 398.398 1106.84 398.598 1106.4L401.318 1107.18C400.911 1108.17 400.268 1108.93 399.388 1109.48C398.514 1110.03 397.558 1110.3 396.518 1110.3ZM392.938 1105.36V1103.34H400.098V1105.36H392.938ZM412.53 1110.3C411.443 1110.3 410.49 1110.06 409.67 1109.57C408.85 1109.08 408.21 1108.41 407.75 1107.56C407.296 1106.7 407.07 1105.71 407.07 1104.6C407.07 1103.47 407.303 1102.48 407.77 1101.63C408.236 1100.77 408.88 1100.1 409.7 1099.62C410.52 1099.14 411.463 1098.9 412.53 1098.9C413.616 1098.9 414.57 1099.14 415.39 1099.63C416.216 1100.12 416.86 1100.79 417.32 1101.65C417.78 1102.5 418.01 1103.49 418.01 1104.6C418.01 1105.72 417.776 1106.71 417.31 1107.57C416.85 1108.42 416.206 1109.09 415.38 1109.58C414.56 1110.06 413.61 1110.3 412.53 1110.3ZM412.53 1107.76C413.403 1107.76 414.053 1107.47 414.48 1106.88C414.913 1106.29 415.13 1105.53 415.13 1104.6C415.13 1103.64 414.91 1102.87 414.47 1102.3C414.036 1101.73 413.39 1101.44 412.53 1101.44C411.936 1101.44 411.45 1101.57 411.07 1101.84C410.69 1102.11 410.406 1102.48 410.22 1102.95C410.04 1103.42 409.95 1103.97 409.95 1104.6C409.95 1105.57 410.166 1106.34 410.6 1106.91C411.04 1107.48 411.683 1107.76 412.53 1107.76ZM421.109 1110V1099.24C421.109 1098.97 421.115 1098.66 421.129 1098.31C421.142 1097.96 421.195 1097.61 421.289 1097.26C421.389 1096.91 421.569 1096.59 421.829 1096.3C422.162 1095.93 422.522 1095.67 422.909 1095.54C423.302 1095.4 423.682 1095.33 424.049 1095.32C424.415 1095.31 424.729 1095.3 424.989 1095.3H426.329V1097.5H425.089C424.662 1097.5 424.345 1097.61 424.139 1097.83C423.932 1098.04 423.829 1098.3 423.829 1098.6V1110H421.109ZM419.409 1101.3V1099.2H426.329V1101.3H419.409ZM431.927 1110V1095.6H434.367L439.127 1105.16L443.887 1095.6H446.327V1110H443.787V1101.4L439.607 1110H438.647L434.467 1101.4V1110H431.927ZM449.334 1097.7V1095.3H452.054V1097.7H449.334ZM449.334 1110V1099.2H452.054V1110H449.334ZM462.412 1110V1104.9C462.412 1104.65 462.399 1104.34 462.372 1103.96C462.346 1103.57 462.262 1103.19 462.122 1102.8C461.982 1102.41 461.752 1102.09 461.432 1101.83C461.119 1101.57 460.672 1101.44 460.092 1101.44C459.859 1101.44 459.609 1101.48 459.342 1101.55C459.076 1101.62 458.826 1101.77 458.592 1101.98C458.359 1102.19 458.166 1102.49 458.012 1102.9C457.866 1103.31 457.792 1103.85 457.792 1104.52L456.232 1103.78C456.232 1102.93 456.406 1102.13 456.752 1101.38C457.099 1100.63 457.619 1100.03 458.312 1099.57C459.012 1099.11 459.892 1098.88 460.952 1098.88C461.799 1098.88 462.489 1099.02 463.022 1099.31C463.556 1099.6 463.969 1099.96 464.262 1100.4C464.562 1100.84 464.776 1101.3 464.902 1101.78C465.029 1102.25 465.106 1102.69 465.132 1103.08C465.159 1103.47 465.172 1103.76 465.172 1103.94V1110H462.412ZM455.032 1110V1099.2H457.452V1102.78H457.792V1110H455.032ZM471.952 1110.3C470.959 1110.3 470.089 1110.05 469.342 1109.55C468.595 1109.05 468.012 1108.37 467.592 1107.51C467.179 1106.65 466.972 1105.68 466.972 1104.6C466.972 1103.5 467.182 1102.52 467.602 1101.67C468.029 1100.81 468.625 1100.13 469.392 1099.64C470.159 1099.15 471.059 1098.9 472.092 1098.9C473.119 1098.9 473.982 1099.15 474.682 1099.65C475.382 1100.15 475.912 1100.83 476.272 1101.69C476.632 1102.55 476.812 1103.52 476.812 1104.6C476.812 1105.68 476.629 1106.65 476.262 1107.51C475.902 1108.37 475.362 1109.05 474.642 1109.55C473.922 1110.05 473.025 1110.3 471.952 1110.3ZM472.392 1107.88C472.999 1107.88 473.482 1107.74 473.842 1107.47C474.209 1107.2 474.472 1106.81 474.632 1106.32C474.792 1105.83 474.872 1105.25 474.872 1104.6C474.872 1103.95 474.792 1103.37 474.632 1102.88C474.472 1102.39 474.215 1102 473.862 1101.73C473.515 1101.46 473.059 1101.32 472.492 1101.32C471.885 1101.32 471.385 1101.47 470.992 1101.77C470.605 1102.06 470.319 1102.46 470.132 1102.96C469.945 1103.45 469.852 1104 469.852 1104.6C469.852 1105.21 469.942 1105.76 470.122 1106.26C470.302 1106.75 470.579 1107.15 470.952 1107.44C471.325 1107.73 471.805 1107.88 472.392 1107.88ZM474.872 1110V1102.6H474.532V1095.6H477.272V1110H474.872Z" fill="white"/>
<g opacity="0.9">
<path d="M250.28 1139.88L253.654 1129.79H255.39L258.764 1139.88H257.469L254.312 1130.52H254.704L251.575 1139.88H250.28ZM251.904 1137.52V1136.35H257.14V1137.52H251.904ZM262.887 1140.07C262.402 1140.07 261.984 1139.99 261.634 1139.84C261.289 1139.69 261.002 1139.48 260.773 1139.22C260.544 1138.97 260.365 1138.68 260.234 1138.37C260.103 1138.06 260.01 1137.74 259.954 1137.41C259.903 1137.08 259.877 1136.78 259.877 1136.49V1132.31H261.137V1136.1C261.137 1136.46 261.17 1136.8 261.235 1137.13C261.3 1137.46 261.41 1137.76 261.564 1138.03C261.723 1138.29 261.933 1138.5 262.194 1138.66C262.46 1138.81 262.791 1138.89 263.188 1138.89C263.501 1138.89 263.785 1138.83 264.042 1138.73C264.299 1138.62 264.518 1138.46 264.7 1138.25C264.882 1138.04 265.022 1137.77 265.12 1137.44C265.218 1137.11 265.267 1136.73 265.267 1136.3L266.086 1136.55C266.086 1137.28 265.953 1137.91 265.687 1138.43C265.426 1138.96 265.055 1139.37 264.574 1139.65C264.098 1139.93 263.536 1140.07 262.887 1140.07ZM265.407 1139.88V1137.85H265.267V1132.31H266.52V1139.88H265.407ZM272.701 1139.88C272.253 1139.96 271.81 1140 271.371 1139.98C270.937 1139.97 270.55 1139.88 270.209 1139.72C269.868 1139.56 269.609 1139.31 269.432 1138.96C269.283 1138.67 269.201 1138.37 269.187 1138.06C269.178 1137.75 269.173 1137.41 269.173 1137.02V1130.21H270.419V1136.96C270.419 1137.27 270.421 1137.53 270.426 1137.75C270.435 1137.97 270.484 1138.16 270.573 1138.32C270.741 1138.62 271.007 1138.79 271.371 1138.85C271.74 1138.9 272.183 1138.88 272.701 1138.8V1139.88ZM267.64 1133.34V1132.31H272.701V1133.34H267.64ZM277.141 1140.09C276.39 1140.09 275.741 1139.91 275.195 1139.57C274.654 1139.23 274.236 1138.76 273.942 1138.16C273.648 1137.56 273.501 1136.87 273.501 1136.09C273.501 1135.29 273.651 1134.6 273.949 1134C274.248 1133.4 274.67 1132.94 275.216 1132.61C275.762 1132.27 276.404 1132.1 277.141 1132.1C277.897 1132.1 278.548 1132.28 279.094 1132.62C279.64 1132.95 280.058 1133.42 280.347 1134.02C280.641 1134.62 280.788 1135.31 280.788 1136.09C280.788 1136.88 280.641 1137.57 280.347 1138.17C280.053 1138.77 279.633 1139.24 279.087 1139.58C278.541 1139.92 277.893 1140.09 277.141 1140.09ZM277.141 1138.9C277.925 1138.9 278.509 1138.64 278.891 1138.12C279.274 1137.6 279.465 1136.92 279.465 1136.09C279.465 1135.23 279.272 1134.55 278.884 1134.05C278.497 1133.54 277.916 1133.29 277.141 1133.29C276.614 1133.29 276.18 1133.41 275.839 1133.64C275.499 1133.88 275.244 1134.21 275.076 1134.63C274.908 1135.05 274.824 1135.54 274.824 1136.09C274.824 1136.94 275.02 1137.62 275.412 1138.13C275.804 1138.65 276.381 1138.9 277.141 1138.9ZM291.367 1139.88L291.374 1135.04C291.374 1134.47 291.222 1134.03 290.919 1133.71C290.62 1133.39 290.23 1133.23 289.75 1133.23C289.47 1133.23 289.204 1133.3 288.952 1133.43C288.7 1133.55 288.494 1133.75 288.336 1134.03C288.177 1134.3 288.098 1134.65 288.098 1135.07L287.44 1134.81C287.43 1134.27 287.54 1133.8 287.769 1133.4C288.002 1132.99 288.319 1132.68 288.721 1132.45C289.122 1132.23 289.575 1132.12 290.079 1132.12C290.867 1132.12 291.488 1132.36 291.941 1132.84C292.393 1133.32 292.62 1133.96 292.62 1134.76L292.613 1139.88H291.367ZM282.323 1139.88V1132.31H283.436V1134.34H283.576V1139.88H282.323ZM286.852 1139.88L286.859 1135.09C286.859 1134.51 286.709 1134.06 286.411 1133.73C286.112 1133.4 285.715 1133.23 285.221 1133.23C284.731 1133.23 284.334 1133.4 284.031 1133.74C283.727 1134.07 283.576 1134.52 283.576 1135.07L282.918 1134.68C282.918 1134.19 283.034 1133.75 283.268 1133.36C283.501 1132.98 283.818 1132.67 284.22 1132.45C284.621 1132.23 285.076 1132.12 285.585 1132.12C286.093 1132.12 286.537 1132.23 286.915 1132.44C287.293 1132.66 287.584 1132.96 287.79 1133.36C287.995 1133.76 288.098 1134.24 288.098 1134.79L288.091 1139.88H286.852ZM296.592 1140.09C296.027 1140.09 295.554 1139.98 295.171 1139.78C294.793 1139.57 294.506 1139.29 294.31 1138.95C294.119 1138.61 294.023 1138.24 294.023 1137.83C294.023 1137.43 294.098 1137.09 294.247 1136.8C294.401 1136.51 294.616 1136.27 294.891 1136.07C295.166 1135.88 295.495 1135.72 295.878 1135.61C296.237 1135.51 296.639 1135.43 297.082 1135.36C297.53 1135.29 297.983 1135.22 298.44 1135.16C298.897 1135.1 299.324 1135.04 299.721 1134.98L299.273 1135.24C299.287 1134.57 299.152 1134.07 298.867 1133.75C298.587 1133.43 298.102 1133.27 297.411 1133.27C296.954 1133.27 296.552 1133.37 296.207 1133.58C295.866 1133.79 295.626 1134.12 295.486 1134.59L294.303 1134.23C294.485 1133.57 294.837 1133.05 295.36 1132.67C295.883 1132.29 296.571 1132.1 297.425 1132.1C298.111 1132.1 298.699 1132.23 299.189 1132.48C299.684 1132.72 300.038 1133.09 300.253 1133.58C300.36 1133.82 300.428 1134.07 300.456 1134.34C300.484 1134.62 300.498 1134.9 300.498 1135.2V1139.88H299.392V1138.06L299.651 1138.23C299.366 1138.84 298.967 1139.3 298.454 1139.62C297.945 1139.93 297.325 1140.09 296.592 1140.09ZM296.781 1139.04C297.229 1139.04 297.616 1138.96 297.943 1138.8C298.274 1138.64 298.54 1138.43 298.741 1138.17C298.942 1137.9 299.072 1137.61 299.133 1137.3C299.203 1137.07 299.24 1136.81 299.245 1136.52C299.254 1136.23 299.259 1136.01 299.259 1135.86L299.693 1136.05C299.287 1136.1 298.888 1136.16 298.496 1136.21C298.104 1136.26 297.733 1136.31 297.383 1136.38C297.033 1136.43 296.718 1136.5 296.438 1136.58C296.233 1136.64 296.039 1136.73 295.857 1136.83C295.68 1136.93 295.535 1137.07 295.423 1137.23C295.316 1137.39 295.262 1137.59 295.262 1137.82C295.262 1138.03 295.313 1138.23 295.416 1138.41C295.523 1138.6 295.687 1138.75 295.906 1138.87C296.13 1138.98 296.422 1139.04 296.781 1139.04ZM306.539 1139.88C306.091 1139.96 305.648 1140 305.209 1139.98C304.775 1139.97 304.388 1139.88 304.047 1139.72C303.706 1139.56 303.447 1139.31 303.27 1138.96C303.121 1138.67 303.039 1138.37 303.025 1138.06C303.016 1137.75 303.011 1137.41 303.011 1137.02V1130.21H304.257V1136.96C304.257 1137.27 304.259 1137.53 304.264 1137.75C304.273 1137.97 304.322 1138.16 304.411 1138.32C304.579 1138.62 304.845 1138.79 305.209 1138.85C305.578 1138.9 306.021 1138.88 306.539 1138.8V1139.88ZM301.478 1133.34V1132.31H306.539V1133.34H301.478ZM311.035 1140.09C310.293 1140.09 309.645 1139.92 309.089 1139.59C308.539 1139.26 308.109 1138.8 307.801 1138.22C307.493 1137.62 307.339 1136.93 307.339 1136.14C307.339 1135.32 307.491 1134.6 307.794 1134C308.098 1133.4 308.52 1132.93 309.061 1132.6C309.607 1132.27 310.247 1132.1 310.979 1132.1C311.74 1132.1 312.386 1132.28 312.918 1132.63C313.455 1132.98 313.856 1133.48 314.122 1134.13C314.393 1134.78 314.51 1135.55 314.472 1136.44H313.212V1136C313.198 1135.07 313.009 1134.38 312.645 1133.92C312.281 1133.46 311.74 1133.22 311.021 1133.22C310.251 1133.22 309.666 1133.47 309.264 1133.97C308.863 1134.46 308.662 1135.17 308.662 1136.09C308.662 1136.99 308.863 1137.68 309.264 1138.17C309.666 1138.66 310.237 1138.9 310.979 1138.9C311.479 1138.9 311.913 1138.79 312.281 1138.56C312.65 1138.33 312.939 1138 313.149 1137.57L314.346 1137.98C314.052 1138.65 313.609 1139.17 313.016 1139.54C312.428 1139.9 311.768 1140.09 311.035 1140.09ZM308.242 1136.44V1135.44H313.828V1136.44H308.242ZM318.999 1140.09C318.294 1140.09 317.69 1139.91 317.186 1139.56C316.682 1139.21 316.292 1138.73 316.017 1138.12C315.746 1137.52 315.611 1136.84 315.611 1136.09C315.611 1135.33 315.746 1134.65 316.017 1134.05C316.292 1133.45 316.682 1132.98 317.186 1132.63C317.69 1132.28 318.292 1132.1 318.992 1132.1C319.706 1132.1 320.305 1132.28 320.791 1132.62C321.276 1132.97 321.642 1133.44 321.89 1134.04C322.142 1134.65 322.268 1135.33 322.268 1136.09C322.268 1136.84 322.142 1137.52 321.89 1138.12C321.642 1138.73 321.276 1139.21 320.791 1139.56C320.305 1139.91 319.708 1140.09 318.999 1140.09ZM319.153 1138.94C319.661 1138.94 320.079 1138.82 320.406 1138.58C320.732 1138.33 320.973 1137.99 321.127 1137.56C321.285 1137.13 321.365 1136.64 321.365 1136.09C321.365 1135.53 321.285 1135.04 321.127 1134.61C320.973 1134.18 320.735 1133.85 320.413 1133.61C320.091 1133.37 319.682 1133.25 319.188 1133.25C318.674 1133.25 318.25 1133.37 317.914 1133.62C317.582 1133.88 317.335 1134.22 317.172 1134.65C317.013 1135.08 316.934 1135.56 316.934 1136.09C316.934 1136.62 317.015 1137.11 317.179 1137.54C317.342 1137.97 317.587 1138.31 317.914 1138.57C318.245 1138.82 318.658 1138.94 319.153 1138.94ZM321.365 1139.88V1134.31H321.225V1129.79H322.478V1139.88H321.365ZM327.382 1130.98V1129.69H328.628V1130.98H327.382ZM327.382 1139.88V1132.31H328.628V1139.88H327.382ZM336.111 1139.88V1136.09C336.111 1135.73 336.078 1135.38 336.013 1135.05C335.952 1134.72 335.843 1134.42 335.684 1134.16C335.53 1133.9 335.32 1133.69 335.054 1133.53C334.793 1133.38 334.461 1133.3 334.06 1133.3C333.747 1133.3 333.463 1133.36 333.206 1133.46C332.954 1133.57 332.737 1133.72 332.555 1133.94C332.373 1134.15 332.231 1134.42 332.128 1134.75C332.03 1135.07 331.981 1135.45 331.981 1135.89L331.162 1135.64C331.162 1134.91 331.293 1134.28 331.554 1133.76C331.82 1133.23 332.191 1132.83 332.667 1132.55C333.148 1132.26 333.712 1132.12 334.361 1132.12C334.851 1132.12 335.269 1132.2 335.614 1132.35C335.959 1132.5 336.246 1132.71 336.475 1132.97C336.704 1133.22 336.883 1133.5 337.014 1133.82C337.145 1134.13 337.236 1134.45 337.287 1134.78C337.343 1135.1 337.371 1135.41 337.371 1135.7V1139.88H336.111ZM330.721 1139.88V1132.31H331.841V1134.34H331.981V1139.88H330.721ZM342.308 1140.09C341.542 1140.09 340.891 1139.91 340.355 1139.57C339.823 1139.23 339.417 1138.75 339.137 1138.15C338.857 1137.55 338.712 1136.86 338.703 1136.09C338.712 1135.31 338.859 1134.61 339.144 1134.02C339.433 1133.41 339.846 1132.94 340.383 1132.61C340.919 1132.27 341.566 1132.1 342.322 1132.1C343.12 1132.1 343.806 1132.3 344.38 1132.69C344.958 1133.08 345.346 1133.62 345.542 1134.3L344.31 1134.67C344.151 1134.24 343.892 1133.89 343.533 1133.65C343.178 1133.41 342.77 1133.29 342.308 1133.29C341.79 1133.29 341.363 1133.41 341.027 1133.65C340.691 1133.89 340.441 1134.22 340.278 1134.65C340.114 1135.07 340.03 1135.55 340.026 1136.09C340.035 1136.93 340.229 1137.61 340.607 1138.13C340.989 1138.65 341.556 1138.9 342.308 1138.9C342.802 1138.9 343.213 1138.79 343.54 1138.57C343.866 1138.34 344.114 1138.01 344.282 1137.58L345.542 1137.91C345.28 1138.61 344.872 1139.15 344.317 1139.52C343.761 1139.9 343.092 1140.09 342.308 1140.09ZM349.985 1140.09C349.234 1140.09 348.585 1139.91 348.039 1139.57C347.498 1139.23 347.08 1138.76 346.786 1138.16C346.492 1137.56 346.345 1136.87 346.345 1136.09C346.345 1135.29 346.494 1134.6 346.793 1134C347.092 1133.4 347.514 1132.94 348.06 1132.61C348.606 1132.27 349.248 1132.1 349.985 1132.1C350.741 1132.1 351.392 1132.28 351.938 1132.62C352.484 1132.95 352.902 1133.42 353.191 1134.02C353.485 1134.62 353.632 1135.31 353.632 1136.09C353.632 1136.88 353.485 1137.57 353.191 1138.17C352.897 1138.77 352.477 1139.24 351.931 1139.58C351.385 1139.92 350.736 1140.09 349.985 1140.09ZM349.985 1138.9C350.769 1138.9 351.352 1138.64 351.735 1138.12C352.118 1137.6 352.309 1136.92 352.309 1136.09C352.309 1135.23 352.115 1134.55 351.728 1134.05C351.341 1133.54 350.76 1133.29 349.985 1133.29C349.458 1133.29 349.024 1133.41 348.683 1133.64C348.342 1133.88 348.088 1134.21 347.92 1134.63C347.752 1135.05 347.668 1135.54 347.668 1136.09C347.668 1136.94 347.864 1137.62 348.256 1138.13C348.648 1138.65 349.224 1138.9 349.985 1138.9ZM364.21 1139.88L364.217 1135.04C364.217 1134.47 364.066 1134.03 363.762 1133.71C363.464 1133.39 363.074 1133.23 362.593 1133.23C362.313 1133.23 362.047 1133.3 361.795 1133.43C361.543 1133.55 361.338 1133.75 361.179 1134.03C361.021 1134.3 360.941 1134.65 360.941 1135.07L360.283 1134.81C360.274 1134.27 360.384 1133.8 360.612 1133.4C360.846 1132.99 361.163 1132.68 361.564 1132.45C361.966 1132.23 362.418 1132.12 362.922 1132.12C363.711 1132.12 364.332 1132.36 364.784 1132.84C365.237 1133.32 365.463 1133.96 365.463 1134.76L365.456 1139.88H364.21ZM355.166 1139.88V1132.31H356.279V1134.34H356.419V1139.88H355.166ZM359.695 1139.88L359.702 1135.09C359.702 1134.51 359.553 1134.06 359.254 1133.73C358.956 1133.4 358.559 1133.23 358.064 1133.23C357.574 1133.23 357.178 1133.4 356.874 1133.74C356.571 1134.07 356.419 1134.52 356.419 1135.07L355.761 1134.68C355.761 1134.19 355.878 1133.75 356.111 1133.36C356.345 1132.98 356.662 1132.67 357.063 1132.45C357.465 1132.23 357.92 1132.12 358.428 1132.12C358.937 1132.12 359.38 1132.23 359.758 1132.44C360.136 1132.66 360.428 1132.96 360.633 1133.36C360.839 1133.76 360.941 1134.24 360.941 1134.79L360.934 1139.88H359.695ZM370.494 1140.09C369.752 1140.09 369.104 1139.92 368.548 1139.59C367.998 1139.26 367.568 1138.8 367.26 1138.22C366.952 1137.62 366.798 1136.93 366.798 1136.14C366.798 1135.32 366.95 1134.6 367.253 1134C367.557 1133.4 367.979 1132.93 368.52 1132.6C369.066 1132.27 369.706 1132.1 370.438 1132.1C371.199 1132.1 371.845 1132.28 372.377 1132.63C372.914 1132.98 373.315 1133.48 373.581 1134.13C373.852 1134.78 373.969 1135.55 373.931 1136.44H372.671V1136C372.657 1135.07 372.468 1134.38 372.104 1133.92C371.74 1133.46 371.199 1133.22 370.48 1133.22C369.71 1133.22 369.125 1133.47 368.723 1133.97C368.322 1134.46 368.121 1135.17 368.121 1136.09C368.121 1136.99 368.322 1137.68 368.723 1138.17C369.125 1138.66 369.696 1138.9 370.438 1138.9C370.938 1138.9 371.372 1138.79 371.74 1138.56C372.109 1138.33 372.398 1138 372.608 1137.57L373.805 1137.98C373.511 1138.65 373.068 1139.17 372.475 1139.54C371.887 1139.9 371.227 1140.09 370.494 1140.09ZM367.701 1136.44V1135.44H373.287V1136.44H367.701ZM380.442 1140.09C379.877 1140.09 379.403 1139.98 379.021 1139.78C378.643 1139.57 378.356 1139.29 378.16 1138.95C377.968 1138.61 377.873 1138.24 377.873 1137.83C377.873 1137.43 377.947 1137.09 378.097 1136.8C378.251 1136.51 378.465 1136.27 378.741 1136.07C379.016 1135.88 379.345 1135.72 379.728 1135.61C380.087 1135.51 380.488 1135.43 380.932 1135.36C381.38 1135.29 381.832 1135.22 382.29 1135.16C382.747 1135.1 383.174 1135.04 383.571 1134.98L383.123 1135.24C383.137 1134.57 383.001 1134.07 382.717 1133.75C382.437 1133.43 381.951 1133.27 381.261 1133.27C380.803 1133.27 380.402 1133.37 380.057 1133.58C379.716 1133.79 379.476 1134.12 379.336 1134.59L378.153 1134.23C378.335 1133.57 378.687 1133.05 379.21 1132.67C379.732 1132.29 380.421 1132.1 381.275 1132.1C381.961 1132.1 382.549 1132.23 383.039 1132.48C383.533 1132.72 383.888 1133.09 384.103 1133.58C384.21 1133.82 384.278 1134.07 384.306 1134.34C384.334 1134.62 384.347 1134.9 384.347 1135.2V1139.88H383.242V1138.06L383.501 1138.23C383.216 1138.84 382.817 1139.3 382.304 1139.62C381.795 1139.93 381.174 1140.09 380.442 1140.09ZM380.631 1139.04C381.079 1139.04 381.466 1138.96 381.793 1138.8C382.124 1138.64 382.39 1138.43 382.591 1138.17C382.791 1137.9 382.922 1137.61 382.983 1137.3C383.053 1137.07 383.09 1136.81 383.095 1136.52C383.104 1136.23 383.109 1136.01 383.109 1135.86L383.543 1136.05C383.137 1136.1 382.738 1136.16 382.346 1136.21C381.954 1136.26 381.583 1136.31 381.233 1136.38C380.883 1136.43 380.568 1136.5 380.288 1136.58C380.082 1136.64 379.889 1136.73 379.707 1136.83C379.529 1136.93 379.385 1137.07 379.273 1137.23C379.165 1137.39 379.111 1137.59 379.111 1137.82C379.111 1138.03 379.163 1138.23 379.266 1138.41C379.373 1138.6 379.536 1138.75 379.756 1138.87C379.98 1138.98 380.271 1139.04 380.631 1139.04ZM389.353 1140.09C388.587 1140.09 387.936 1139.91 387.4 1139.57C386.868 1139.23 386.462 1138.75 386.182 1138.15C385.902 1137.55 385.757 1136.86 385.748 1136.09C385.757 1135.31 385.904 1134.61 386.189 1134.02C386.478 1133.41 386.891 1132.94 387.428 1132.61C387.964 1132.27 388.611 1132.1 389.367 1132.1C390.165 1132.1 390.851 1132.3 391.425 1132.69C392.003 1133.08 392.391 1133.62 392.587 1134.3L391.355 1134.67C391.196 1134.24 390.937 1133.89 390.578 1133.65C390.223 1133.41 389.815 1133.29 389.353 1133.29C388.835 1133.29 388.408 1133.41 388.072 1133.65C387.736 1133.89 387.486 1134.22 387.323 1134.65C387.159 1135.07 387.075 1135.55 387.071 1136.09C387.08 1136.93 387.274 1137.61 387.652 1138.13C388.034 1138.65 388.601 1138.9 389.353 1138.9C389.847 1138.9 390.258 1138.79 390.585 1138.57C390.911 1138.34 391.159 1138.01 391.327 1137.58L392.587 1137.91C392.325 1138.61 391.917 1139.15 391.362 1139.52C390.806 1139.9 390.137 1140.09 389.353 1140.09ZM396.995 1140.09C396.23 1140.09 395.579 1139.91 395.042 1139.57C394.51 1139.23 394.104 1138.75 393.824 1138.15C393.544 1137.55 393.399 1136.86 393.39 1136.09C393.399 1135.31 393.546 1134.61 393.831 1134.02C394.12 1133.41 394.533 1132.94 395.07 1132.61C395.607 1132.27 396.253 1132.1 397.009 1132.1C397.807 1132.1 398.493 1132.3 399.067 1132.69C399.646 1133.08 400.033 1133.62 400.229 1134.3L398.997 1134.67C398.838 1134.24 398.579 1133.89 398.22 1133.65C397.865 1133.41 397.457 1133.29 396.995 1133.29C396.477 1133.29 396.05 1133.41 395.714 1133.65C395.378 1133.89 395.128 1134.22 394.965 1134.65C394.802 1135.07 394.718 1135.55 394.713 1136.09C394.722 1136.93 394.916 1137.61 395.294 1138.13C395.677 1138.65 396.244 1138.9 396.995 1138.9C397.49 1138.9 397.9 1138.79 398.227 1138.57C398.554 1138.34 398.801 1138.01 398.969 1137.58L400.229 1137.91C399.968 1138.61 399.559 1139.15 399.004 1139.52C398.449 1139.9 397.779 1140.09 396.995 1140.09ZM404.673 1140.09C403.921 1140.09 403.273 1139.91 402.727 1139.57C402.185 1139.23 401.768 1138.76 401.474 1138.16C401.18 1137.56 401.033 1136.87 401.033 1136.09C401.033 1135.29 401.182 1134.6 401.481 1134C401.779 1133.4 402.202 1132.94 402.748 1132.61C403.294 1132.27 403.935 1132.1 404.673 1132.1C405.429 1132.1 406.08 1132.28 406.626 1132.62C407.172 1132.95 407.589 1133.42 407.879 1134.02C408.173 1134.62 408.32 1135.31 408.32 1136.09C408.32 1136.88 408.173 1137.57 407.879 1138.17C407.585 1138.77 407.165 1139.24 406.619 1139.58C406.073 1139.92 405.424 1140.09 404.673 1140.09ZM404.673 1138.9C405.457 1138.9 406.04 1138.64 406.423 1138.12C406.805 1137.6 406.997 1136.92 406.997 1136.09C406.997 1135.23 406.803 1134.55 406.416 1134.05C406.028 1133.54 405.447 1133.29 404.673 1133.29C404.145 1133.29 403.711 1133.41 403.371 1133.64C403.03 1133.88 402.776 1134.21 402.608 1134.63C402.44 1135.05 402.356 1135.54 402.356 1136.09C402.356 1136.94 402.552 1137.62 402.944 1138.13C403.336 1138.65 403.912 1138.9 404.673 1138.9ZM412.731 1140.07C412.246 1140.07 411.828 1139.99 411.478 1139.84C411.133 1139.69 410.846 1139.48 410.617 1139.22C410.388 1138.97 410.209 1138.68 410.078 1138.37C409.947 1138.06 409.854 1137.74 409.798 1137.41C409.747 1137.08 409.721 1136.78 409.721 1136.49V1132.31H410.981V1136.1C410.981 1136.46 411.014 1136.8 411.079 1137.13C411.144 1137.46 411.254 1137.76 411.408 1138.03C411.567 1138.29 411.777 1138.5 412.038 1138.66C412.304 1138.81 412.635 1138.89 413.032 1138.89C413.345 1138.89 413.629 1138.83 413.886 1138.73C414.143 1138.62 414.362 1138.46 414.544 1138.25C414.726 1138.04 414.866 1137.77 414.964 1137.44C415.062 1137.11 415.111 1136.73 415.111 1136.3L415.93 1136.55C415.93 1137.28 415.797 1137.91 415.531 1138.43C415.27 1138.96 414.899 1139.37 414.418 1139.65C413.942 1139.93 413.38 1140.07 412.731 1140.07ZM415.251 1139.88V1137.85H415.111V1132.31H416.364V1139.88H415.251ZM423.707 1139.88V1136.09C423.707 1135.73 423.674 1135.38 423.609 1135.05C423.548 1134.72 423.438 1134.42 423.28 1134.16C423.126 1133.9 422.916 1133.69 422.65 1133.53C422.388 1133.38 422.057 1133.3 421.656 1133.3C421.343 1133.3 421.058 1133.36 420.802 1133.46C420.55 1133.57 420.333 1133.72 420.151 1133.94C419.969 1134.15 419.826 1134.42 419.724 1134.75C419.626 1135.07 419.577 1135.45 419.577 1135.89L418.758 1135.64C418.758 1134.91 418.888 1134.28 419.15 1133.76C419.416 1133.23 419.787 1132.83 420.263 1132.55C420.743 1132.26 421.308 1132.12 421.957 1132.12C422.447 1132.12 422.864 1132.2 423.21 1132.35C423.555 1132.5 423.842 1132.71 424.071 1132.97C424.299 1133.22 424.479 1133.5 424.61 1133.82C424.74 1134.13 424.831 1134.45 424.883 1134.78C424.939 1135.1 424.967 1135.41 424.967 1135.7V1139.88H423.707ZM418.317 1139.88V1132.31H419.437V1134.34H419.577V1139.88H418.317ZM431.008 1139.88C430.56 1139.96 430.116 1140 429.678 1139.98C429.244 1139.97 428.856 1139.88 428.516 1139.72C428.175 1139.56 427.916 1139.31 427.739 1138.96C427.589 1138.67 427.508 1138.37 427.494 1138.06C427.484 1137.75 427.48 1137.41 427.48 1137.02V1130.21H428.726V1136.96C428.726 1137.27 428.728 1137.53 428.733 1137.75C428.742 1137.97 428.791 1138.16 428.88 1138.32C429.048 1138.62 429.314 1138.79 429.678 1138.85C430.046 1138.9 430.49 1138.88 431.008 1138.8V1139.88ZM425.947 1133.34V1132.31H431.008V1133.34H425.947ZM435.399 1140.08C434.498 1140.08 433.758 1139.88 433.18 1139.49C432.606 1139.09 432.253 1138.54 432.123 1137.83L433.397 1137.63C433.499 1138.04 433.735 1138.37 434.104 1138.61C434.472 1138.85 434.93 1138.96 435.476 1138.96C435.994 1138.96 436.4 1138.86 436.694 1138.64C436.988 1138.43 437.135 1138.14 437.135 1137.77C437.135 1137.55 437.086 1137.38 436.988 1137.25C436.89 1137.11 436.687 1136.99 436.379 1136.87C436.075 1136.76 435.616 1136.62 435 1136.45C434.332 1136.27 433.807 1136.09 433.425 1135.9C433.042 1135.71 432.769 1135.49 432.606 1135.23C432.442 1134.98 432.361 1134.68 432.361 1134.32C432.361 1133.87 432.482 1133.49 432.725 1133.15C432.967 1132.82 433.306 1132.56 433.74 1132.38C434.178 1132.2 434.687 1132.1 435.266 1132.1C435.84 1132.1 436.353 1132.2 436.806 1132.38C437.258 1132.56 437.622 1132.82 437.898 1133.15C438.178 1133.49 438.343 1133.87 438.395 1134.32L437.121 1134.55C437.06 1134.14 436.864 1133.82 436.533 1133.59C436.206 1133.36 435.784 1133.23 435.266 1133.22C434.776 1133.2 434.377 1133.29 434.069 1133.48C433.765 1133.67 433.614 1133.93 433.614 1134.25C433.614 1134.44 433.67 1134.59 433.782 1134.72C433.898 1134.85 434.111 1134.98 434.419 1135.09C434.731 1135.21 435.184 1135.34 435.777 1135.49C436.444 1135.66 436.969 1135.85 437.352 1136.05C437.739 1136.24 438.014 1136.48 438.178 1136.75C438.341 1137.01 438.423 1137.34 438.423 1137.73C438.423 1138.46 438.154 1139.03 437.618 1139.45C437.081 1139.87 436.341 1140.08 435.399 1140.08ZM443.49 1139.88V1131.9C443.49 1131.71 443.499 1131.51 443.518 1131.31C443.537 1131.1 443.579 1130.9 443.644 1130.71C443.709 1130.52 443.817 1130.34 443.966 1130.17C444.139 1129.98 444.328 1129.85 444.533 1129.77C444.738 1129.68 444.946 1129.63 445.156 1129.61C445.371 1129.59 445.574 1129.58 445.765 1129.58H446.724V1130.62H445.835C445.466 1130.62 445.191 1130.71 445.009 1130.89C444.827 1131.07 444.736 1131.34 444.736 1131.71V1139.88H443.49ZM442.209 1133.34V1132.31H446.724V1133.34H442.209ZM450.788 1140.09C450.037 1140.09 449.388 1139.91 448.842 1139.57C448.301 1139.23 447.883 1138.76 447.589 1138.16C447.295 1137.56 447.148 1136.87 447.148 1136.09C447.148 1135.29 447.297 1134.6 447.596 1134C447.895 1133.4 448.317 1132.94 448.863 1132.61C449.409 1132.27 450.051 1132.1 450.788 1132.1C451.544 1132.1 452.195 1132.28 452.741 1132.62C453.287 1132.95 453.705 1133.42 453.994 1134.02C454.288 1134.62 454.435 1135.31 454.435 1136.09C454.435 1136.88 454.288 1137.57 453.994 1138.17C453.7 1138.77 453.28 1139.24 452.734 1139.58C452.188 1139.92 451.539 1140.09 450.788 1140.09ZM450.788 1138.9C451.572 1138.9 452.155 1138.64 452.538 1138.12C452.921 1137.6 453.112 1136.92 453.112 1136.09C453.112 1135.23 452.918 1134.55 452.531 1134.05C452.144 1133.54 451.563 1133.29 450.788 1133.29C450.261 1133.29 449.827 1133.41 449.486 1133.64C449.145 1133.88 448.891 1134.21 448.723 1134.63C448.555 1135.05 448.471 1135.54 448.471 1136.09C448.471 1136.94 448.667 1137.62 449.059 1138.13C449.451 1138.65 450.027 1138.9 450.788 1138.9ZM455.976 1139.88V1132.31H457.089V1134.14L456.907 1133.9C456.996 1133.67 457.11 1133.46 457.25 1133.26C457.395 1133.06 457.556 1132.9 457.733 1132.78C457.929 1132.62 458.151 1132.5 458.398 1132.41C458.645 1132.33 458.897 1132.28 459.154 1132.27C459.411 1132.25 459.651 1132.26 459.875 1132.31V1133.48C459.614 1133.41 459.327 1133.4 459.014 1133.43C458.701 1133.46 458.412 1133.57 458.146 1133.77C457.903 1133.94 457.714 1134.15 457.579 1134.4C457.448 1134.65 457.357 1134.92 457.306 1135.21C457.255 1135.49 457.229 1135.78 457.229 1136.08V1139.88H455.976ZM467.438 1140.09C466.799 1140.09 466.218 1139.93 465.695 1139.62C465.177 1139.31 464.764 1138.89 464.456 1138.36C464.153 1137.83 464.001 1137.22 464.001 1136.55V1133.2C464.001 1132.49 464.153 1131.87 464.456 1131.33C464.764 1130.78 465.184 1130.36 465.716 1130.05C466.253 1129.75 466.864 1129.59 467.55 1129.59C468.106 1129.59 468.621 1129.71 469.097 1129.93C469.578 1130.16 469.982 1130.48 470.308 1130.91L469.377 1131.73C469.177 1131.44 468.915 1131.21 468.593 1131.03C468.271 1130.86 467.924 1130.77 467.55 1130.77C467.107 1130.77 466.713 1130.88 466.367 1131.1C466.027 1131.31 465.758 1131.59 465.562 1131.94C465.366 1132.28 465.268 1132.66 465.268 1133.06V1135.08L464.995 1134.77C465.289 1134.35 465.663 1134.02 466.115 1133.76C466.568 1133.51 467.058 1133.39 467.585 1133.39C468.211 1133.39 468.771 1133.53 469.265 1133.83C469.765 1134.12 470.157 1134.52 470.441 1135.02C470.731 1135.52 470.875 1136.09 470.875 1136.71C470.875 1137.34 470.719 1137.9 470.406 1138.41C470.094 1138.92 469.676 1139.33 469.153 1139.63C468.635 1139.93 468.064 1140.09 467.438 1140.09ZM467.438 1138.88C467.84 1138.88 468.206 1138.79 468.537 1138.59C468.869 1138.4 469.13 1138.14 469.321 1137.81C469.517 1137.48 469.615 1137.11 469.615 1136.71C469.615 1136.31 469.517 1135.94 469.321 1135.61C469.13 1135.28 468.869 1135.02 468.537 1134.83C468.211 1134.63 467.847 1134.53 467.445 1134.53C467.044 1134.53 466.678 1134.63 466.346 1134.83C466.02 1135.02 465.758 1135.28 465.562 1135.61C465.366 1135.94 465.268 1136.31 465.268 1136.71C465.268 1137.11 465.364 1137.47 465.555 1137.8C465.751 1138.13 466.013 1138.39 466.339 1138.59C466.671 1138.78 467.037 1138.88 467.438 1138.88ZM477.051 1139.88V1138.02H472.417V1136.84L475.742 1129.79H477.156L473.831 1136.84H477.051V1134H478.311V1136.84H479.361V1138.02H478.311V1139.88H477.051ZM482.157 1139.88L481.317 1139.03L490.571 1129.79L491.411 1130.63L482.157 1139.88ZM489.311 1140.09C488.849 1140.09 488.426 1139.97 488.044 1139.75C487.666 1139.52 487.362 1139.22 487.134 1138.84C486.905 1138.46 486.791 1138.03 486.791 1137.56C486.791 1137.11 486.907 1136.69 487.141 1136.3C487.374 1135.92 487.682 1135.62 488.065 1135.39C488.447 1135.16 488.863 1135.04 489.311 1135.04C489.773 1135.04 490.195 1135.16 490.578 1135.39C490.96 1135.61 491.264 1135.92 491.488 1136.3C491.716 1136.68 491.831 1137.1 491.831 1137.56C491.831 1138.03 491.716 1138.46 491.488 1138.84C491.264 1139.22 490.96 1139.52 490.578 1139.75C490.195 1139.97 489.773 1140.09 489.311 1140.09ZM489.311 1138.99C489.567 1138.99 489.803 1138.92 490.018 1138.79C490.237 1138.66 490.41 1138.49 490.536 1138.27C490.666 1138.06 490.732 1137.82 490.732 1137.56C490.732 1137.31 490.666 1137.07 490.536 1136.86C490.41 1136.64 490.237 1136.47 490.018 1136.34C489.803 1136.21 489.567 1136.14 489.311 1136.14C489.054 1136.14 488.818 1136.21 488.604 1136.34C488.389 1136.47 488.216 1136.64 488.086 1136.86C487.955 1137.07 487.89 1137.31 487.89 1137.56C487.89 1137.82 487.955 1138.06 488.086 1138.27C488.216 1138.49 488.389 1138.66 488.604 1138.79C488.818 1138.92 489.054 1138.99 489.311 1138.99ZM483.417 1134.62C482.955 1134.62 482.532 1134.51 482.15 1134.29C481.767 1134.06 481.461 1133.76 481.233 1133.38C481.009 1133 480.897 1132.57 480.897 1132.1C480.897 1131.65 481.013 1131.23 481.247 1130.84C481.48 1130.46 481.788 1130.16 482.171 1129.93C482.553 1129.7 482.969 1129.58 483.417 1129.58C483.879 1129.58 484.299 1129.7 484.677 1129.93C485.059 1130.15 485.365 1130.46 485.594 1130.84C485.822 1131.22 485.937 1131.64 485.937 1132.1C485.937 1132.57 485.822 1133 485.594 1133.38C485.365 1133.76 485.059 1134.06 484.677 1134.29C484.299 1134.51 483.879 1134.62 483.417 1134.62ZM483.417 1133.53C483.673 1133.53 483.909 1133.46 484.124 1133.33C484.343 1133.2 484.516 1133.03 484.642 1132.81C484.772 1132.6 484.838 1132.36 484.838 1132.1C484.838 1131.85 484.772 1131.61 484.642 1131.4C484.516 1131.18 484.343 1131.01 484.124 1130.88C483.909 1130.75 483.673 1130.68 483.417 1130.68C483.16 1130.68 482.924 1130.75 482.71 1130.88C482.495 1131.01 482.322 1131.18 482.192 1131.4C482.061 1131.61 481.996 1131.85 481.996 1132.1C481.996 1132.36 482.061 1132.6 482.192 1132.81C482.322 1133.03 482.495 1133.2 482.71 1133.33C482.924 1133.46 483.16 1133.53 483.417 1133.53ZM499.679 1140.09C498.927 1140.09 498.279 1139.91 497.733 1139.57C497.191 1139.23 496.774 1138.76 496.48 1138.16C496.186 1137.56 496.039 1136.87 496.039 1136.09C496.039 1135.29 496.188 1134.6 496.487 1134C496.785 1133.4 497.208 1132.94 497.754 1132.61C498.3 1132.27 498.941 1132.1 499.679 1132.1C500.435 1132.1 501.086 1132.28 501.632 1132.62C502.178 1132.95 502.595 1133.42 502.885 1134.02C503.179 1134.62 503.326 1135.31 503.326 1136.09C503.326 1136.88 503.179 1137.57 502.885 1138.17C502.591 1138.77 502.171 1139.24 501.625 1139.58C501.079 1139.92 500.43 1140.09 499.679 1140.09ZM499.679 1138.9C500.463 1138.9 501.046 1138.64 501.429 1138.12C501.811 1137.6 502.003 1136.92 502.003 1136.09C502.003 1135.23 501.809 1134.55 501.422 1134.05C501.034 1133.54 500.453 1133.29 499.679 1133.29C499.151 1133.29 498.717 1133.41 498.377 1133.64C498.036 1133.88 497.782 1134.21 497.614 1134.63C497.446 1135.05 497.362 1135.54 497.362 1136.09C497.362 1136.94 497.558 1137.62 497.95 1138.13C498.342 1138.65 498.918 1138.9 499.679 1138.9ZM505.588 1139.88V1131.9C505.588 1131.71 505.597 1131.51 505.616 1131.31C505.634 1131.1 505.676 1130.9 505.742 1130.71C505.807 1130.52 505.914 1130.34 506.064 1130.17C506.236 1129.98 506.425 1129.85 506.631 1129.77C506.836 1129.68 507.044 1129.63 507.254 1129.61C507.468 1129.59 507.671 1129.58 507.863 1129.58H508.822V1130.62H507.933C507.564 1130.62 507.289 1130.71 507.107 1130.89C506.925 1131.07 506.834 1131.34 506.834 1131.71V1139.88H505.588ZM504.307 1133.34V1132.31H508.822V1133.34H504.307ZM513.792 1143.24L515.255 1139.26L515.276 1140.44L511.972 1132.31H513.281L515.871 1138.85H515.423L517.852 1132.31H519.119L515.003 1143.24H513.792ZM523.221 1140.09C522.47 1140.09 521.821 1139.91 521.275 1139.57C520.734 1139.23 520.316 1138.76 520.022 1138.16C519.728 1137.56 519.581 1136.87 519.581 1136.09C519.581 1135.29 519.731 1134.6 520.029 1134C520.328 1133.4 520.75 1132.94 521.296 1132.61C521.842 1132.27 522.484 1132.1 523.221 1132.1C523.977 1132.1 524.628 1132.28 525.174 1132.62C525.72 1132.95 526.138 1133.42 526.427 1134.02C526.721 1134.62 526.868 1135.31 526.868 1136.09C526.868 1136.88 526.721 1137.57 526.427 1138.17C526.133 1138.77 525.713 1139.24 525.167 1139.58C524.621 1139.92 523.973 1140.09 523.221 1140.09ZM523.221 1138.9C524.005 1138.9 524.589 1138.64 524.971 1138.12C525.354 1137.6 525.545 1136.92 525.545 1136.09C525.545 1135.23 525.352 1134.55 524.964 1134.05C524.577 1133.54 523.996 1133.29 523.221 1133.29C522.694 1133.29 522.26 1133.41 521.919 1133.64C521.579 1133.88 521.324 1134.21 521.156 1134.63C520.988 1135.05 520.904 1135.54 520.904 1136.09C520.904 1136.94 521.1 1137.62 521.492 1138.13C521.884 1138.65 522.461 1138.9 523.221 1138.9ZM531.28 1140.07C530.794 1140.07 530.377 1139.99 530.027 1139.84C529.681 1139.69 529.394 1139.48 529.166 1139.22C528.937 1138.97 528.757 1138.68 528.627 1138.37C528.496 1138.06 528.403 1137.74 528.347 1137.41C528.295 1137.08 528.27 1136.78 528.27 1136.49V1132.31H529.53V1136.1C529.53 1136.46 529.562 1136.8 529.628 1137.13C529.693 1137.46 529.803 1137.76 529.957 1138.03C530.115 1138.29 530.325 1138.5 530.587 1138.66C530.853 1138.81 531.184 1138.89 531.581 1138.89C531.893 1138.89 532.178 1138.83 532.435 1138.73C532.691 1138.62 532.911 1138.46 533.093 1138.25C533.275 1138.04 533.415 1137.77 533.513 1137.44C533.611 1137.11 533.66 1136.73 533.66 1136.3L534.479 1136.55C534.479 1137.28 534.346 1137.91 534.08 1138.43C533.818 1138.96 533.447 1139.37 532.967 1139.65C532.491 1139.93 531.928 1140.07 531.28 1140.07ZM533.8 1139.88V1137.85H533.66V1132.31H534.913V1139.88H533.8ZM536.873 1139.88V1132.31H537.986V1134.14L537.804 1133.9C537.892 1133.67 538.007 1133.46 538.147 1133.26C538.291 1133.06 538.452 1132.9 538.63 1132.78C538.826 1132.62 539.047 1132.5 539.295 1132.41C539.542 1132.33 539.794 1132.28 540.051 1132.27C540.307 1132.25 540.548 1132.26 540.772 1132.31V1133.48C540.51 1133.41 540.223 1133.4 539.911 1133.43C539.598 1133.46 539.309 1133.57 539.043 1133.77C538.8 1133.94 538.611 1134.15 538.476 1134.4C538.345 1134.65 538.254 1134.92 538.203 1135.21C538.151 1135.49 538.126 1135.78 538.126 1136.08V1139.88H536.873ZM553.935 1139.88L553.942 1135.04C553.942 1134.47 553.79 1134.03 553.487 1133.71C553.188 1133.39 552.799 1133.23 552.318 1133.23C552.038 1133.23 551.772 1133.3 551.52 1133.43C551.268 1133.55 551.063 1133.75 550.904 1134.03C550.745 1134.3 550.666 1134.65 550.666 1135.07L550.008 1134.81C549.999 1134.27 550.108 1133.8 550.337 1133.4C550.57 1132.99 550.888 1132.68 551.289 1132.45C551.69 1132.23 552.143 1132.12 552.647 1132.12C553.436 1132.12 554.056 1132.36 554.509 1132.84C554.962 1133.32 555.188 1133.96 555.188 1134.76L555.181 1139.88H553.935ZM544.891 1139.88V1132.31H546.004V1134.34H546.144V1139.88H544.891ZM549.42 1139.88L549.427 1135.09C549.427 1134.51 549.278 1134.06 548.979 1133.73C548.68 1133.4 548.284 1133.23 547.789 1133.23C547.299 1133.23 546.902 1133.4 546.599 1133.74C546.296 1134.07 546.144 1134.52 546.144 1135.07L545.486 1134.68C545.486 1134.19 545.603 1133.75 545.836 1133.36C546.069 1132.98 546.387 1132.67 546.788 1132.45C547.189 1132.23 547.644 1132.12 548.153 1132.12C548.662 1132.12 549.105 1132.23 549.483 1132.44C549.861 1132.66 550.153 1132.96 550.358 1133.36C550.563 1133.76 550.666 1134.24 550.666 1134.79L550.659 1139.88H549.42ZM560.163 1140.09C559.412 1140.09 558.763 1139.91 558.217 1139.57C557.676 1139.23 557.258 1138.76 556.964 1138.16C556.67 1137.56 556.523 1136.87 556.523 1136.09C556.523 1135.29 556.672 1134.6 556.971 1134C557.27 1133.4 557.692 1132.94 558.238 1132.61C558.784 1132.27 559.426 1132.1 560.163 1132.1C560.919 1132.1 561.57 1132.28 562.116 1132.62C562.662 1132.95 563.08 1133.42 563.369 1134.02C563.663 1134.62 563.81 1135.31 563.81 1136.09C563.81 1136.88 563.663 1137.57 563.369 1138.17C563.075 1138.77 562.655 1139.24 562.109 1139.58C561.563 1139.92 560.914 1140.09 560.163 1140.09ZM560.163 1138.9C560.947 1138.9 561.53 1138.64 561.913 1138.12C562.296 1137.6 562.487 1136.92 562.487 1136.09C562.487 1135.23 562.293 1134.55 561.906 1134.05C561.519 1133.54 560.938 1133.29 560.163 1133.29C559.636 1133.29 559.202 1133.41 558.861 1133.64C558.52 1133.88 558.266 1134.21 558.098 1134.63C557.93 1135.05 557.846 1135.54 557.846 1136.09C557.846 1136.94 558.042 1137.62 558.434 1138.13C558.826 1138.65 559.402 1138.9 560.163 1138.9ZM570.734 1139.88V1136.09C570.734 1135.73 570.701 1135.38 570.636 1135.05C570.575 1134.72 570.466 1134.42 570.307 1134.16C570.153 1133.9 569.943 1133.69 569.677 1133.53C569.416 1133.38 569.084 1133.3 568.683 1133.3C568.37 1133.3 568.086 1133.36 567.829 1133.46C567.577 1133.57 567.36 1133.72 567.178 1133.94C566.996 1134.15 566.854 1134.42 566.751 1134.75C566.653 1135.07 566.604 1135.45 566.604 1135.89L565.785 1135.64C565.785 1134.91 565.916 1134.28 566.177 1133.76C566.443 1133.23 566.814 1132.83 567.29 1132.55C567.771 1132.26 568.335 1132.12 568.984 1132.12C569.474 1132.12 569.892 1132.2 570.237 1132.35C570.582 1132.5 570.869 1132.71 571.098 1132.97C571.327 1133.22 571.506 1133.5 571.637 1133.82C571.768 1134.13 571.859 1134.45 571.91 1134.78C571.966 1135.1 571.994 1135.41 571.994 1135.7V1139.88H570.734ZM565.344 1139.88V1132.31H566.464V1134.34H566.604V1139.88H565.344ZM578.035 1139.88C577.587 1139.96 577.144 1140 576.705 1139.98C576.271 1139.97 575.884 1139.88 575.543 1139.72C575.202 1139.56 574.943 1139.31 574.766 1138.96C574.617 1138.67 574.535 1138.37 574.521 1138.06C574.512 1137.75 574.507 1137.41 574.507 1137.02V1130.21H575.753V1136.96C575.753 1137.27 575.755 1137.53 575.76 1137.75C575.769 1137.97 575.818 1138.16 575.907 1138.32C576.075 1138.62 576.341 1138.79 576.705 1138.85C577.074 1138.9 577.517 1138.88 578.035 1138.8V1139.88ZM572.974 1133.34V1132.31H578.035V1133.34H572.974ZM584.953 1139.88V1136.09C584.953 1135.73 584.92 1135.38 584.855 1135.05C584.794 1134.72 584.685 1134.42 584.526 1134.16C584.372 1133.9 584.162 1133.69 583.896 1133.53C583.635 1133.38 583.303 1133.3 582.902 1133.3C582.589 1133.3 582.305 1133.36 582.048 1133.46C581.796 1133.57 581.579 1133.72 581.397 1133.94C581.215 1134.15 581.073 1134.42 580.97 1134.75C580.872 1135.07 580.823 1135.45 580.823 1135.89L580.004 1135.64C580.004 1134.91 580.135 1134.28 580.396 1133.76C580.662 1133.23 581.033 1132.83 581.509 1132.55C581.99 1132.26 582.554 1132.12 583.203 1132.12C583.693 1132.12 584.111 1132.2 584.456 1132.35C584.801 1132.5 585.088 1132.71 585.317 1132.97C585.546 1133.22 585.725 1133.5 585.856 1133.82C585.987 1134.13 586.078 1134.45 586.129 1134.78C586.185 1135.1 586.213 1135.41 586.213 1135.7V1139.88H584.953ZM579.563 1139.88V1129.79H580.683V1135.36H580.823V1139.88H579.563ZM588.173 1139.88V1129.58H589.419V1139.88H588.173ZM592.569 1143.24L594.032 1139.26L594.053 1140.44L590.749 1132.31H592.058L594.648 1138.85H594.2L596.629 1132.31H597.896L593.78 1143.24H592.569ZM601.855 1139.88V1132.31H602.968V1134.14L602.786 1133.9C602.875 1133.67 602.989 1133.46 603.129 1133.26C603.274 1133.06 603.435 1132.9 603.612 1132.78C603.808 1132.62 604.03 1132.5 604.277 1132.41C604.524 1132.33 604.776 1132.28 605.033 1132.27C605.29 1132.25 605.53 1132.26 605.754 1132.31V1133.48C605.493 1133.41 605.206 1133.4 604.893 1133.43C604.58 1133.46 604.291 1133.57 604.025 1133.77C603.782 1133.94 603.593 1134.15 603.458 1134.4C603.327 1134.65 603.236 1134.92 603.185 1135.21C603.134 1135.49 603.108 1135.78 603.108 1136.08V1139.88H601.855ZM610.217 1140.09C609.475 1140.09 608.826 1139.92 608.271 1139.59C607.72 1139.26 607.291 1138.8 606.983 1138.22C606.675 1137.62 606.521 1136.93 606.521 1136.14C606.521 1135.32 606.673 1134.6 606.976 1134C607.279 1133.4 607.702 1132.93 608.243 1132.6C608.789 1132.27 609.428 1132.1 610.161 1132.1C610.922 1132.1 611.568 1132.28 612.1 1132.63C612.637 1132.98 613.038 1133.48 613.304 1134.13C613.575 1134.78 613.691 1135.55 613.654 1136.44H612.394V1136C612.38 1135.07 612.191 1134.38 611.827 1133.92C611.463 1133.46 610.922 1133.22 610.203 1133.22C609.433 1133.22 608.847 1133.47 608.446 1133.97C608.045 1134.46 607.844 1135.17 607.844 1136.09C607.844 1136.99 608.045 1137.68 608.446 1138.17C608.847 1138.66 609.419 1138.9 610.161 1138.9C610.66 1138.9 611.094 1138.79 611.463 1138.56C611.832 1138.33 612.121 1138 612.331 1137.57L613.528 1137.98C613.234 1138.65 612.791 1139.17 612.198 1139.54C611.61 1139.9 610.95 1140.09 610.217 1140.09ZM607.424 1136.44V1135.44H613.01V1136.44H607.424ZM616.983 1139.88L614.239 1132.31H615.499L617.62 1138.29L619.734 1132.31H621.001L618.257 1139.88H616.983ZM625.27 1140.09C624.528 1140.09 623.879 1139.92 623.324 1139.59C622.773 1139.26 622.344 1138.8 622.036 1138.22C621.728 1137.62 621.574 1136.93 621.574 1136.14C621.574 1135.32 621.725 1134.6 622.029 1134C622.332 1133.4 622.754 1132.93 623.296 1132.6C623.842 1132.27 624.481 1132.1 625.214 1132.1C625.974 1132.1 626.621 1132.28 627.153 1132.63C627.689 1132.98 628.091 1133.48 628.357 1134.13C628.627 1134.78 628.744 1135.55 628.707 1136.44H627.447V1136C627.433 1135.07 627.244 1134.38 626.88 1133.92C626.516 1133.46 625.974 1133.22 625.256 1133.22C624.486 1133.22 623.9 1133.47 623.499 1133.97C623.097 1134.46 622.897 1135.17 622.897 1136.09C622.897 1136.99 623.097 1137.68 623.499 1138.17C623.9 1138.66 624.472 1138.9 625.214 1138.9C625.713 1138.9 626.147 1138.79 626.516 1138.56C626.884 1138.33 627.174 1138 627.384 1137.57L628.581 1137.98C628.287 1138.65 627.843 1139.17 627.251 1139.54C626.663 1139.9 626.002 1140.09 625.27 1140.09ZM622.477 1136.44V1135.44H628.063V1136.44H622.477ZM635.443 1139.88V1136.09C635.443 1135.73 635.41 1135.38 635.345 1135.05C635.284 1134.72 635.175 1134.42 635.016 1134.16C634.862 1133.9 634.652 1133.69 634.386 1133.53C634.125 1133.38 633.793 1133.3 633.392 1133.3C633.079 1133.3 632.795 1133.36 632.538 1133.46C632.286 1133.57 632.069 1133.72 631.887 1133.94C631.705 1134.15 631.563 1134.42 631.46 1134.75C631.362 1135.07 631.313 1135.45 631.313 1135.89L630.494 1135.64C630.494 1134.91 630.625 1134.28 630.886 1133.76C631.152 1133.23 631.523 1132.83 631.999 1132.55C632.48 1132.26 633.044 1132.12 633.693 1132.12C634.183 1132.12 634.601 1132.2 634.946 1132.35C635.291 1132.5 635.578 1132.71 635.807 1132.97C636.036 1133.22 636.215 1133.5 636.346 1133.82C636.477 1134.13 636.568 1134.45 636.619 1134.78C636.675 1135.1 636.703 1135.41 636.703 1135.7V1139.88H635.443ZM630.053 1139.88V1132.31H631.173V1134.34H631.313V1139.88H630.053ZM641.393 1140.07C640.908 1140.07 640.49 1139.99 640.14 1139.84C639.795 1139.69 639.508 1139.48 639.279 1139.22C639.05 1138.97 638.871 1138.68 638.74 1138.37C638.609 1138.06 638.516 1137.74 638.46 1137.41C638.409 1137.08 638.383 1136.78 638.383 1136.49V1132.31H639.643V1136.1C639.643 1136.46 639.676 1136.8 639.741 1137.13C639.806 1137.46 639.916 1137.76 640.07 1138.03C640.229 1138.29 640.439 1138.5 640.7 1138.66C640.966 1138.81 641.297 1138.89 641.694 1138.89C642.007 1138.89 642.291 1138.83 642.548 1138.73C642.805 1138.62 643.024 1138.46 643.206 1138.25C643.388 1138.04 643.528 1137.77 643.626 1137.44C643.724 1137.11 643.773 1136.73 643.773 1136.3L644.592 1136.55C644.592 1137.28 644.459 1137.91 644.193 1138.43C643.932 1138.96 643.561 1139.37 643.08 1139.65C642.604 1139.93 642.042 1140.07 641.393 1140.07ZM643.913 1139.88V1137.85H643.773V1132.31H645.026V1139.88H643.913ZM650.262 1140.09C649.52 1140.09 648.871 1139.92 648.316 1139.59C647.765 1139.26 647.336 1138.8 647.028 1138.22C646.72 1137.62 646.566 1136.93 646.566 1136.14C646.566 1135.32 646.718 1134.6 647.021 1134C647.324 1133.4 647.747 1132.93 648.288 1132.6C648.834 1132.27 649.473 1132.1 650.206 1132.1C650.967 1132.1 651.613 1132.28 652.145 1132.63C652.682 1132.98 653.083 1133.48 653.349 1134.13C653.62 1134.78 653.736 1135.55 653.699 1136.44H652.439V1136C652.425 1135.07 652.236 1134.38 651.872 1133.92C651.508 1133.46 650.967 1133.22 650.248 1133.22C649.478 1133.22 648.892 1133.47 648.491 1133.97C648.09 1134.46 647.889 1135.17 647.889 1136.09C647.889 1136.99 648.09 1137.68 648.491 1138.17C648.892 1138.66 649.464 1138.9 650.206 1138.9C650.705 1138.9 651.139 1138.79 651.508 1138.56C651.877 1138.33 652.166 1138 652.376 1137.57L653.573 1137.98C653.279 1138.65 652.836 1139.17 652.243 1139.54C651.655 1139.9 650.995 1140.09 650.262 1140.09ZM647.469 1136.44V1135.44H653.055V1136.44H647.469ZM655.208 1139.88V1138.5H656.58V1139.88H655.208ZM661.56 1139.88V1129.79H662.806V1134.53L667.216 1129.79H668.784L664.206 1134.69L669.141 1139.88H667.531L662.806 1134.95V1139.88H661.56ZM672.834 1140.09C672.092 1140.09 671.443 1139.92 670.888 1139.59C670.337 1139.26 669.908 1138.8 669.6 1138.22C669.292 1137.62 669.138 1136.93 669.138 1136.14C669.138 1135.32 669.29 1134.6 669.593 1134C669.896 1133.4 670.319 1132.93 670.86 1132.6C671.406 1132.27 672.045 1132.1 672.778 1132.1C673.539 1132.1 674.185 1132.28 674.717 1132.63C675.254 1132.98 675.655 1133.48 675.921 1134.13C676.192 1134.78 676.308 1135.55 676.271 1136.44H675.011V1136C674.997 1135.07 674.808 1134.38 674.444 1133.92C674.08 1133.46 673.539 1133.22 672.82 1133.22C672.05 1133.22 671.464 1133.47 671.063 1133.97C670.662 1134.46 670.461 1135.17 670.461 1136.09C670.461 1136.99 670.662 1137.68 671.063 1138.17C671.464 1138.66 672.036 1138.9 672.778 1138.9C673.277 1138.9 673.711 1138.79 674.08 1138.56C674.449 1138.33 674.738 1138 674.948 1137.57L676.145 1137.98C675.851 1138.65 675.408 1139.17 674.815 1139.54C674.227 1139.9 673.567 1140.09 672.834 1140.09ZM670.041 1136.44V1135.44H675.627V1136.44H670.041ZM681.106 1140.09C680.364 1140.09 679.715 1139.92 679.16 1139.59C678.609 1139.26 678.18 1138.8 677.872 1138.22C677.564 1137.62 677.41 1136.93 677.41 1136.14C677.41 1135.32 677.561 1134.6 677.865 1134C678.168 1133.4 678.59 1132.93 679.132 1132.6C679.678 1132.27 680.317 1132.1 681.05 1132.1C681.81 1132.1 682.457 1132.28 682.989 1132.63C683.525 1132.98 683.927 1133.48 684.193 1134.13C684.463 1134.78 684.58 1135.55 684.543 1136.44H683.283V1136C683.269 1135.07 683.08 1134.38 682.716 1133.92C682.352 1133.46 681.81 1133.22 681.092 1133.22C680.322 1133.22 679.736 1133.47 679.335 1133.97C678.933 1134.46 678.733 1135.17 678.733 1136.09C678.733 1136.99 678.933 1137.68 679.335 1138.17C679.736 1138.66 680.308 1138.9 681.05 1138.9C681.549 1138.9 681.983 1138.79 682.352 1138.56C682.72 1138.33 683.01 1138 683.22 1137.57L684.417 1137.98C684.123 1138.65 683.679 1139.17 683.087 1139.54C682.499 1139.9 681.838 1140.09 681.106 1140.09ZM678.313 1136.44V1135.44H683.899V1136.44H678.313ZM689.368 1140.09C688.659 1140.09 688.061 1139.91 687.576 1139.56C687.091 1139.21 686.722 1138.73 686.47 1138.12C686.223 1137.52 686.099 1136.84 686.099 1136.09C686.099 1135.33 686.223 1134.65 686.47 1134.04C686.722 1133.44 687.091 1132.97 687.576 1132.62C688.066 1132.28 688.666 1132.1 689.375 1132.1C690.075 1132.1 690.677 1132.28 691.181 1132.63C691.69 1132.98 692.079 1133.45 692.35 1134.05C692.621 1134.65 692.756 1135.33 692.756 1136.09C692.756 1136.84 692.621 1137.52 692.35 1138.12C692.079 1138.73 691.69 1139.21 691.181 1139.56C690.677 1139.91 690.073 1140.09 689.368 1140.09ZM685.889 1143.24V1132.31H687.002V1137.88H687.142V1143.24H685.889ZM689.214 1138.94C689.713 1138.94 690.126 1138.82 690.453 1138.57C690.78 1138.31 691.025 1137.97 691.188 1137.54C691.351 1137.11 691.433 1136.62 691.433 1136.09C691.433 1135.56 691.351 1135.08 691.188 1134.65C691.029 1134.22 690.782 1133.88 690.446 1133.62C690.115 1133.37 689.692 1133.25 689.179 1133.25C688.689 1133.25 688.283 1133.37 687.961 1133.61C687.639 1133.85 687.399 1134.18 687.24 1134.61C687.081 1135.04 687.002 1135.53 687.002 1136.09C687.002 1136.64 687.079 1137.13 687.233 1137.56C687.392 1137.99 687.634 1138.33 687.961 1138.58C688.288 1138.82 688.705 1138.94 689.214 1138.94ZM701.314 1139.88C700.866 1139.96 700.423 1140 699.984 1139.98C699.55 1139.97 699.163 1139.88 698.822 1139.72C698.482 1139.56 698.223 1139.31 698.045 1138.96C697.896 1138.67 697.814 1138.37 697.8 1138.06C697.791 1137.75 697.786 1137.41 697.786 1137.02V1130.21H699.032V1136.96C699.032 1137.27 699.035 1137.53 699.039 1137.75C699.049 1137.97 699.098 1138.16 699.186 1138.32C699.354 1138.62 699.62 1138.79 699.984 1138.85C700.353 1138.9 700.796 1138.88 701.314 1138.8V1139.88ZM696.253 1133.34V1132.31H701.314V1133.34H696.253ZM708.232 1139.88V1136.09C708.232 1135.73 708.199 1135.38 708.134 1135.05C708.073 1134.72 707.964 1134.42 707.805 1134.16C707.651 1133.9 707.441 1133.69 707.175 1133.53C706.914 1133.38 706.582 1133.3 706.181 1133.3C705.868 1133.3 705.584 1133.36 705.327 1133.46C705.075 1133.57 704.858 1133.72 704.676 1133.94C704.494 1134.15 704.352 1134.42 704.249 1134.75C704.151 1135.07 704.102 1135.45 704.102 1135.89L703.283 1135.64C703.283 1134.91 703.414 1134.28 703.675 1133.76C703.941 1133.23 704.312 1132.83 704.788 1132.55C705.269 1132.26 705.833 1132.12 706.482 1132.12C706.972 1132.12 707.39 1132.2 707.735 1132.35C708.08 1132.5 708.367 1132.71 708.596 1132.97C708.825 1133.22 709.004 1133.5 709.135 1133.82C709.266 1134.13 709.357 1134.45 709.408 1134.78C709.464 1135.1 709.492 1135.41 709.492 1135.7V1139.88H708.232ZM702.842 1139.88V1129.79H703.962V1135.36H704.102V1139.88H702.842ZM714.588 1140.09C713.846 1140.09 713.197 1139.92 712.642 1139.59C712.091 1139.26 711.662 1138.8 711.354 1138.22C711.046 1137.62 710.892 1136.93 710.892 1136.14C710.892 1135.32 711.044 1134.6 711.347 1134C711.65 1133.4 712.073 1132.93 712.614 1132.6C713.16 1132.27 713.799 1132.1 714.532 1132.1C715.293 1132.1 715.939 1132.28 716.471 1132.63C717.008 1132.98 717.409 1133.48 717.675 1134.13C717.946 1134.78 718.062 1135.55 718.025 1136.44H716.765V1136C716.751 1135.07 716.562 1134.38 716.198 1133.92C715.834 1133.46 715.293 1133.22 714.574 1133.22C713.804 1133.22 713.218 1133.47 712.817 1133.97C712.416 1134.46 712.215 1135.17 712.215 1136.09C712.215 1136.99 712.416 1137.68 712.817 1138.17C713.218 1138.66 713.79 1138.9 714.532 1138.9C715.031 1138.9 715.465 1138.79 715.834 1138.56C716.203 1138.33 716.492 1138 716.702 1137.57L717.899 1137.98C717.605 1138.65 717.162 1139.17 716.569 1139.54C715.981 1139.9 715.321 1140.09 714.588 1140.09ZM711.795 1136.44V1135.44H717.381V1136.44H711.795ZM731.423 1139.88L731.43 1135.04C731.43 1134.47 731.279 1134.03 730.975 1133.71C730.677 1133.39 730.287 1133.23 729.806 1133.23C729.526 1133.23 729.26 1133.3 729.008 1133.43C728.756 1133.55 728.551 1133.75 728.392 1134.03C728.234 1134.3 728.154 1134.65 728.154 1135.07L727.496 1134.81C727.487 1134.27 727.597 1133.8 727.825 1133.4C728.059 1132.99 728.376 1132.68 728.777 1132.45C729.179 1132.23 729.631 1132.12 730.135 1132.12C730.924 1132.12 731.545 1132.36 731.997 1132.84C732.45 1133.32 732.676 1133.96 732.676 1134.76L732.669 1139.88H731.423ZM722.379 1139.88V1132.31H723.492V1134.34H723.632V1139.88H722.379ZM726.908 1139.88L726.915 1135.09C726.915 1134.51 726.766 1134.06 726.467 1133.73C726.169 1133.4 725.772 1133.23 725.277 1133.23C724.787 1133.23 724.391 1133.4 724.087 1133.74C723.784 1134.07 723.632 1134.52 723.632 1135.07L722.974 1134.68C722.974 1134.19 723.091 1133.75 723.324 1133.36C723.558 1132.98 723.875 1132.67 724.276 1132.45C724.678 1132.23 725.133 1132.12 725.641 1132.12C726.15 1132.12 726.593 1132.23 726.971 1132.44C727.349 1132.66 727.641 1132.96 727.846 1133.36C728.052 1133.76 728.154 1134.24 728.154 1134.79L728.147 1139.88H726.908ZM737.651 1140.09C736.9 1140.09 736.251 1139.91 735.705 1139.57C735.164 1139.23 734.746 1138.76 734.452 1138.16C734.158 1137.56 734.011 1136.87 734.011 1136.09C734.011 1135.29 734.161 1134.6 734.459 1134C734.758 1133.4 735.18 1132.94 735.726 1132.61C736.272 1132.27 736.914 1132.1 737.651 1132.1C738.407 1132.1 739.058 1132.28 739.604 1132.62C740.15 1132.95 740.568 1133.42 740.857 1134.02C741.151 1134.62 741.298 1135.31 741.298 1136.09C741.298 1136.88 741.151 1137.57 740.857 1138.17C740.563 1138.77 740.143 1139.24 739.597 1139.58C739.051 1139.92 738.403 1140.09 737.651 1140.09ZM737.651 1138.9C738.435 1138.9 739.019 1138.64 739.401 1138.12C739.784 1137.6 739.975 1136.92 739.975 1136.09C739.975 1135.23 739.782 1134.55 739.394 1134.05C739.007 1133.54 738.426 1133.29 737.651 1133.29C737.124 1133.29 736.69 1133.41 736.349 1133.64C736.009 1133.88 735.754 1134.21 735.586 1134.63C735.418 1135.05 735.334 1135.54 735.334 1136.09C735.334 1136.94 735.53 1137.62 735.922 1138.13C736.314 1138.65 736.891 1138.9 737.651 1138.9ZM751.876 1139.88L751.883 1135.04C751.883 1134.47 751.732 1134.03 751.428 1133.71C751.13 1133.39 750.74 1133.23 750.259 1133.23C749.979 1133.23 749.713 1133.3 749.461 1133.43C749.209 1133.55 749.004 1133.75 748.845 1134.03C748.687 1134.3 748.607 1134.65 748.607 1135.07L747.949 1134.81C747.94 1134.27 748.05 1133.8 748.278 1133.4C748.512 1132.99 748.829 1132.68 749.23 1132.45C749.632 1132.23 750.084 1132.12 750.588 1132.12C751.377 1132.12 751.998 1132.36 752.45 1132.84C752.903 1133.32 753.129 1133.96 753.129 1134.76L753.122 1139.88H751.876ZM742.832 1139.88V1132.31H743.945V1134.34H744.085V1139.88H742.832ZM747.361 1139.88L747.368 1135.09C747.368 1134.51 747.219 1134.06 746.92 1133.73C746.622 1133.4 746.225 1133.23 745.73 1133.23C745.24 1133.23 744.844 1133.4 744.54 1133.74C744.237 1134.07 744.085 1134.52 744.085 1135.07L743.427 1134.68C743.427 1134.19 743.544 1133.75 743.777 1133.36C744.011 1132.98 744.328 1132.67 744.729 1132.45C745.131 1132.23 745.586 1132.12 746.094 1132.12C746.603 1132.12 747.046 1132.23 747.424 1132.44C747.802 1132.66 748.094 1132.96 748.299 1133.36C748.505 1133.76 748.607 1134.24 748.607 1134.79L748.6 1139.88H747.361ZM758.16 1140.09C757.418 1140.09 756.77 1139.92 756.214 1139.59C755.664 1139.26 755.234 1138.8 754.926 1138.22C754.618 1137.62 754.464 1136.93 754.464 1136.14C754.464 1135.32 754.616 1134.6 754.919 1134C755.223 1133.4 755.645 1132.93 756.186 1132.6C756.732 1132.27 757.372 1132.1 758.104 1132.1C758.865 1132.1 759.511 1132.28 760.043 1132.63C760.58 1132.98 760.981 1133.48 761.247 1134.13C761.518 1134.78 761.635 1135.55 761.597 1136.44H760.337V1136C760.323 1135.07 760.134 1134.38 759.77 1133.92C759.406 1133.46 758.865 1133.22 758.146 1133.22C757.376 1133.22 756.791 1133.47 756.389 1133.97C755.988 1134.46 755.787 1135.17 755.787 1136.09C755.787 1136.99 755.988 1137.68 756.389 1138.17C756.791 1138.66 757.362 1138.9 758.104 1138.9C758.604 1138.9 759.038 1138.79 759.406 1138.56C759.775 1138.33 760.064 1138 760.274 1137.57L761.471 1137.98C761.177 1138.65 760.734 1139.17 760.141 1139.54C759.553 1139.9 758.893 1140.09 758.16 1140.09ZM755.367 1136.44V1135.44H760.953V1136.44H755.367ZM768.334 1139.88V1136.09C768.334 1135.73 768.301 1135.38 768.236 1135.05C768.175 1134.72 768.065 1134.42 767.907 1134.16C767.753 1133.9 767.543 1133.69 767.277 1133.53C767.015 1133.38 766.684 1133.3 766.283 1133.3C765.97 1133.3 765.685 1133.36 765.429 1133.46C765.177 1133.57 764.96 1133.72 764.778 1133.94C764.596 1134.15 764.453 1134.42 764.351 1134.75C764.253 1135.07 764.204 1135.45 764.204 1135.89L763.385 1135.64C763.385 1134.91 763.515 1134.28 763.777 1133.76C764.043 1133.23 764.414 1132.83 764.89 1132.55C765.37 1132.26 765.935 1132.12 766.584 1132.12C767.074 1132.12 767.491 1132.2 767.837 1132.35C768.182 1132.5 768.469 1132.71 768.698 1132.97C768.926 1133.22 769.106 1133.5 769.237 1133.82C769.367 1134.13 769.458 1134.45 769.51 1134.78C769.566 1135.1 769.594 1135.41 769.594 1135.7V1139.88H768.334ZM762.944 1139.88V1132.31H764.064V1134.34H764.204V1139.88H762.944ZM775.635 1139.88C775.187 1139.96 774.743 1140 774.305 1139.98C773.871 1139.97 773.483 1139.88 773.143 1139.72C772.802 1139.56 772.543 1139.31 772.366 1138.96C772.216 1138.67 772.135 1138.37 772.121 1138.06C772.111 1137.75 772.107 1137.41 772.107 1137.02V1130.21H773.353V1136.96C773.353 1137.27 773.355 1137.53 773.36 1137.75C773.369 1137.97 773.418 1138.16 773.507 1138.32C773.675 1138.62 773.941 1138.79 774.305 1138.85C774.673 1138.9 775.117 1138.88 775.635 1138.8V1139.88ZM770.574 1133.34V1132.31H775.635V1133.34H770.574ZM780.039 1140.07C779.554 1140.07 779.136 1139.99 778.786 1139.84C778.441 1139.69 778.154 1139.48 777.925 1139.22C777.697 1138.97 777.517 1138.68 777.386 1138.37C777.256 1138.06 777.162 1137.74 777.106 1137.41C777.055 1137.08 777.029 1136.78 777.029 1136.49V1132.31H778.289V1136.1C778.289 1136.46 778.322 1136.8 778.387 1137.13C778.453 1137.46 778.562 1137.76 778.716 1138.03C778.875 1138.29 779.085 1138.5 779.346 1138.66C779.612 1138.81 779.944 1138.89 780.34 1138.89C780.653 1138.89 780.938 1138.83 781.194 1138.73C781.451 1138.62 781.67 1138.46 781.852 1138.25C782.034 1138.04 782.174 1137.77 782.272 1137.44C782.37 1137.11 782.419 1136.73 782.419 1136.3L783.238 1136.55C783.238 1137.28 783.105 1137.91 782.839 1138.43C782.578 1138.96 782.207 1139.37 781.726 1139.65C781.25 1139.93 780.688 1140.07 780.039 1140.07ZM782.559 1139.88V1137.85H782.419V1132.31H783.672V1139.88H782.559ZM794.669 1139.88L794.676 1135.04C794.676 1134.47 794.525 1134.03 794.221 1133.71C793.923 1133.39 793.533 1133.23 793.052 1133.23C792.772 1133.23 792.506 1133.3 792.254 1133.43C792.002 1133.55 791.797 1133.75 791.638 1134.03C791.48 1134.3 791.4 1134.65 791.4 1135.07L790.742 1134.81C790.733 1134.27 790.843 1133.8 791.071 1133.4C791.305 1132.99 791.622 1132.68 792.023 1132.45C792.425 1132.23 792.877 1132.12 793.381 1132.12C794.17 1132.12 794.791 1132.36 795.243 1132.84C795.696 1133.32 795.922 1133.96 795.922 1134.76L795.915 1139.88H794.669ZM785.625 1139.88V1132.31H786.738V1134.34H786.878V1139.88H785.625ZM790.154 1139.88L790.161 1135.09C790.161 1134.51 790.012 1134.06 789.713 1133.73C789.415 1133.4 789.018 1133.23 788.523 1133.23C788.033 1133.23 787.637 1133.4 787.333 1133.74C787.03 1134.07 786.878 1134.52 786.878 1135.07L786.22 1134.68C786.22 1134.19 786.337 1133.75 786.57 1133.36C786.804 1132.98 787.121 1132.67 787.522 1132.45C787.924 1132.23 788.379 1132.12 788.887 1132.12C789.396 1132.12 789.839 1132.23 790.217 1132.44C790.595 1132.66 790.887 1132.96 791.092 1133.36C791.298 1133.76 791.4 1134.24 791.4 1134.79L791.393 1139.88H790.154ZM254.039 1165.45C253.642 1165.45 253.255 1165.38 252.877 1165.26C252.499 1165.14 252.151 1164.96 251.834 1164.71C251.521 1164.47 251.26 1164.16 251.05 1163.79L252.191 1163.18C252.378 1163.55 252.641 1163.82 252.982 1163.99C253.327 1164.16 253.682 1164.24 254.046 1164.24C254.527 1164.24 254.926 1164.15 255.243 1163.98C255.56 1163.8 255.794 1163.54 255.943 1163.2C256.097 1162.85 256.172 1162.42 256.167 1161.91V1159.84H256.314V1154.31H257.42V1161.92C257.42 1162.13 257.413 1162.33 257.399 1162.52C257.39 1162.71 257.366 1162.9 257.329 1163.09C257.231 1163.62 257.037 1164.06 256.748 1164.41C256.459 1164.76 256.085 1165.02 255.628 1165.19C255.171 1165.36 254.641 1165.45 254.039 1165.45ZM253.948 1162.09C253.243 1162.09 252.639 1161.91 252.135 1161.56C251.631 1161.21 251.241 1160.73 250.966 1160.12C250.695 1159.52 250.56 1158.84 250.56 1158.09C250.56 1157.33 250.695 1156.65 250.966 1156.05C251.241 1155.45 251.631 1154.98 252.135 1154.63C252.639 1154.28 253.241 1154.1 253.941 1154.1C254.655 1154.1 255.255 1154.28 255.74 1154.62C256.225 1154.97 256.592 1155.44 256.839 1156.04C257.091 1156.65 257.217 1157.33 257.217 1158.09C257.217 1158.84 257.091 1159.52 256.839 1160.12C256.592 1160.73 256.225 1161.21 255.74 1161.56C255.255 1161.91 254.657 1162.09 253.948 1162.09ZM254.102 1160.94C254.611 1160.94 255.028 1160.82 255.355 1160.58C255.682 1160.33 255.922 1159.99 256.076 1159.56C256.235 1159.13 256.314 1158.64 256.314 1158.09C256.314 1157.53 256.235 1157.04 256.076 1156.61C255.922 1156.18 255.684 1155.85 255.362 1155.61C255.04 1155.37 254.632 1155.25 254.137 1155.25C253.624 1155.25 253.199 1155.37 252.863 1155.62C252.532 1155.88 252.284 1156.22 252.121 1156.65C251.962 1157.08 251.883 1157.56 251.883 1158.09C251.883 1158.62 251.965 1159.11 252.128 1159.54C252.291 1159.97 252.536 1160.31 252.863 1160.57C253.194 1160.82 253.607 1160.94 254.102 1160.94ZM262.595 1162.09C261.843 1162.09 261.195 1161.91 260.649 1161.57C260.107 1161.23 259.69 1160.76 259.396 1160.16C259.102 1159.56 258.955 1158.87 258.955 1158.09C258.955 1157.29 259.104 1156.6 259.403 1156C259.701 1155.4 260.124 1154.94 260.67 1154.61C261.216 1154.27 261.857 1154.1 262.595 1154.1C263.351 1154.1 264.002 1154.28 264.548 1154.62C265.094 1154.95 265.511 1155.42 265.801 1156.02C266.095 1156.62 266.242 1157.31 266.242 1158.09C266.242 1158.88 266.095 1159.57 265.801 1160.17C265.507 1160.77 265.087 1161.24 264.541 1161.58C263.995 1161.92 263.346 1162.09 262.595 1162.09ZM262.595 1160.9C263.379 1160.9 263.962 1160.64 264.345 1160.12C264.727 1159.6 264.919 1158.92 264.919 1158.09C264.919 1157.23 264.725 1156.55 264.338 1156.05C263.95 1155.54 263.369 1155.29 262.595 1155.29C262.067 1155.29 261.633 1155.41 261.293 1155.64C260.952 1155.88 260.698 1156.21 260.53 1156.63C260.362 1157.05 260.278 1157.54 260.278 1158.09C260.278 1158.94 260.474 1159.62 260.866 1160.13C261.258 1160.65 261.834 1160.9 262.595 1160.9ZM267.923 1152.98V1151.69H269.169V1152.98H267.923ZM267.923 1161.88V1154.31H269.169V1161.88H267.923ZM276.652 1161.88V1158.09C276.652 1157.73 276.619 1157.38 276.554 1157.05C276.493 1156.72 276.384 1156.42 276.225 1156.16C276.071 1155.9 275.861 1155.69 275.595 1155.53C275.334 1155.38 275.002 1155.3 274.601 1155.3C274.288 1155.3 274.004 1155.36 273.747 1155.46C273.495 1155.57 273.278 1155.72 273.096 1155.94C272.914 1156.15 272.772 1156.42 272.669 1156.75C272.571 1157.07 272.522 1157.45 272.522 1157.89L271.703 1157.64C271.703 1156.91 271.834 1156.28 272.095 1155.76C272.361 1155.23 272.732 1154.83 273.208 1154.55C273.689 1154.26 274.253 1154.12 274.902 1154.12C275.392 1154.12 275.81 1154.2 276.155 1154.35C276.5 1154.5 276.787 1154.71 277.016 1154.97C277.245 1155.22 277.424 1155.5 277.555 1155.82C277.686 1156.13 277.777 1156.45 277.828 1156.78C277.884 1157.1 277.912 1157.41 277.912 1157.7V1161.88H276.652ZM271.262 1161.88V1154.31H272.382V1156.34H272.522V1161.88H271.262ZM282.791 1165.45C282.394 1165.45 282.007 1165.38 281.629 1165.26C281.251 1165.14 280.903 1164.96 280.586 1164.71C280.273 1164.47 280.012 1164.16 279.802 1163.79L280.943 1163.18C281.13 1163.55 281.393 1163.82 281.734 1163.99C282.079 1164.16 282.434 1164.24 282.798 1164.24C283.279 1164.24 283.678 1164.15 283.995 1163.98C284.312 1163.8 284.546 1163.54 284.695 1163.2C284.849 1162.85 284.924 1162.42 284.919 1161.91V1159.84H285.066V1154.31H286.172V1161.92C286.172 1162.13 286.165 1162.33 286.151 1162.52C286.142 1162.71 286.118 1162.9 286.081 1163.09C285.983 1163.62 285.789 1164.06 285.5 1164.41C285.211 1164.76 284.837 1165.02 284.38 1165.19C283.923 1165.36 283.393 1165.45 282.791 1165.45ZM282.7 1162.09C281.995 1162.09 281.391 1161.91 280.887 1161.56C280.383 1161.21 279.993 1160.73 279.718 1160.12C279.447 1159.52 279.312 1158.84 279.312 1158.09C279.312 1157.33 279.447 1156.65 279.718 1156.05C279.993 1155.45 280.383 1154.98 280.887 1154.63C281.391 1154.28 281.993 1154.1 282.693 1154.1C283.407 1154.1 284.007 1154.28 284.492 1154.62C284.977 1154.97 285.344 1155.44 285.591 1156.04C285.843 1156.65 285.969 1157.33 285.969 1158.09C285.969 1158.84 285.843 1159.52 285.591 1160.12C285.344 1160.73 284.977 1161.21 284.492 1161.56C284.007 1161.91 283.409 1162.09 282.7 1162.09ZM282.854 1160.94C283.363 1160.94 283.78 1160.82 284.107 1160.58C284.434 1160.33 284.674 1159.99 284.828 1159.56C284.987 1159.13 285.066 1158.64 285.066 1158.09C285.066 1157.53 284.987 1157.04 284.828 1156.61C284.674 1156.18 284.436 1155.85 284.114 1155.61C283.792 1155.37 283.384 1155.25 282.889 1155.25C282.376 1155.25 281.951 1155.37 281.615 1155.62C281.284 1155.88 281.036 1156.22 280.873 1156.65C280.714 1157.08 280.635 1157.56 280.635 1158.09C280.635 1158.62 280.717 1159.11 280.88 1159.54C281.043 1159.97 281.288 1160.31 281.615 1160.57C281.946 1160.82 282.359 1160.94 282.854 1160.94ZM288.35 1161.88V1160.5H289.722V1161.88H288.35Z" fill="#65FADE"/>
</g>
</g>
<path d="M1023.4 1097L1022 1095.6L1027.6 1090L1022 1084.4L1023.4 1083L1029 1088.6L1034.6 1083L1036 1084.4L1030.4 1090L1036 1095.6L1034.6 1097L1029 1091.4L1023.4 1097Z" fill="white"/>
<defs>
<filter id="filter1_f_3768_757" x="873" y="996.5" width="280" height="280" filterUnits="userSpaceOnUse" color-interpolation-filters="sRGB">
<feFlood flood-opacity="0" result="BackgroundImageFix"/>
<feBlend mode="normal" in="SourceGraphic" in2="BackgroundImageFix" result="shape"/>
<feGaussianBlur stdDeviation="30" result="effect1_foregroundBlur_3768_757"/>
</filter>
<filter id="filter2_f_3768_757" x="90" y="985" width="288" height="288" filterUnits="userSpaceOnUse" color-interpolation-filters="sRGB">
<feFlood flood-opacity="0" result="BackgroundImageFix"/>
<feBlend mode="normal" in="SourceGraphic" in2="BackgroundImageFix" result="shape"/>
<feGaussianBlur stdDeviation="40" result="effect1_foregroundBlur_3768_757"/>
</filter>
<clipPath id="clip0_3768_757">
<rect x="218" y="1065" width="843" height="120" rx="32" fill="white"/>
</clipPath>
</defs>
</svg>

